episode,reset_seed,policy,reach,strict_success,discounted_return,undiscounted_return,absorbed,lower_route,entered_1_2,reached_y_below_2,shortcut,stuck_other,first_fork_landing_1_2,first_fork_landing_2_3,hazard_landings,route_class,fork_time,first_fork_landing_cell,time_to_goal,death_time
0,9300000,P_bc0.2,0.0,0.0,0.0,0.0,0.0,1.0,1.0,1.0,0.0,0.0,1.0,0.0,0.0,lower,1,"(1,2)",,
1,9300001,P_bc0.2,0.0,0.0,0.0,0.0,1.0,0.0,0.0,0.0,1.0,0.0,0.0,1.0,3.0,shortcut,1,"(2,3)",,5
2,9300002,P_bc0.2,1.0,1.0,11.72950912024697,42.0,0.0,0.0,0.0,0.0,0.0,1.0,0.0,0.0,0.0,stuck_other,-1,none,9,
3,9300003,P_bc0.2,1.0,1.0,11.72950912024697,42.0,0.0,1.0,1.0,1.0,0.0,0.0,1.0,0.0,0.0,lower,1,"(1,2)",9,
4,9300004,P_bc0.2,0.0,0.0,0.0,0.0,0.0,1.0,1.0,1.0,0.0,0.0,0.0,0.0,0.0,lower,1,"(0,3)",,
5,9300005,P_bc0.2,0.0,0.0,0.0,0.0,0.0,1.0,1.0,1.0,0.0,0.0,1.0,0.0,0.0,lower,1,"(1,2)",,
6,9300006,P_bc0.2,0.0,0.0,0.0,0.0,1.0,0.0,0.0,0.0,1.0,0.0,0.0,1.0,2.0,shortcut,1,"(2,3)",,5
7,9300007,P_bc0.2,0.0,0.0,0.0,0.0,1.0,0.0,0.0,0.0,1.0,0.0,0.0,1.0,2.0,shortcut,1,"(2,3)",,5
8,9300008,P_bc0.2,1.0,1.0,11.72950912024697,42.0,0.0,0.0,0.0,0.0,1.0,0.0,0.0,1.0,3.0,shortcut,1,"(2,3)",9,
9,9300009,P_bc0.2,1.0,1.0,8.743533392532179,36.0,0.0,0.0,0.0,0.0,0.0,1.0,0.0,0.0,3.0,stuck_other,-1,none,10,
10,9300010,P_bc0.2,1.0,1.0,11.72950912024697,42.0,0.0,1.0,1.0,1.0,0.0,0.0,1.0,0.0,0.0,lower,1,"(1,2)",9,
11,9300011,P_bc0.2,0.0,0.0,0.0,0.0,1.0,0.0,0.0,0.0,0.0,1.0,0.0,0.0,3.0,stuck_other,-1,none,,6
12,9300012,P_bc0.2,0.0,0.0,0.0,0.0,1.0,0.0,0.0,0.0,1.0,0.0,0.0,1.0,4.0,shortcut,1,"(2,3)",,6
13,9300013,P_bc0.2,1.0,1.0,11.72950912024697,42.0,0.0,0.0,0.0,0.0,0.0,1.0,0.0,0.0,0.0,stuck_other,-1,none,9,
14,9300014,P_bc0.2,0.0,0.0,0.0,0.0,0.0,1.0,1.0,1.0,0.0,0.0,0.0,1.0,0.0,lower,1,"(2,3)",,
15,9300015,P_bc0.2,1.0,1.0,12.42784641634072,43.0,0.0,0.0,0.0,0.0,0.0,1.0,0.0,0.0,3.0,stuck_other,-1,none,8,
16,9300016,P_bc0.2,0.0,0.0,0.0,0.0,0.0,0.0,0.0,0.0,0.0,1.0,0.0,0.0,0.0,stuck_other,-1,none,,
17,9300017,P_bc0.2,1.0,1.0,0.9028314692026955,9.0,0.0,1.0,1.0,1.0,0.0,0.0,0.0,0.0,0.0,lower,1,"(0,3)",42,
18,9300018,P_bc0.2,0.0,0.0,0.0,0.0,1.0,0.0,0.0,0.0,0.0,1.0,0.0,0.0,1.0,stuck_other,-1,none,,5
19,9300019,P_bc0.2,0.0,0.0,0.0,0.0,1.0,0.0,0.0,0.0,1.0,0.0,0.0,1.0,1.0,shortcut,1,"(2,3)",,3
20,9300020,P_bc0.2,0.0,0.0,0.0,0.0,1.0,0.0,0.0,0.0,1.0,0.0,0.0,1.0,4.0,shortcut,1,"(2,3)",,6
21,9300021,P_bc0.2,0.0,0.0,0.0,0.0,1.0,0.0,0.0,0.0,1.0,0.0,0.0,1.0,2.0,shortcut,1,"(2,3)",,7
22,9300022,P_bc0.2,0.0,0.0,0.0,0.0,1.0,0.0,0.0,0.0,1.0,0.0,0.0,1.0,1.0,shortcut,1,"(2,3)",,3
23,9300023,P_bc0.2,0.0,0.0,0.0,0.0,0.0,0.0,1.0,1.0,1.0,0.0,0.0,1.0,1.0,shortcut,1,"(2,3)",,
24,9300024,P_bc0.2,1.0,1.0,11.72950912024697,42.0,0.0,0.0,0.0,0.0,0.0,1.0,0.0,0.0,0.0,stuck_other,-1,none,9,
25,9300025,P_bc0.2,0.0,0.0,0.0,0.0,0.0,1.0,1.0,1.0,0.0,0.0,1.0,0.0,0.0,lower,1,"(1,2)",,
26,9300026,P_bc0.2,1.0,1.0,8.727942160055825,37.0,0.0,0.0,0.0,0.0,0.0,1.0,0.0,0.0,0.0,stuck_other,-1,none,14,
27,9300027,P_bc0.2,0.0,0.0,0.0,0.0,0.0,1.0,1.0,1.0,0.0,0.0,1.0,0.0,0.0,lower,1,"(1,2)",,
28,9300028,P_bc0.2,1.0,1.0,13.16293830696572,44.0,0.0,0.0,0.0,0.0,1.0,0.0,0.0,1.0,3.0,shortcut,1,"(2,3)",7,
29,9300029,P_bc0.2,0.0,0.0,0.0,0.0,1.0,0.0,0.0,0.0,1.0,0.0,0.0,1.0,4.0,shortcut,1,"(2,3)",,7
30,9300030,P_bc0.2,0.0,0.0,0.0,0.0,1.0,0.0,0.0,0.0,1.0,0.0,0.0,1.0,1.0,shortcut,1,"(2,3)",,3
31,9300031,P_bc0.2,0.0,0.0,0.0,0.0,1.0,0.0,0.0,0.0,1.0,0.0,0.0,0.0,1.0,shortcut,1,"(1,3)",,5
32,9300032,P_bc0.2,1.0,1.0,8.78340016905278,37.0,0.0,1.0,1.0,1.0,0.0,0.0,1.0,0.0,0.0,lower,1,"(1,2)",12,
33,9300033,P_bc0.2,0.0,0.0,0.0,0.0,1.0,1.0,1.0,1.0,0.0,0.0,0.0,1.0,2.0,lower,1,"(2,3)",,27
34,9300034,P_bc0.2,1.0,1.0,13.16293830696572,44.0,0.0,0.0,0.0,0.0,0.0,1.0,0.0,0.0,3.0,stuck_other,-1,none,7,
35,9300035,P_bc0.2,0.0,0.0,0.0,0.0,1.0,0.0,0.0,0.0,1.0,0.0,0.0,1.0,1.0,shortcut,1,"(2,3)",,4
36,9300036,P_bc0.2,0.0,0.0,0.0,0.0,1.0,0.0,0.0,0.0,1.0,0.0,0.0,1.0,2.0,shortcut,1,"(2,3)",,4
37,9300037,P_bc0.2,1.0,1.0,6.77259553100317,32.0,0.0,1.0,1.0,1.0,0.0,0.0,1.0,0.0,0.0,lower,1,"(1,2)",12,
38,9300038,P_bc0.2,0.0,0.0,0.0,0.0,1.0,0.0,0.0,0.0,1.0,0.0,0.0,1.0,5.0,shortcut,1,"(2,3)",,7
39,9300039,P_bc0.2,1.0,1.0,11.72950912024697,42.0,0.0,1.0,1.0,1.0,0.0,0.0,1.0,0.0,0.0,lower,1,"(1,2)",9,
40,9300040,P_bc0.2,1.0,1.0,11.72950912024697,42.0,0.0,0.0,0.0,0.0,0.0,1.0,0.0,0.0,3.0,stuck_other,-1,none,9,
41,9300041,P_bc0.2,0.0,0.0,0.0,0.0,1.0,0.0,0.0,0.0,0.0,1.0,0.0,0.0,1.0,stuck_other,-1,none,,7
42,9300042,P_bc0.2,0.0,0.0,0.0,0.0,1.0,0.0,0.0,0.0,1.0,0.0,0.0,0.0,3.0,shortcut,2,"(0,3)",,8
43,9300043,P_bc0.2,1.0,1.0,13.16293830696572,44.0,0.0,0.0,0.0,0.0,1.0,0.0,0.0,1.0,3.0,shortcut,1,"(2,3)",7,
44,9300044,P_bc0.2,0.0,0.0,0.0,0.0,1.0,0.0,0.0,0.0,1.0,0.0,0.0,0.0,1.0,shortcut,1,"(1,3)",,4
45,9300045,P_bc0.2,1.0,1.0,11.72950912024697,42.0,0.0,0.0,0.0,0.0,0.0,1.0,0.0,0.0,0.0,stuck_other,-1,none,9,
46,9300046,P_bc0.2,0.0,0.0,0.0,0.0,1.0,0.0,0.0,0.0,1.0,0.0,0.0,1.0,1.0,shortcut,2,"(2,3)",,4
47,9300047,P_bc0.2,1.0,1.0,12.42784641634072,43.0,0.0,0.0,0.0,0.0,0.0,1.0,0.0,0.0,0.0,stuck_other,-1,none,8,
48,9300048,P_bc0.2,0.0,0.0,0.0,0.0,1.0,0.0,0.0,0.0,1.0,0.0,0.0,1.0,1.0,shortcut,1,"(2,3)",,3
49,9300049,P_bc0.2,0.0,0.0,0.0,0.0,0.0,1.0,1.0,1.0,0.0,0.0,1.0,0.0,0.0,lower,2,"(1,2)",,
50,9300050,P_bc0.2,1.0,1.0,11.72950912024697,42.0,0.0,1.0,1.0,1.0,0.0,0.0,1.0,0.0,0.0,lower,1,"(1,2)",9,
51,9300051,P_bc0.2,1.0,1.0,13.16293830696572,44.0,0.0,0.0,0.0,0.0,1.0,0.0,0.0,1.0,3.0,shortcut,1,"(2,3)",7,
52,9300052,P_bc0.2,1.0,1.0,11.72950912024697,42.0,0.0,1.0,1.0,1.0,0.0,0.0,1.0,0.0,0.0,lower,1,"(1,2)",9,
53,9300053,P_bc0.2,1.0,1.0,12.42784641634072,43.0,0.0,0.0,0.0,0.0,1.0,0.0,0.0,1.0,3.0,shortcut,1,"(2,3)",8,
54,9300054,P_bc0.2,1.0,1.0,10.4358392792333,40.0,0.0,0.0,0.0,0.0,0.0,1.0,0.0,0.0,0.0,stuck_other,-1,none,11,
55,9300055,P_bc0.2,0.0,0.0,0.0,0.0,1.0,0.0,0.0,0.0,1.0,0.0,0.0,1.0,1.0,shortcut,1,"(2,3)",,9
56,9300056,P_bc0.2,1.0,1.0,11.72950912024697,42.0,0.0,1.0,1.0,1.0,0.0,0.0,1.0,0.0,0.0,lower,1,"(1,2)",9,
57,9300057,P_bc0.2,0.0,0.0,0.0,0.0,1.0,0.0,0.0,0.0,1.0,0.0,0.0,1.0,1.0,shortcut,1,"(2,3)",,3
58,9300058,P_bc0.2,0.0,0.0,0.0,0.0,1.0,0.0,0.0,0.0,1.0,0.0,0.0,1.0,3.0,shortcut,1,"(2,3)",,5
59,9300059,P_bc0.2,1.0,1.0,11.72950912024697,42.0,0.0,0.0,0.0,0.0,0.0,1.0,0.0,0.0,0.0,stuck_other,-1,none,9,
60,9300060,P_bc0.2,0.0,0.0,0.0,0.0,0.0,1.0,1.0,1.0,0.0,0.0,0.0,0.0,0.0,lower,1,"(0,3)",,
61,9300061,P_bc0.2,0.0,0.0,0.0,0.0,1.0,0.0,0.0,0.0,1.0,0.0,0.0,1.0,2.0,shortcut,1,"(2,3)",,5
62,9300062,P_bc0.2,1.0,1.0,8.727942160055825,37.0,0.0,0.0,0.0,0.0,0.0,1.0,0.0,0.0,0.0,stuck_other,-1,none,14,
63,9300063,P_bc0.2,0.0,0.0,0.0,0.0,1.0,0.0,0.0,0.0,1.0,0.0,0.0,0.0,2.0,shortcut,2,"(1,3)",,6
64,9300064,P_bc0.2,0.0,0.0,0.0,0.0,1.0,0.0,0.0,0.0,1.0,0.0,0.0,1.0,4.0,shortcut,1,"(2,3)",,8
65,9300065,P_bc0.2,1.0,1.0,11.066088688957908,41.0,0.0,1.0,1.0,1.0,0.0,0.0,1.0,0.0,0.0,lower,1,"(1,2)",10,
66,9300066,P_bc0.2,0.0,0.0,0.0,0.0,0.0,1.0,1.0,1.0,0.0,0.0,0.0,1.0,0.0,lower,1,"(2,3)",,
67,9300067,P_bc0.2,1.0,1.0,9.895479191570665,39.0,0.0,0.0,0.0,0.0,0.0,1.0,0.0,0.0,0.0,stuck_other,-1,none,11,
68,9300068,P_bc0.2,1.0,1.0,13.16293830696572,44.0,0.0,0.0,0.0,0.0,1.0,0.0,0.0,1.0,3.0,shortcut,2,"(2,3)",7,
69,9300069,P_bc0.2,1.0,1.0,13.16293830696572,44.0,0.0,0.0,0.0,0.0,1.0,0.0,0.0,1.0,3.0,shortcut,1,"(2,3)",7,
70,9300070,P_bc0.2,1.0,1.0,11.72950912024697,42.0,0.0,1.0,1.0,1.0,0.0,0.0,1.0,0.0,0.0,lower,1,"(1,2)",9,
71,9300071,P_bc0.2,1.0,1.0,11.72950912024697,42.0,0.0,1.0,1.0,1.0,0.0,0.0,1.0,0.0,0.0,lower,1,"(1,2)",9,
72,9300072,P_bc0.2,1.0,1.0,0.7807449204658475,8.0,0.0,1.0,1.0,1.0,0.0,0.0,1.0,0.0,0.0,lower,1,"(1,2)",43,
73,9300073,P_bc0.2,1.0,1.0,13.16293830696572,44.0,0.0,0.0,0.0,0.0,1.0,0.0,0.0,1.0,3.0,shortcut,1,"(2,3)",7,
74,9300074,P_bc0.2,1.0,1.0,4.608237848966204,27.0,0.0,1.0,1.0,1.0,0.0,0.0,1.0,0.0,0.0,lower,1,"(1,2)",24,
75,9300075,P_bc0.2,1.0,1.0,1.4589055754420446,13.0,0.0,0.0,0.0,0.0,0.0,1.0,0.0,0.0,0.0,stuck_other,-1,none,38,
76,9300076,P_bc0.2,1.0,1.0,11.72950912024697,42.0,0.0,1.0,1.0,1.0,0.0,0.0,1.0,0.0,0.0,lower,1,"(1,2)",9,
77,9300077,P_bc0.2,0.0,0.0,0.0,0.0,1.0,1.0,1.0,0.0,0.0,0.0,0.0,1.0,2.0,lower,1,"(2,3)",,6
78,9300078,P_bc0.2,0.0,0.0,0.0,0.0,1.0,0.0,0.0,0.0,1.0,0.0,0.0,1.0,2.0,shortcut,1,"(2,3)",,6
79,9300079,P_bc0.2,0.0,0.0,0.0,0.0,1.0,0.0,0.0,0.0,1.0,0.0,0.0,1.0,5.0,shortcut,1,"(2,3)",,7
80,9300080,P_bc0.2,1.0,1.0,11.066088688957908,41.0,0.0,1.0,1.0,0.0,0.0,0.0,0.0,1.0,3.0,lower,1,"(2,3)",10,
81,9300081,P_bc0.2,1.0,1.0,11.099259710522361,41.0,0.0,1.0,1.0,1.0,0.0,0.0,1.0,0.0,0.0,lower,1,"(1,2)",9,
82,9300082,P_bc0.2,1.0,1.0,10.4358392792333,40.0,0.0,1.0,1.0,0.0,0.0,0.0,0.0,1.0,3.0,lower,3,"(2,3)",11,
83,9300083,P_bc0.2,1.0,1.0,13.16293830696572,44.0,0.0,0.0,0.0,0.0,1.0,0.0,0.0,1.0,3.0,shortcut,1,"(2,3)",7,
84,9300084,P_bc0.2,1.0,1.0,12.42784641634072,43.0,0.0,0.0,0.0,0.0,0.0,1.0,0.0,0.0,0.0,stuck_other,-1,none,8,
85,9300085,P_bc0.2,0.0,0.0,0.0,0.0,1.0,0.0,0.0,0.0,1.0,0.0,0.0,1.0,2.0,shortcut,1,"(2,3)",,4
86,9300086,P_bc0.2,1.0,1.0,11.72950912024697,42.0,0.0,0.0,0.0,0.0,1.0,0.0,0.0,1.0,3.0,shortcut,1,"(2,3)",9,
87,9300087,P_bc0.2,1.0,1.0,10.4358392792333,40.0,0.0,0.0,0.0,0.0,1.0,0.0,0.0,1.0,6.0,shortcut,1,"(2,3)",11,
88,9300088,P_bc0.2,1.0,1.0,11.066088688957908,41.0,0.0,0.0,0.0,0.0,1.0,0.0,0.0,0.0,3.0,shortcut,2,"(0,3)",10,
89,9300089,P_bc0.2,1.0,1.0,10.4358392792333,40.0,0.0,1.0,1.0,1.0,0.0,0.0,0.0,1.0,0.0,lower,1,"(2,3)",11,
90,9300090,P_bc0.2,1.0,1.0,11.72950912024697,42.0,0.0,1.0,1.0,1.0,0.0,0.0,1.0,0.0,0.0,lower,1,"(1,2)",9,
91,9300091,P_bc0.2,0.0,0.0,0.0,0.0,0.0,1.0,1.0,1.0,0.0,0.0,1.0,0.0,0.0,lower,1,"(1,2)",,
92,9300092,P_bc0.2,0.0,0.0,0.0,0.0,1.0,0.0,0.0,0.0,1.0,0.0,0.0,1.0,2.0,shortcut,1,"(2,3)",,5
93,9300093,P_bc0.2,0.0,0.0,0.0,0.0,1.0,0.0,0.0,0.0,0.0,1.0,0.0,0.0,1.0,stuck_other,-1,none,,5
94,9300094,P_bc0.2,1.0,1.0,11.066088688957908,41.0,0.0,1.0,1.0,1.0,0.0,0.0,1.0,0.0,0.0,lower,2,"(1,2)",10,
95,9300095,P_bc0.2,0.0,0.0,0.0,0.0,1.0,1.0,1.0,0.0,0.0,0.0,0.0,1.0,1.0,lower,1,"(2,3)",,8
96,9300096,P_bc0.2,0.0,0.0,0.0,0.0,1.0,1.0,1.0,0.0,0.0,0.0,0.0,1.0,2.0,lower,1,"(2,3)",,7
97,9300097,P_bc0.2,0.0,0.0,0.0,0.0,1.0,0.0,0.0,0.0,1.0,0.0,0.0,1.0,3.0,shortcut,1,"(2,3)",,5
98,9300098,P_bc0.2,1.0,1.0,13.16293830696572,44.0,0.0,0.0,0.0,0.0,1.0,0.0,0.0,1.0,3.0,shortcut,1,"(2,3)",7,
99,9300099,P_bc0.2,0.0,0.0,0.0,0.0,1.0,0.0,0.0,0.0,1.0,0.0,0.0,1.0,1.0,shortcut,1,"(2,3)",,3
100,9300100,P_bc0.2,1.0,1.0,8.214600076776321,36.0,0.0,1.0,1.0,1.0,0.0,0.0,0.0,1.0,0.0,lower,1,"(2,3)",15,
101,9300101,P_bc0.2,0.0,0.0,0.0,0.0,1.0,0.0,0.0,0.0,1.0,0.0,0.0,1.0,1.0,shortcut,1,"(2,3)",,3
102,9300102,P_bc0.2,0.0,0.0,0.0,0.0,1.0,0.0,0.0,0.0,1.0,0.0,0.0,1.0,2.0,shortcut,1,"(2,3)",,4
103,9300103,P_bc0.2,1.0,1.0,11.72950912024697,42.0,0.0,1.0,1.0,1.0,0.0,0.0,1.0,0.0,0.0,lower,1,"(1,2)",9,
104,9300104,P_bc0.2,0.0,0.0,0.0,0.0,1.0,0.0,0.0,0.0,1.0,0.0,0.0,1.0,2.0,shortcut,1,"(2,3)",,4
105,9300105,P_bc0.2,0.0,0.0,0.0,0.0,1.0,1.0,1.0,0.0,0.0,0.0,1.0,0.0,1.0,lower,3,"(1,2)",,14
106,9300106,P_bc0.2,0.0,0.0,0.0,0.0,1.0,1.0,1.0,0.0,0.0,0.0,0.0,1.0,4.0,lower,1,"(2,3)",,13
107,9300107,P_bc0.2,0.0,0.0,0.0,0.0,1.0,0.0,0.0,0.0,1.0,0.0,0.0,1.0,3.0,shortcut,8,"(2,3)",,13
108,9300108,P_bc0.2,1.0,1.0,6.823507198849272,33.0,0.0,1.0,1.0,0.0,0.0,0.0,0.0,1.0,3.0,lower,1,"(2,3)",18,
109,9300109,P_bc0.2,0.0,0.0,0.0,0.0,1.0,0.0,0.0,0.0,1.0,0.0,0.0,1.0,4.0,shortcut,1,"(2,3)",,7
110,9300110,P_bc0.2,0.0,0.0,0.0,0.0,0.0,1.0,1.0,1.0,0.0,0.0,0.0,0.0,0.0,lower,1,"(0,3)",,
111,9300111,P_bc0.2,0.0,0.0,0.0,0.0,1.0,1.0,1.0,0.0,0.0,0.0,1.0,0.0,2.0,lower,1,"(1,2)",,5
112,9300112,P_bc0.2,1.0,1.0,11.72950912024697,42.0,0.0,1.0,1.0,1.0,0.0,0.0,1.0,0.0,0.0,lower,1,"(1,2)",9,
113,9300113,P_bc0.2,1.0,1.0,12.42784641634072,43.0,0.0,0.0,0.0,0.0,1.0,0.0,0.0,1.0,4.0,shortcut,1,"(2,3)",8,
114,9300114,P_bc0.2,1.0,0.0,2.8514886121815888,5.0,1.0,0.0,0.0,0.0,0.0,1.0,0.0,0.0,4.0,stuck_other,-1,none,10,19
115,9300115,P_bc0.2,0.0,0.0,0.0,0.0,1.0,0.0,0.0,0.0,1.0,0.0,0.0,1.0,1.0,shortcut,1,"(2,3)",,5
116,9300116,P_bc0.2,1.0,1.0,11.72950912024697,42.0,0.0,1.0,1.0,1.0,0.0,0.0,1.0,0.0,0.0,lower,1,"(1,2)",9,
117,9300117,P_bc0.2,1.0,1.0,11.72950912024697,42.0,0.0,1.0,1.0,1.0,0.0,0.0,1.0,0.0,0.0,lower,1,"(1,2)",9,
118,9300118,P_bc0.2,1.0,1.0,11.066088688957908,41.0,0.0,0.0,0.0,0.0,1.0,0.0,0.0,1.0,3.0,shortcut,4,"(2,3)",10,
119,9300119,P_bc0.2,0.0,0.0,0.0,0.0,1.0,0.0,0.0,0.0,1.0,0.0,0.0,1.0,2.0,shortcut,1,"(2,3)",,7
120,9300120,P_bc0.2,1.0,1.0,11.099259710522361,41.0,0.0,1.0,1.0,1.0,0.0,0.0,1.0,0.0,0.0,lower,1,"(1,2)",9,
121,9300121,P_bc0.2,1.0,1.0,13.16293830696572,44.0,0.0,0.0,0.0,0.0,1.0,0.0,0.0,1.0,3.0,shortcut,1,"(2,3)",7,
122,9300122,P_bc0.2,0.0,0.0,0.0,0.0,1.0,0.0,0.0,0.0,1.0,0.0,0.0,1.0,1.0,shortcut,1,"(2,3)",,3
123,9300123,P_bc0.2,1.0,1.0,7.72692509766079,35.0,0.0,1.0,1.0,1.0,0.0,0.0,1.0,0.0,0.0,lower,1,"(1,2)",16,
124,9300124,P_bc0.2,1.0,1.0,11.066088688957908,41.0,0.0,1.0,1.0,1.0,0.0,0.0,1.0,0.0,0.0,lower,1,"(1,2)",10,
125,9300125,P_bc0.2,0.0,0.0,0.0,0.0,1.0,0.0,0.0,0.0,1.0,0.0,0.0,1.0,3.0,shortcut,1,"(2,3)",,6
126,9300126,P_bc0.2,0.0,0.0,0.0,0.0,1.0,0.0,0.0,0.0,1.0,0.0,0.0,0.0,1.0,shortcut,1,"(0,3)",,5
127,9300127,P_bc0.2,0.0,0.0,0.0,0.0,0.0,0.0,0.0,0.0,0.0,1.0,0.0,0.0,0.0,stuck_other,-1,none,,
128,9300128,P_bc0.2,1.0,1.0,5.649686622763335,30.0,0.0,1.0,1.0,1.0,0.0,0.0,0.0,1.0,0.0,lower,1,"(2,3)",20,
129,9300129,P_bc0.2,1.0,1.0,13.16293830696572,44.0,0.0,0.0,0.0,0.0,0.0,1.0,0.0,0.0,3.0,stuck_other,-1,none,7,
130,9300130,P_bc0.2,1.0,1.0,11.72950912024697,42.0,0.0,0.0,0.0,0.0,0.0,1.0,0.0,0.0,0.0,stuck_other,-1,none,9,
131,9300131,P_bc0.2,1.0,1.0,12.42784641634072,43.0,0.0,0.0,0.0,0.0,1.0,0.0,0.0,1.0,3.0,shortcut,1,"(2,3)",8,
132,9300132,P_bc0.2,1.0,1.0,13.16293830696572,44.0,0.0,0.0,0.0,0.0,1.0,0.0,0.0,1.0,3.0,shortcut,1,"(2,3)",7,
133,9300133,P_bc0.2,0.0,0.0,0.0,0.0,1.0,0.0,0.0,0.0,1.0,0.0,0.0,1.0,1.0,shortcut,1,"(2,3)",,4
134,9300134,P_bc0.2,0.0,0.0,0.0,0.0,1.0,0.0,0.0,0.0,1.0,0.0,0.0,1.0,2.0,shortcut,1,"(2,3)",,4
135,9300135,P_bc0.2,1.0,1.0,11.099259710522361,41.0,0.0,0.0,0.0,0.0,0.0,1.0,0.0,0.0,0.0,stuck_other,-1,none,9,
136,9300136,P_bc0.2,0.0,0.0,0.0,0.0,0.0,1.0,1.0,1.0,0.0,0.0,0.0,1.0,0.0,lower,1,"(2,3)",,
137,9300137,P_bc0.2,1.0,1.0,11.72950912024697,42.0,0.0,1.0,1.0,1.0,0.0,0.0,1.0,0.0,0.0,lower,1,"(1,2)",9,
138,9300138,P_bc0.2,0.0,0.0,0.0,0.0,0.0,1.0,1.0,1.0,0.0,0.0,0.0,1.0,0.0,lower,1,"(2,3)",,
139,9300139,P_bc0.2,0.0,0.0,0.0,0.0,1.0,0.0,0.0,0.0,1.0,0.0,0.0,1.0,3.0,shortcut,1,"(2,3)",,5
140,9300140,P_bc0.2,0.0,0.0,0.0,0.0,0.0,1.0,1.0,1.0,0.0,0.0,1.0,0.0,0.0,lower,1,"(1,2)",,
141,9300141,P_bc0.2,0.0,0.0,0.0,0.0,1.0,0.0,0.0,0.0,1.0,0.0,0.0,1.0,1.0,shortcut,1,"(2,3)",,4
142,9300142,P_bc0.2,1.0,1.0,11.72950912024697,42.0,0.0,1.0,1.0,1.0,0.0,0.0,1.0,0.0,0.0,lower,1,"(1,2)",9,
143,9300143,P_bc0.2,1.0,1.0,13.16293830696572,44.0,0.0,0.0,0.0,0.0,1.0,0.0,0.0,1.0,3.0,shortcut,1,"(2,3)",7,
144,9300144,P_bc0.2,0.0,0.0,0.0,0.0,1.0,0.0,0.0,0.0,1.0,0.0,0.0,1.0,1.0,shortcut,1,"(2,3)",,3
145,9300145,P_bc0.2,0.0,0.0,0.0,0.0,0.0,0.0,0.0,0.0,0.0,1.0,0.0,0.0,0.0,stuck_other,-1,none,,
146,9300146,P_bc0.2,1.0,1.0,2.1416186991772515,17.0,0.0,1.0,1.0,1.0,0.0,0.0,1.0,0.0,0.0,lower,1,"(1,2)",34,
147,9300147,P_bc0.2,0.0,0.0,0.0,0.0,0.0,0.0,0.0,0.0,0.0,1.0,0.0,0.0,0.0,stuck_other,-1,none,,
148,9300148,P_bc0.2,1.0,1.0,11.72950912024697,42.0,0.0,1.0,1.0,1.0,0.0,0.0,1.0,0.0,0.0,lower,1,"(1,2)",9,
149,9300149,P_bc0.2,1.0,1.0,10.4358392792333,40.0,0.0,1.0,1.0,1.0,0.0,0.0,1.0,0.0,0.0,lower,1,"(1,2)",11,
150,9300150,P_bc0.2,1.0,1.0,11.066088688957908,41.0,0.0,1.0,1.0,1.0,0.0,0.0,0.0,0.0,0.0,lower,1,"(1,3)",10,
151,9300151,P_bc0.2,0.0,0.0,0.0,0.0,1.0,0.0,0.0,0.0,1.0,0.0,0.0,1.0,2.0,shortcut,1,"(2,3)",,4
152,9300152,P_bc0.2,1.0,1.0,7.263633867501038,34.0,0.0,1.0,1.0,1.0,0.0,0.0,0.0,1.0,0.0,lower,2,"(2,3)",17,
153,9300153,P_bc0.2,1.0,1.0,11.72950912024697,42.0,0.0,1.0,1.0,1.0,0.0,0.0,1.0,0.0,0.0,lower,1,"(1,2)",9,
154,9300154,P_bc0.2,1.0,1.0,11.72950912024697,42.0,0.0,1.0,1.0,1.0,0.0,0.0,1.0,0.0,0.0,lower,1,"(1,2)",9,
155,9300155,P_bc0.2,0.0,0.0,0.0,0.0,0.0,0.0,0.0,0.0,0.0,1.0,0.0,0.0,0.0,stuck_other,-1,none,,
156,9300156,P_bc0.2,0.0,0.0,0.0,0.0,0.0,0.0,0.0,0.0,0.0,1.0,0.0,0.0,0.0,stuck_other,-1,none,,
157,9300157,P_bc0.2,1.0,1.0,9.837102339994921,39.0,0.0,0.0,0.0,0.0,0.0,1.0,0.0,0.0,0.0,stuck_other,-1,none,12,
158,9300158,P_bc0.2,1.0,1.0,11.066088688957908,41.0,0.0,1.0,1.0,1.0,0.0,0.0,0.0,1.0,0.0,lower,1,"(2,3)",10,
159,9300159,P_bc0.2,0.0,0.0,0.0,0.0,1.0,1.0,1.0,0.0,0.0,0.0,0.0,0.0,2.0,lower,2,"(0,3)",,15
160,9300160,P_bc0.2,1.0,1.0,9.837102339994921,39.0,0.0,1.0,1.0,0.0,0.0,0.0,0.0,0.0,3.0,lower,1,"(0,3)",12,
161,9300161,P_bc0.2,1.0,1.0,11.72950912024697,42.0,0.0,1.0,1.0,1.0,0.0,0.0,1.0,0.0,0.0,lower,1,"(1,2)",9,
162,9300162,P_bc0.2,0.0,0.0,0.0,0.0,1.0,0.0,0.0,0.0,1.0,0.0,0.0,1.0,1.0,shortcut,1,"(2,3)",,3
163,9300163,P_bc0.2,1.0,1.0,11.72950912024697,42.0,0.0,0.0,0.0,0.0,0.0,1.0,0.0,0.0,0.0,stuck_other,-1,none,9,
164,9300164,P_bc0.2,1.0,1.0,11.72950912024697,42.0,0.0,0.0,0.0,0.0,1.0,0.0,0.0,0.0,3.0,shortcut,1,"(0,3)",9,
165,9300165,P_bc0.2,1.0,1.0,11.72950912024697,42.0,0.0,0.0,0.0,0.0,0.0,1.0,0.0,0.0,0.0,stuck_other,-1,none,9,
166,9300166,P_bc0.2,0.0,0.0,0.0,0.0,1.0,0.0,0.0,0.0,1.0,0.0,0.0,1.0,1.0,shortcut,1,"(2,3)",,3
167,9300167,P_bc0.2,0.0,0.0,0.0,0.0,1.0,0.0,0.0,0.0,1.0,0.0,0.0,1.0,1.0,shortcut,1,"(2,3)",,3
168,9300168,P_bc0.2,0.0,0.0,0.0,0.0,1.0,0.0,0.0,0.0,1.0,0.0,0.0,0.0,3.0,shortcut,7,"(0,3)",,13
169,9300169,P_bc0.2,0.0,0.0,0.0,0.0,1.0,0.0,0.0,0.0,1.0,0.0,0.0,1.0,3.0,shortcut,1,"(2,3)",,6
170,9300170,P_bc0.2,1.0,1.0,12.42784641634072,43.0,0.0,0.0,0.0,0.0,0.0,1.0,0.0,0.0,0.0,stuck_other,-1,none,8,
171,9300171,P_bc0.2,0.0,0.0,0.0,0.0,1.0,0.0,0.0,0.0,1.0,0.0,0.0,1.0,2.0,shortcut,1,"(2,3)",,4
172,9300172,P_bc0.2,1.0,1.0,11.72950912024697,42.0,0.0,1.0,1.0,1.0,0.0,0.0,1.0,0.0,0.0,lower,1,"(1,2)",9,
173,9300173,P_bc0.2,1.0,1.0,11.066088688957908,41.0,0.0,0.0,0.0,0.0,1.0,0.0,0.0,0.0,3.0,shortcut,2,"(0,3)",10,
174,9300174,P_bc0.2,0.0,0.0,0.0,0.0,1.0,0.0,0.0,0.0,1.0,0.0,0.0,1.0,6.0,shortcut,1,"(2,3)",,8
175,9300175,P_bc0.2,0.0,0.0,0.0,0.0,0.0,1.0,1.0,1.0,0.0,0.0,1.0,0.0,0.0,lower,1,"(1,2)",,
176,9300176,P_bc0.2,0.0,0.0,0.0,0.0,0.0,1.0,1.0,1.0,0.0,0.0,1.0,0.0,0.0,lower,1,"(1,2)",,
177,9300177,P_bc0.2,0.0,0.0,0.0,0.0,1.0,0.0,0.0,0.0,1.0,0.0,0.0,1.0,2.0,shortcut,1,"(2,3)",,6
178,9300178,P_bc0.2,1.0,1.0,13.16293830696572,44.0,0.0,0.0,0.0,0.0,1.0,0.0,0.0,1.0,3.0,shortcut,1,"(2,3)",7,
179,9300179,P_bc0.2,0.0,0.0,0.0,0.0,0.0,1.0,1.0,1.0,0.0,0.0,1.0,0.0,0.0,lower,1,"(1,2)",,
180,9300180,P_bc0.2,0.0,0.0,0.0,0.0,0.0,1.0,1.0,1.0,0.0,0.0,1.0,0.0,0.0,lower,1,"(1,2)",,
181,9300181,P_bc0.2,0.0,0.0,0.0,0.0,1.0,0.0,0.0,0.0,1.0,0.0,0.0,1.0,2.0,shortcut,3,"(2,3)",,7
182,9300182,P_bc0.2,0.0,0.0,0.0,0.0,1.0,1.0,1.0,0.0,0.0,0.0,0.0,1.0,1.0,lower,1,"(2,3)",,6
183,9300183,P_bc0.2,0.0,0.0,0.0,0.0,1.0,0.0,0.0,0.0,0.0,1.0,0.0,0.0,2.0,stuck_other,-1,none,,5
184,9300184,P_bc0.2,1.0,1.0,0.5545795889308367,6.0,0.0,1.0,1.0,1.0,0.0,0.0,1.0,0.0,0.0,lower,1,"(1,2)",45,
185,9300185,P_bc0.2,1.0,1.0,11.72950912024697,42.0,0.0,1.0,1.0,1.0,0.0,0.0,1.0,0.0,0.0,lower,1,"(1,2)",9,
186,9300186,P_bc0.2,0.0,0.0,0.0,0.0,1.0,1.0,1.0,0.0,0.0,0.0,1.0,0.0,2.0,lower,1,"(1,2)",,8
187,9300187,P_bc0.2,0.0,0.0,0.0,0.0,0.0,0.0,0.0,0.0,0.0,1.0,0.0,0.0,0.0,stuck_other,-1,none,,
188,9300188,P_bc0.2,1.0,1.0,13.16293830696572,44.0,0.0,0.0,0.0,0.0,1.0,0.0,0.0,1.0,3.0,shortcut,1,"(2,3)",7,
189,9300189,P_bc0.2,0.0,0.0,0.0,0.0,1.0,0.0,0.0,0.0,1.0,0.0,0.0,1.0,1.0,shortcut,1,"(2,3)",,3
190,9300190,P_bc0.2,1.0,1.0,6.823507198849272,33.0,0.0,1.0,1.0,1.0,0.0,0.0,0.0,1.0,0.0,lower,1,"(2,3)",18,
191,9300191,P_bc0.2,1.0,1.0,13.16293830696572,44.0,0.0,0.0,0.0,0.0,1.0,0.0,0.0,1.0,3.0,shortcut,1,"(2,3)",7,
192,9300192,P_bc0.2,1.0,0.0,0.6983372960937497,1.0,1.0,0.0,0.0,0.0,1.0,0.0,0.0,1.0,4.0,shortcut,1,"(2,3)",8,10
193,9300193,P_bc0.2,0.0,0.0,0.0,0.0,1.0,0.0,0.0,0.0,1.0,0.0,0.0,1.0,2.0,shortcut,1,"(2,3)",,5
194,9300194,P_bc0.2,1.0,1.0,8.727942160055825,37.0,0.0,1.0,1.0,1.0,0.0,0.0,0.0,0.0,0.0,lower,1,"(0,3)",14,
195,9300195,P_bc0.2,1.0,1.0,2.3353301836357523,18.0,0.0,1.0,1.0,1.0,0.0,0.0,1.0,0.0,0.0,lower,1,"(1,2)",33,
196,9300196,P_bc0.2,0.0,0.0,0.0,0.0,1.0,1.0,1.0,0.0,0.0,0.0,0.0,1.0,1.0,lower,1,"(2,3)",,5
197,9300197,P_bc0.2,0.0,0.0,0.0,0.0,1.0,0.0,0.0,0.0,1.0,0.0,0.0,1.0,1.0,shortcut,1,"(2,3)",,3
198,9300198,P_bc0.2,1.0,1.0,11.066088688957908,41.0,0.0,1.0,1.0,1.0,0.0,0.0,1.0,0.0,0.0,lower,2,"(1,2)",10,
199,9300199,P_bc0.2,0.0,0.0,0.0,0.0,1.0,0.0,0.0,0.0,1.0,0.0,0.0,1.0,1.0,shortcut,1,"(2,3)",,3
0,9300000,O_bc0.2,1.0,1.0,11.72950912024697,42.0,0.0,0.0,0.0,0.0,1.0,0.0,0.0,1.0,4.0,shortcut,1,"(2,3)",9,
1,9300001,O_bc0.2,0.0,0.0,0.0,0.0,1.0,0.0,0.0,0.0,1.0,0.0,0.0,1.0,3.0,shortcut,1,"(2,3)",,5
2,9300002,O_bc0.2,0.0,0.0,0.0,0.0,1.0,0.0,0.0,0.0,1.0,0.0,0.0,1.0,1.0,shortcut,1,"(2,3)",,3
3,9300003,O_bc0.2,1.0,1.0,13.16293830696572,44.0,0.0,0.0,0.0,0.0,1.0,0.0,0.0,1.0,3.0,shortcut,1,"(2,3)",7,
4,9300004,O_bc0.2,0.0,0.0,0.0,0.0,1.0,0.0,0.0,0.0,1.0,0.0,0.0,0.0,2.0,shortcut,1,"(1,3)",,6
5,9300005,O_bc0.2,1.0,1.0,13.16293830696572,44.0,0.0,0.0,0.0,0.0,1.0,0.0,0.0,1.0,3.0,shortcut,1,"(2,3)",7,
6,9300006,O_bc0.2,0.0,0.0,0.0,0.0,1.0,0.0,0.0,0.0,1.0,0.0,0.0,1.0,2.0,shortcut,1,"(2,3)",,5
7,9300007,O_bc0.2,0.0,0.0,0.0,0.0,1.0,0.0,0.0,0.0,1.0,0.0,0.0,1.0,3.0,shortcut,1,"(2,3)",,5
8,9300008,O_bc0.2,0.0,0.0,0.0,0.0,1.0,0.0,0.0,0.0,1.0,0.0,0.0,1.0,3.0,shortcut,1,"(2,3)",,6
9,9300009,O_bc0.2,1.0,1.0,11.72950912024697,42.0,0.0,1.0,1.0,1.0,0.0,0.0,1.0,0.0,0.0,lower,1,"(1,2)",9,
10,9300010,O_bc0.2,0.0,0.0,0.0,0.0,1.0,0.0,0.0,0.0,1.0,0.0,0.0,1.0,1.0,shortcut,1,"(2,3)",,3
11,9300011,O_bc0.2,0.0,0.0,0.0,0.0,1.0,0.0,0.0,0.0,1.0,0.0,0.0,1.0,2.0,shortcut,1,"(2,3)",,4
12,9300012,O_bc0.2,0.0,0.0,0.0,0.0,1.0,0.0,0.0,0.0,1.0,0.0,0.0,1.0,4.0,shortcut,1,"(2,3)",,6
13,9300013,O_bc0.2,0.0,0.0,0.0,0.0,1.0,0.0,0.0,0.0,1.0,0.0,0.0,1.0,2.0,shortcut,1,"(2,3)",,5
14,9300014,O_bc0.2,0.0,0.0,0.0,0.0,1.0,0.0,0.0,0.0,1.0,0.0,0.0,1.0,2.0,shortcut,1,"(2,3)",,4
15,9300015,O_bc0.2,1.0,1.0,13.16293830696572,44.0,0.0,0.0,0.0,0.0,1.0,0.0,0.0,1.0,4.0,shortcut,1,"(2,3)",7,
16,9300016,O_bc0.2,1.0,1.0,11.066088688957908,41.0,0.0,1.0,1.0,1.0,0.0,0.0,1.0,0.0,0.0,lower,1,"(1,2)",10,
17,9300017,O_bc0.2,0.0,0.0,0.0,0.0,1.0,0.0,0.0,0.0,1.0,0.0,0.0,1.0,2.0,shortcut,1,"(2,3)",,4
18,9300018,O_bc0.2,0.0,0.0,0.0,0.0,1.0,0.0,0.0,0.0,1.0,0.0,0.0,1.0,1.0,shortcut,1,"(2,3)",,5
19,9300019,O_bc0.2,0.0,0.0,0.0,0.0,1.0,0.0,0.0,0.0,1.0,0.0,0.0,1.0,1.0,shortcut,1,"(2,3)",,3
20,9300020,O_bc0.2,1.0,1.0,12.42784641634072,43.0,0.0,0.0,0.0,0.0,1.0,0.0,0.0,1.0,5.0,shortcut,1,"(2,3)",8,
21,9300021,O_bc0.2,0.0,0.0,0.0,0.0,1.0,0.0,0.0,0.0,1.0,0.0,0.0,1.0,3.0,shortcut,1,"(2,3)",,5
22,9300022,O_bc0.2,0.0,0.0,0.0,0.0,1.0,0.0,0.0,0.0,1.0,0.0,0.0,1.0,1.0,shortcut,1,"(2,3)",,3
23,9300023,O_bc0.2,0.0,0.0,0.0,0.0,1.0,0.0,0.0,0.0,1.0,0.0,0.0,1.0,3.0,shortcut,1,"(2,3)",,8
24,9300024,O_bc0.2,0.0,0.0,0.0,0.0,1.0,0.0,0.0,0.0,0.0,1.0,0.0,0.0,1.0,stuck_other,-1,none,,9
25,9300025,O_bc0.2,1.0,1.0,12.46460101087197,43.0,0.0,0.0,0.0,0.0,1.0,0.0,0.0,1.0,4.0,shortcut,1,"(2,3)",7,
26,9300026,O_bc0.2,1.0,1.0,13.16293830696572,44.0,0.0,0.0,0.0,0.0,1.0,0.0,0.0,1.0,3.0,shortcut,1,"(2,3)",7,
27,9300027,O_bc0.2,1.0,1.0,11.72950912024697,42.0,0.0,0.0,0.0,0.0,1.0,0.0,0.0,1.0,4.0,shortcut,1,"(2,3)",9,
28,9300028,O_bc0.2,1.0,1.0,13.16293830696572,44.0,0.0,0.0,0.0,0.0,1.0,0.0,0.0,1.0,3.0,shortcut,1,"(2,3)",7,
29,9300029,O_bc0.2,0.0,0.0,0.0,0.0,1.0,0.0,0.0,0.0,1.0,0.0,0.0,1.0,1.0,shortcut,1,"(2,3)",,3
30,9300030,O_bc0.2,0.0,0.0,0.0,0.0,1.0,0.0,0.0,0.0,1.0,0.0,0.0,1.0,1.0,shortcut,1,"(2,3)",,3
31,9300031,O_bc0.2,0.0,0.0,0.0,0.0,1.0,0.0,0.0,0.0,1.0,0.0,0.0,1.0,1.0,shortcut,1,"(2,3)",,3
32,9300032,O_bc0.2,0.0,0.0,0.0,0.0,1.0,0.0,0.0,0.0,1.0,0.0,0.0,1.0,2.0,shortcut,1,"(2,3)",,4
33,9300033,O_bc0.2,0.0,0.0,0.0,0.0,1.0,0.0,0.0,0.0,1.0,0.0,0.0,1.0,2.0,shortcut,1,"(2,3)",,5
34,9300034,O_bc0.2,1.0,1.0,13.16293830696572,44.0,0.0,0.0,0.0,0.0,1.0,0.0,0.0,1.0,3.0,shortcut,1,"(2,3)",7,
35,9300035,O_bc0.2,0.0,0.0,0.0,0.0,1.0,0.0,0.0,0.0,1.0,0.0,0.0,1.0,3.0,shortcut,1,"(2,3)",,5
36,9300036,O_bc0.2,0.0,0.0,0.0,0.0,1.0,0.0,0.0,0.0,1.0,0.0,0.0,1.0,2.0,shortcut,1,"(2,3)",,4
37,9300037,O_bc0.2,1.0,1.0,11.72950912024697,42.0,0.0,0.0,0.0,0.0,1.0,0.0,0.0,1.0,4.0,shortcut,1,"(2,3)",9,
38,9300038,O_bc0.2,0.0,0.0,0.0,0.0,1.0,0.0,0.0,0.0,1.0,0.0,0.0,1.0,5.0,shortcut,1,"(2,3)",,7
39,9300039,O_bc0.2,1.0,1.0,13.16293830696572,44.0,0.0,0.0,0.0,0.0,1.0,0.0,0.0,1.0,3.0,shortcut,1,"(2,3)",7,
40,9300040,O_bc0.2,1.0,1.0,13.16293830696572,44.0,0.0,0.0,0.0,0.0,1.0,0.0,0.0,1.0,3.0,shortcut,1,"(2,3)",7,
41,9300041,O_bc0.2,1.0,1.0,13.16293830696572,44.0,0.0,0.0,0.0,0.0,1.0,0.0,0.0,1.0,3.0,shortcut,1,"(2,3)",7,
42,9300042,O_bc0.2,0.0,0.0,0.0,0.0,1.0,0.0,0.0,0.0,1.0,0.0,0.0,1.0,3.0,shortcut,2,"(2,3)",,6
43,9300043,O_bc0.2,1.0,1.0,13.16293830696572,44.0,0.0,0.0,0.0,0.0,1.0,0.0,0.0,1.0,3.0,shortcut,1,"(2,3)",7,
44,9300044,O_bc0.2,1.0,1.0,13.16293830696572,44.0,0.0,0.0,0.0,0.0,1.0,0.0,0.0,1.0,3.0,shortcut,1,"(2,3)",7,
45,9300045,O_bc0.2,0.0,0.0,0.0,0.0,1.0,0.0,0.0,0.0,1.0,0.0,0.0,1.0,1.0,shortcut,1,"(2,3)",,3
46,9300046,O_bc0.2,0.0,0.0,0.0,0.0,1.0,0.0,0.0,0.0,1.0,0.0,0.0,1.0,3.0,shortcut,1,"(2,3)",,5
47,9300047,O_bc0.2,1.0,1.0,11.066088688957908,41.0,0.0,1.0,1.0,1.0,0.0,0.0,1.0,0.0,0.0,lower,1,"(1,2)",10,
48,9300048,O_bc0.2,0.0,0.0,0.0,0.0,1.0,0.0,0.0,0.0,1.0,0.0,0.0,1.0,1.0,shortcut,1,"(2,3)",,3
49,9300049,O_bc0.2,1.0,1.0,13.16293830696572,44.0,0.0,0.0,0.0,0.0,1.0,0.0,0.0,1.0,3.0,shortcut,1,"(2,3)",7,
50,9300050,O_bc0.2,1.0,1.0,13.16293830696572,44.0,0.0,0.0,0.0,0.0,1.0,0.0,0.0,1.0,3.0,shortcut,1,"(2,3)",7,
51,9300051,O_bc0.2,1.0,1.0,13.16293830696572,44.0,0.0,0.0,0.0,0.0,1.0,0.0,0.0,1.0,3.0,shortcut,1,"(2,3)",7,
52,9300052,O_bc0.2,0.0,0.0,0.0,0.0,1.0,0.0,0.0,0.0,1.0,0.0,0.0,1.0,2.0,shortcut,1,"(2,3)",,4
53,9300053,O_bc0.2,0.0,0.0,0.0,0.0,1.0,0.0,0.0,0.0,1.0,0.0,0.0,1.0,1.0,shortcut,1,"(2,3)",,3
54,9300054,O_bc0.2,0.0,0.0,0.0,0.0,1.0,0.0,0.0,0.0,1.0,0.0,0.0,1.0,1.0,shortcut,1,"(2,3)",,3
55,9300055,O_bc0.2,0.0,0.0,0.0,0.0,1.0,0.0,0.0,0.0,1.0,0.0,0.0,1.0,2.0,shortcut,1,"(2,3)",,5
56,9300056,O_bc0.2,0.0,0.0,0.0,0.0,1.0,0.0,0.0,0.0,1.0,0.0,0.0,1.0,2.0,shortcut,1,"(2,3)",,4
57,9300057,O_bc0.2,0.0,0.0,0.0,0.0,1.0,0.0,0.0,0.0,1.0,0.0,0.0,1.0,1.0,shortcut,1,"(2,3)",,3
58,9300058,O_bc0.2,0.0,0.0,0.0,0.0,1.0,0.0,0.0,0.0,1.0,0.0,0.0,1.0,3.0,shortcut,1,"(2,3)",,5
59,9300059,O_bc0.2,0.0,0.0,0.0,0.0,1.0,0.0,0.0,0.0,1.0,0.0,0.0,1.0,2.0,shortcut,1,"(2,3)",,4
60,9300060,O_bc0.2,1.0,1.0,11.72950912024697,42.0,0.0,1.0,1.0,1.0,0.0,0.0,1.0,0.0,0.0,lower,1,"(1,2)",9,
61,9300061,O_bc0.2,0.0,0.0,0.0,0.0,1.0,0.0,0.0,0.0,1.0,0.0,0.0,1.0,3.0,shortcut,1,"(2,3)",,5
62,9300062,O_bc0.2,1.0,1.0,11.72950912024697,42.0,0.0,1.0,1.0,1.0,0.0,0.0,1.0,0.0,0.0,lower,1,"(1,2)",9,
63,9300063,O_bc0.2,0.0,0.0,0.0,0.0,1.0,0.0,0.0,0.0,1.0,0.0,0.0,1.0,1.0,shortcut,1,"(2,3)",,3
64,9300064,O_bc0.2,0.0,0.0,0.0,0.0,1.0,0.0,0.0,0.0,1.0,0.0,0.0,1.0,4.0,shortcut,1,"(2,3)",,8
65,9300065,O_bc0.2,0.0,0.0,0.0,0.0,1.0,0.0,0.0,0.0,1.0,0.0,0.0,1.0,2.0,shortcut,1,"(2,3)",,4
66,9300066,O_bc0.2,0.0,0.0,0.0,0.0,1.0,0.0,0.0,0.0,1.0,0.0,0.0,1.0,2.0,shortcut,1,"(2,3)",,5
67,9300067,O_bc0.2,0.0,0.0,0.0,0.0,1.0,0.0,0.0,0.0,1.0,0.0,0.0,1.0,1.0,shortcut,3,"(2,3)",,5
68,9300068,O_bc0.2,1.0,1.0,13.16293830696572,44.0,0.0,0.0,0.0,0.0,1.0,0.0,0.0,1.0,3.0,shortcut,1,"(2,3)",7,
69,9300069,O_bc0.2,1.0,1.0,13.16293830696572,44.0,0.0,0.0,0.0,0.0,1.0,0.0,0.0,1.0,3.0,shortcut,1,"(2,3)",7,
70,9300070,O_bc0.2,1.0,1.0,13.16293830696572,44.0,0.0,0.0,0.0,0.0,1.0,0.0,0.0,1.0,3.0,shortcut,1,"(2,3)",7,
71,9300071,O_bc0.2,0.0,0.0,0.0,0.0,1.0,0.0,0.0,0.0,1.0,0.0,0.0,1.0,3.0,shortcut,1,"(2,3)",,5
72,9300072,O_bc0.2,0.0,0.0,0.0,0.0,1.0,0.0,0.0,0.0,1.0,0.0,0.0,1.0,9.0,shortcut,1,"(2,3)",,12
73,9300073,O_bc0.2,1.0,1.0,13.16293830696572,44.0,0.0,0.0,0.0,0.0,1.0,0.0,0.0,1.0,3.0,shortcut,1,"(2,3)",7,
74,9300074,O_bc0.2,1.0,1.0,11.72950912024697,42.0,0.0,1.0,1.0,1.0,0.0,0.0,1.0,0.0,0.0,lower,1,"(1,2)",9,
75,9300075,O_bc0.2,1.0,1.0,11.72950912024697,42.0,0.0,1.0,1.0,1.0,0.0,0.0,1.0,0.0,0.0,lower,1,"(1,2)",9,
76,9300076,O_bc0.2,0.0,0.0,0.0,0.0,1.0,0.0,0.0,0.0,1.0,0.0,0.0,1.0,1.0,shortcut,1,"(2,3)",,3
77,9300077,O_bc0.2,0.0,0.0,0.0,0.0,1.0,0.0,0.0,0.0,1.0,0.0,0.0,1.0,2.0,shortcut,1,"(2,3)",,6
78,9300078,O_bc0.2,0.0,0.0,0.0,0.0,1.0,0.0,0.0,0.0,1.0,0.0,0.0,1.0,3.0,shortcut,1,"(2,3)",,5
79,9300079,O_bc0.2,0.0,0.0,0.0,0.0,1.0,0.0,0.0,0.0,1.0,0.0,0.0,1.0,2.0,shortcut,1,"(2,3)",,4
80,9300080,O_bc0.2,0.0,0.0,0.0,0.0,1.0,0.0,0.0,0.0,1.0,0.0,0.0,1.0,2.0,shortcut,1,"(2,3)",,4
81,9300081,O_bc0.2,1.0,1.0,13.16293830696572,44.0,0.0,0.0,0.0,0.0,1.0,0.0,0.0,1.0,3.0,shortcut,1,"(2,3)",7,
82,9300082,O_bc0.2,1.0,1.0,11.066088688957908,41.0,0.0,0.0,0.0,0.0,1.0,0.0,0.0,0.0,3.0,shortcut,2,"(1,3)",10,
83,9300083,O_bc0.2,0.0,0.0,0.0,0.0,1.0,0.0,0.0,0.0,1.0,0.0,0.0,1.0,4.0,shortcut,1,"(2,3)",,6
84,9300084,O_bc0.2,1.0,1.0,12.42784641634072,43.0,0.0,0.0,0.0,0.0,0.0,1.0,0.0,0.0,0.0,stuck_other,-1,none,8,
85,9300085,O_bc0.2,1.0,1.0,13.16293830696572,44.0,0.0,0.0,0.0,0.0,1.0,0.0,0.0,1.0,3.0,shortcut,1,"(2,3)",7,
86,9300086,O_bc0.2,0.0,0.0,0.0,0.0,1.0,0.0,0.0,0.0,1.0,0.0,0.0,1.0,2.0,shortcut,1,"(2,3)",,4
87,9300087,O_bc0.2,1.0,1.0,11.066088688957908,41.0,0.0,0.0,0.0,0.0,1.0,0.0,0.0,1.0,6.0,shortcut,1,"(2,3)",10,
88,9300088,O_bc0.2,1.0,1.0,12.42784641634072,43.0,0.0,0.0,0.0,0.0,1.0,0.0,0.0,1.0,3.0,shortcut,1,"(2,3)",8,
89,9300089,O_bc0.2,0.0,0.0,0.0,0.0,1.0,0.0,0.0,0.0,1.0,0.0,0.0,1.0,3.0,shortcut,1,"(2,3)",,7
90,9300090,O_bc0.2,1.0,1.0,11.72950912024697,42.0,0.0,1.0,1.0,1.0,0.0,0.0,1.0,0.0,0.0,lower,1,"(1,2)",9,
91,9300091,O_bc0.2,0.0,0.0,0.0,0.0,1.0,0.0,0.0,0.0,1.0,0.0,0.0,1.0,7.0,shortcut,1,"(2,3)",,10
92,9300092,O_bc0.2,0.0,0.0,0.0,0.0,1.0,0.0,0.0,0.0,1.0,0.0,0.0,1.0,1.0,shortcut,1,"(2,3)",,3
93,9300093,O_bc0.2,0.0,0.0,0.0,0.0,1.0,0.0,0.0,0.0,1.0,0.0,0.0,0.0,1.0,shortcut,1,"(0,3)",,5
94,9300094,O_bc0.2,0.0,0.0,0.0,0.0,1.0,0.0,0.0,0.0,1.0,0.0,0.0,1.0,1.0,shortcut,1,"(2,3)",,3
95,9300095,O_bc0.2,1.0,1.0,13.16293830696572,44.0,0.0,0.0,0.0,0.0,1.0,0.0,0.0,1.0,3.0,shortcut,1,"(2,3)",7,
96,9300096,O_bc0.2,0.0,0.0,0.0,0.0,1.0,0.0,0.0,0.0,1.0,0.0,0.0,1.0,1.0,shortcut,1,"(2,3)",,3
97,9300097,O_bc0.2,0.0,0.0,0.0,0.0,1.0,0.0,0.0,0.0,1.0,0.0,0.0,1.0,3.0,shortcut,1,"(2,3)",,5
98,9300098,O_bc0.2,1.0,1.0,13.16293830696572,44.0,0.0,0.0,0.0,0.0,1.0,0.0,0.0,1.0,3.0,shortcut,1,"(2,3)",7,
99,9300099,O_bc0.2,0.0,0.0,0.0,0.0,1.0,0.0,0.0,0.0,1.0,0.0,0.0,1.0,1.0,shortcut,1,"(2,3)",,3
100,9300100,O_bc0.2,1.0,1.0,7.72692509766079,35.0,0.0,1.0,1.0,1.0,0.0,0.0,0.0,1.0,0.0,lower,1,"(2,3)",16,
101,9300101,O_bc0.2,0.0,0.0,0.0,0.0,1.0,0.0,0.0,0.0,1.0,0.0,0.0,1.0,1.0,shortcut,1,"(2,3)",,3
102,9300102,O_bc0.2,1.0,1.0,13.16293830696572,44.0,0.0,0.0,0.0,0.0,1.0,0.0,0.0,1.0,3.0,shortcut,1,"(2,3)",7,
103,9300103,O_bc0.2,1.0,1.0,13.16293830696572,44.0,0.0,0.0,0.0,0.0,1.0,0.0,0.0,1.0,3.0,shortcut,1,"(2,3)",7,
104,9300104,O_bc0.2,0.0,0.0,0.0,0.0,1.0,0.0,0.0,0.0,1.0,0.0,0.0,1.0,2.0,shortcut,1,"(2,3)",,4
105,9300105,O_bc0.2,0.0,0.0,0.0,0.0,1.0,0.0,0.0,0.0,1.0,0.0,0.0,1.0,7.0,shortcut,1,"(2,3)",,9
106,9300106,O_bc0.2,0.0,0.0,0.0,0.0,1.0,0.0,0.0,0.0,1.0,0.0,0.0,1.0,2.0,shortcut,1,"(2,3)",,4
107,9300107,O_bc0.2,1.0,1.0,11.72950912024697,42.0,0.0,1.0,1.0,1.0,0.0,0.0,1.0,0.0,0.0,lower,1,"(1,2)",9,
108,9300108,O_bc0.2,0.0,0.0,0.0,0.0,1.0,0.0,0.0,0.0,1.0,0.0,0.0,1.0,3.0,shortcut,1,"(2,3)",,5
109,9300109,O_bc0.2,0.0,0.0,0.0,0.0,1.0,0.0,0.0,0.0,1.0,0.0,0.0,1.0,3.0,shortcut,1,"(2,3)",,5
110,9300110,O_bc0.2,0.0,0.0,0.0,0.0,1.0,0.0,0.0,0.0,1.0,0.0,0.0,1.0,3.0,shortcut,1,"(2,3)",,5
111,9300111,O_bc0.2,0.0,0.0,0.0,0.0,1.0,0.0,0.0,0.0,1.0,0.0,0.0,1.0,1.0,shortcut,1,"(2,3)",,3
112,9300112,O_bc0.2,0.0,0.0,0.0,0.0,1.0,0.0,0.0,0.0,1.0,0.0,0.0,1.0,3.0,shortcut,1,"(2,3)",,5
113,9300113,O_bc0.2,0.0,0.0,0.0,0.0,1.0,0.0,0.0,0.0,1.0,0.0,0.0,1.0,2.0,shortcut,1,"(2,3)",,4
114,9300114,O_bc0.2,1.0,1.0,12.42784641634072,43.0,0.0,0.0,0.0,0.0,1.0,0.0,0.0,1.0,3.0,shortcut,1,"(2,3)",8,
115,9300115,O_bc0.2,0.0,0.0,0.0,0.0,1.0,0.0,0.0,0.0,1.0,0.0,0.0,1.0,1.0,shortcut,1,"(2,3)",,3
116,9300116,O_bc0.2,1.0,1.0,13.16293830696572,44.0,0.0,0.0,0.0,0.0,1.0,0.0,0.0,1.0,3.0,shortcut,1,"(2,3)",7,
117,9300117,O_bc0.2,0.0,0.0,0.0,0.0,1.0,0.0,0.0,0.0,1.0,0.0,0.0,1.0,2.0,shortcut,1,"(2,3)",,4
118,9300118,O_bc0.2,1.0,1.0,13.16293830696572,44.0,0.0,0.0,0.0,0.0,1.0,0.0,0.0,1.0,3.0,shortcut,1,"(2,3)",7,
119,9300119,O_bc0.2,0.0,0.0,0.0,0.0,1.0,0.0,0.0,0.0,1.0,0.0,0.0,1.0,2.0,shortcut,1,"(2,3)",,7
120,9300120,O_bc0.2,0.0,0.0,0.0,0.0,1.0,0.0,0.0,0.0,1.0,0.0,0.0,1.0,3.0,shortcut,1,"(2,3)",,7
121,9300121,O_bc0.2,1.0,1.0,13.16293830696572,44.0,0.0,0.0,0.0,0.0,1.0,0.0,0.0,1.0,3.0,shortcut,1,"(2,3)",7,
122,9300122,O_bc0.2,0.0,0.0,0.0,0.0,1.0,0.0,0.0,0.0,1.0,0.0,0.0,1.0,1.0,shortcut,1,"(2,3)",,3
123,9300123,O_bc0.2,1.0,1.0,12.42784641634072,43.0,0.0,0.0,0.0,0.0,1.0,0.0,0.0,1.0,3.0,shortcut,1,"(2,3)",8,
124,9300124,O_bc0.2,0.0,0.0,0.0,0.0,1.0,0.0,0.0,0.0,1.0,0.0,0.0,1.0,3.0,shortcut,1,"(2,3)",,7
125,9300125,O_bc0.2,1.0,1.0,13.16293830696572,44.0,0.0,0.0,0.0,0.0,1.0,0.0,0.0,1.0,3.0,shortcut,1,"(2,3)",7,
126,9300126,O_bc0.2,0.0,0.0,0.0,0.0,1.0,0.0,0.0,0.0,1.0,0.0,0.0,1.0,2.0,shortcut,1,"(2,3)",,4
127,9300127,O_bc0.2,1.0,1.0,11.72950912024697,42.0,0.0,1.0,1.0,1.0,0.0,0.0,1.0,0.0,0.0,lower,1,"(1,2)",9,
128,9300128,O_bc0.2,1.0,1.0,12.42784641634072,43.0,0.0,0.0,0.0,0.0,1.0,0.0,0.0,1.0,3.0,shortcut,1,"(2,3)",8,
129,9300129,O_bc0.2,1.0,1.0,13.16293830696572,44.0,0.0,0.0,0.0,0.0,1.0,0.0,0.0,1.0,3.0,shortcut,1,"(2,3)",7,
130,9300130,O_bc0.2,0.0,0.0,0.0,0.0,1.0,0.0,0.0,0.0,1.0,0.0,0.0,1.0,1.0,shortcut,1,"(2,3)",,3
131,9300131,O_bc0.2,0.0,0.0,0.0,0.0,1.0,0.0,0.0,0.0,1.0,0.0,0.0,1.0,2.0,shortcut,1,"(2,3)",,4
132,9300132,O_bc0.2,0.0,0.0,0.0,0.0,1.0,0.0,0.0,0.0,1.0,0.0,0.0,1.0,3.0,shortcut,1,"(2,3)",,5
133,9300133,O_bc0.2,0.0,0.0,0.0,0.0,1.0,0.0,0.0,0.0,1.0,0.0,0.0,1.0,3.0,shortcut,1,"(2,3)",,5
134,9300134,O_bc0.2,0.0,0.0,0.0,0.0,1.0,0.0,0.0,0.0,1.0,0.0,0.0,1.0,2.0,shortcut,1,"(2,3)",,4
135,9300135,O_bc0.2,1.0,1.0,13.16293830696572,44.0,0.0,0.0,0.0,0.0,1.0,0.0,0.0,1.0,3.0,shortcut,2,"(2,3)",7,
136,9300136,O_bc0.2,0.0,0.0,0.0,0.0,1.0,0.0,0.0,0.0,1.0,0.0,0.0,1.0,1.0,shortcut,1,"(2,3)",,3
137,9300137,O_bc0.2,1.0,1.0,11.72950912024697,42.0,0.0,1.0,1.0,1.0,0.0,0.0,1.0,0.0,0.0,lower,1,"(1,2)",9,
138,9300138,O_bc0.2,0.0,0.0,0.0,0.0,1.0,0.0,0.0,0.0,1.0,0.0,0.0,1.0,2.0,shortcut,1,"(2,3)",,6
139,9300139,O_bc0.2,0.0,0.0,0.0,0.0,1.0,0.0,0.0,0.0,1.0,0.0,0.0,1.0,3.0,shortcut,1,"(2,3)",,5
140,9300140,O_bc0.2,0.0,0.0,0.0,0.0,1.0,0.0,0.0,0.0,1.0,0.0,0.0,1.0,1.0,shortcut,1,"(2,3)",,3
141,9300141,O_bc0.2,0.0,0.0,0.0,0.0,1.0,0.0,0.0,0.0,1.0,0.0,0.0,1.0,2.0,shortcut,1,"(2,3)",,4
142,9300142,O_bc0.2,1.0,1.0,11.72950912024697,42.0,0.0,1.0,1.0,1.0,0.0,0.0,1.0,0.0,0.0,lower,1,"(1,2)",9,
143,9300143,O_bc0.2,1.0,1.0,13.16293830696572,44.0,0.0,0.0,0.0,0.0,1.0,0.0,0.0,1.0,3.0,shortcut,1,"(2,3)",7,
144,9300144,O_bc0.2,0.0,0.0,0.0,0.0,1.0,0.0,0.0,0.0,1.0,0.0,0.0,1.0,1.0,shortcut,1,"(2,3)",,3
145,9300145,O_bc0.2,1.0,1.0,11.72950912024697,42.0,0.0,1.0,1.0,1.0,0.0,0.0,1.0,0.0,0.0,lower,1,"(1,2)",9,
146,9300146,O_bc0.2,0.0,0.0,0.0,0.0,1.0,0.0,0.0,0.0,1.0,0.0,0.0,1.0,5.0,shortcut,1,"(2,3)",,8
147,9300147,O_bc0.2,0.0,0.0,0.0,0.0,1.0,0.0,0.0,0.0,1.0,0.0,0.0,1.0,2.0,shortcut,1,"(2,3)",,4
148,9300148,O_bc0.2,1.0,1.0,13.16293830696572,44.0,0.0,0.0,0.0,0.0,1.0,0.0,0.0,1.0,3.0,shortcut,1,"(2,3)",7,
149,9300149,O_bc0.2,1.0,1.0,11.72950912024697,42.0,0.0,1.0,1.0,1.0,0.0,0.0,1.0,0.0,0.0,lower,1,"(1,2)",9,
150,9300150,O_bc0.2,1.0,1.0,13.16293830696572,44.0,0.0,0.0,0.0,0.0,1.0,0.0,0.0,1.0,3.0,shortcut,1,"(2,3)",7,
151,9300151,O_bc0.2,0.0,0.0,0.0,0.0,1.0,0.0,0.0,0.0,1.0,0.0,0.0,1.0,2.0,shortcut,1,"(2,3)",,4
152,9300152,O_bc0.2,0.0,0.0,0.0,0.0,1.0,0.0,0.0,0.0,1.0,0.0,0.0,1.0,3.0,shortcut,1,"(2,3)",,5
153,9300153,O_bc0.2,0.0,0.0,0.0,0.0,1.0,0.0,0.0,0.0,1.0,0.0,0.0,1.0,3.0,shortcut,1,"(2,3)",,6
154,9300154,O_bc0.2,1.0,1.0,11.72950912024697,42.0,0.0,1.0,1.0,1.0,0.0,0.0,1.0,0.0,0.0,lower,1,"(1,2)",9,
155,9300155,O_bc0.2,0.0,0.0,0.0,0.0,1.0,0.0,0.0,0.0,1.0,0.0,0.0,1.0,1.0,shortcut,1,"(2,3)",,3
156,9300156,O_bc0.2,0.0,0.0,0.0,0.0,1.0,0.0,0.0,0.0,1.0,0.0,0.0,1.0,2.0,shortcut,1,"(2,3)",,4
157,9300157,O_bc0.2,0.0,0.0,0.0,0.0,1.0,0.0,0.0,0.0,1.0,0.0,0.0,0.0,2.0,shortcut,1,"(0,3)",,7
158,9300158,O_bc0.2,0.0,0.0,0.0,0.0,1.0,0.0,0.0,0.0,1.0,0.0,0.0,1.0,1.0,shortcut,1,"(2,3)",,4
159,9300159,O_bc0.2,0.0,0.0,0.0,0.0,1.0,0.0,0.0,0.0,1.0,0.0,0.0,1.0,3.0,shortcut,1,"(2,3)",,6
160,9300160,O_bc0.2,1.0,1.0,10.4358392792333,40.0,0.0,1.0,1.0,0.0,0.0,0.0,1.0,0.0,3.0,lower,1,"(1,2)",11,
161,9300161,O_bc0.2,0.0,0.0,0.0,0.0,1.0,0.0,0.0,0.0,1.0,0.0,0.0,1.0,2.0,shortcut,1,"(2,3)",,4
162,9300162,O_bc0.2,0.0,0.0,0.0,0.0,1.0,0.0,0.0,0.0,1.0,0.0,0.0,1.0,1.0,shortcut,1,"(2,3)",,3
163,9300163,O_bc0.2,1.0,1.0,13.16293830696572,44.0,0.0,0.0,0.0,0.0,1.0,0.0,0.0,1.0,3.0,shortcut,1,"(2,3)",7,
164,9300164,O_bc0.2,1.0,1.0,11.72950912024697,42.0,0.0,1.0,1.0,1.0,0.0,0.0,1.0,0.0,0.0,lower,1,"(1,2)",9,
165,9300165,O_bc0.2,1.0,1.0,11.72950912024697,42.0,0.0,1.0,1.0,1.0,0.0,0.0,1.0,0.0,0.0,lower,1,"(1,2)",9,
166,9300166,O_bc0.2,0.0,0.0,0.0,0.0,1.0,0.0,0.0,0.0,1.0,0.0,0.0,1.0,1.0,shortcut,1,"(2,3)",,3
167,9300167,O_bc0.2,0.0,0.0,0.0,0.0,1.0,0.0,0.0,0.0,1.0,0.0,0.0,1.0,1.0,shortcut,1,"(2,3)",,3
168,9300168,O_bc0.2,1.0,1.0,10.4358392792333,40.0,0.0,1.0,1.0,1.0,0.0,0.0,0.0,0.0,0.0,lower,1,"(1,3)",11,
169,9300169,O_bc0.2,0.0,0.0,0.0,0.0,1.0,0.0,0.0,0.0,1.0,0.0,0.0,1.0,3.0,shortcut,1,"(2,3)",,6
170,9300170,O_bc0.2,1.0,1.0,11.72950912024697,42.0,0.0,1.0,1.0,1.0,0.0,0.0,1.0,0.0,0.0,lower,1,"(1,2)",9,
171,9300171,O_bc0.2,1.0,1.0,13.16293830696572,44.0,0.0,0.0,0.0,0.0,1.0,0.0,0.0,1.0,4.0,shortcut,1,"(2,3)",7,
172,9300172,O_bc0.2,0.0,0.0,0.0,0.0,1.0,0.0,0.0,0.0,1.0,0.0,0.0,1.0,2.0,shortcut,1,"(2,3)",,4
173,9300173,O_bc0.2,1.0,1.0,12.42784641634072,43.0,0.0,0.0,0.0,0.0,1.0,0.0,0.0,1.0,3.0,shortcut,1,"(2,3)",8,
174,9300174,O_bc0.2,0.0,0.0,0.0,0.0,1.0,0.0,0.0,0.0,1.0,0.0,0.0,1.0,6.0,shortcut,1,"(2,3)",,8
175,9300175,O_bc0.2,0.0,0.0,0.0,0.0,1.0,0.0,0.0,0.0,1.0,0.0,0.0,1.0,1.0,shortcut,1,"(2,3)",,3
176,9300176,O_bc0.2,1.0,1.0,13.16293830696572,44.0,0.0,0.0,0.0,0.0,1.0,0.0,0.0,1.0,3.0,shortcut,1,"(2,3)",7,
177,9300177,O_bc0.2,0.0,0.0,0.0,0.0,1.0,0.0,0.0,0.0,1.0,0.0,0.0,1.0,2.0,shortcut,1,"(2,3)",,6
178,9300178,O_bc0.2,1.0,1.0,13.16293830696572,44.0,0.0,0.0,0.0,0.0,1.0,0.0,0.0,1.0,4.0,shortcut,1,"(2,3)",7,
179,9300179,O_bc0.2,1.0,1.0,11.72950912024697,42.0,0.0,1.0,1.0,1.0,0.0,0.0,1.0,0.0,0.0,lower,1,"(1,2)",9,
180,9300180,O_bc0.2,1.0,1.0,11.72950912024697,42.0,0.0,1.0,1.0,1.0,0.0,0.0,1.0,0.0,0.0,lower,1,"(1,2)",9,
181,9300181,O_bc0.2,1.0,1.0,13.16293830696572,44.0,0.0,0.0,0.0,0.0,1.0,0.0,0.0,1.0,3.0,shortcut,1,"(2,3)",7,
182,9300182,O_bc0.2,0.0,0.0,0.0,0.0,1.0,0.0,0.0,0.0,1.0,0.0,0.0,1.0,3.0,shortcut,1,"(2,3)",,5
183,9300183,O_bc0.2,0.0,0.0,0.0,0.0,1.0,0.0,0.0,0.0,1.0,0.0,0.0,1.0,4.0,shortcut,1,"(2,3)",,6
184,9300184,O_bc0.2,0.0,0.0,0.0,0.0,1.0,0.0,0.0,0.0,1.0,0.0,0.0,1.0,6.0,shortcut,1,"(2,3)",,8
185,9300185,O_bc0.2,0.0,0.0,0.0,0.0,1.0,0.0,0.0,0.0,1.0,0.0,0.0,1.0,1.0,shortcut,1,"(2,3)",,3
186,9300186,O_bc0.2,1.0,1.0,13.16293830696572,44.0,0.0,0.0,0.0,0.0,1.0,0.0,0.0,1.0,3.0,shortcut,1,"(2,3)",7,
187,9300187,O_bc0.2,1.0,1.0,11.066088688957908,41.0,0.0,1.0,1.0,1.0,0.0,0.0,1.0,0.0,0.0,lower,1,"(1,2)",10,
188,9300188,O_bc0.2,1.0,1.0,13.16293830696572,44.0,0.0,0.0,0.0,0.0,1.0,0.0,0.0,1.0,3.0,shortcut,1,"(2,3)",7,
189,9300189,O_bc0.2,0.0,0.0,0.0,0.0,1.0,0.0,0.0,0.0,1.0,0.0,0.0,1.0,1.0,shortcut,1,"(2,3)",,3
190,9300190,O_bc0.2,0.0,0.0,0.0,0.0,1.0,0.0,0.0,0.0,1.0,0.0,0.0,1.0,3.0,shortcut,1,"(2,3)",,6
191,9300191,O_bc0.2,1.0,1.0,13.16293830696572,44.0,0.0,0.0,0.0,0.0,1.0,0.0,0.0,1.0,3.0,shortcut,1,"(2,3)",7,
192,9300192,O_bc0.2,1.0,0.0,0.6983372960937497,1.0,1.0,0.0,0.0,0.0,1.0,0.0,0.0,1.0,4.0,shortcut,1,"(2,3)",8,10
193,9300193,O_bc0.2,0.0,0.0,0.0,0.0,1.0,0.0,0.0,0.0,1.0,0.0,0.0,1.0,2.0,shortcut,1,"(2,3)",,4
194,9300194,O_bc0.2,1.0,1.0,12.42784641634072,43.0,0.0,0.0,0.0,0.0,1.0,0.0,0.0,1.0,3.0,shortcut,1,"(2,3)",8,
195,9300195,O_bc0.2,0.0,0.0,0.0,0.0,1.0,0.0,0.0,0.0,1.0,0.0,0.0,1.0,2.0,shortcut,1,"(2,3)",,5
196,9300196,O_bc0.2,0.0,0.0,0.0,0.0,1.0,0.0,0.0,0.0,1.0,0.0,0.0,1.0,1.0,shortcut,1,"(2,3)",,3
197,9300197,O_bc0.2,0.0,0.0,0.0,0.0,1.0,0.0,0.0,0.0,1.0,0.0,0.0,1.0,1.0,shortcut,1,"(2,3)",,3
198,9300198,O_bc0.2,0.0,0.0,0.0,0.0,1.0,0.0,0.0,0.0,1.0,0.0,0.0,1.0,3.0,shortcut,1,"(2,3)",,5
199,9300199,O_bc0.2,0.0,0.0,0.0,0.0,1.0,0.0,0.0,0.0,1.0,0.0,0.0,1.0,1.0,shortcut,1,"(2,3)",,3
0,9300000,P_bc0.5,1.0,1.0,9.268302247718463,38.0,0.0,1.0,1.0,1.0,0.0,0.0,0.0,1.0,0.0,lower,1,"(2,3)",13,
1,9300001,P_bc0.5,0.0,0.0,0.0,0.0,1.0,0.0,0.0,0.0,1.0,0.0,0.0,1.0,3.0,shortcut,1,"(2,3)",,5
2,9300002,P_bc0.5,1.0,1.0,11.066088688957908,41.0,0.0,0.0,0.0,0.0,0.0,1.0,0.0,0.0,0.0,stuck_other,-1,none,10,
3,9300003,P_bc0.5,1.0,1.0,13.16293830696572,44.0,0.0,0.0,0.0,0.0,1.0,0.0,0.0,1.0,3.0,shortcut,1,"(2,3)",7,
4,9300004,P_bc0.5,1.0,1.0,6.008172545171877,31.0,0.0,1.0,1.0,1.0,0.0,0.0,0.0,0.0,0.0,lower,1,"(0,3)",20,
5,9300005,P_bc0.5,1.0,1.0,12.46460101087197,43.0,0.0,0.0,0.0,0.0,1.0,0.0,0.0,1.0,3.0,shortcut,1,"(2,3)",7,
6,9300006,P_bc0.5,0.0,0.0,0.0,0.0,1.0,0.0,0.0,0.0,1.0,0.0,0.0,1.0,2.0,shortcut,1,"(2,3)",,5
7,9300007,P_bc0.5,0.0,0.0,0.0,0.0,1.0,0.0,0.0,0.0,1.0,0.0,0.0,1.0,2.0,shortcut,1,"(2,3)",,5
8,9300008,P_bc0.5,0.0,0.0,0.0,0.0,1.0,0.0,0.0,0.0,1.0,0.0,0.0,1.0,3.0,shortcut,1,"(2,3)",,6
9,9300009,P_bc0.5,1.0,1.0,11.066088688957908,41.0,0.0,1.0,1.0,1.0,0.0,0.0,1.0,0.0,0.0,lower,1,"(1,2)",10,
10,9300010,P_bc0.5,1.0,1.0,12.42784641634072,43.0,0.0,0.0,0.0,0.0,1.0,0.0,0.0,1.0,3.0,shortcut,1,"(2,3)",8,
11,9300011,P_bc0.5,0.0,0.0,0.0,0.0,1.0,0.0,0.0,0.0,1.0,0.0,0.0,1.0,2.0,shortcut,1,"(2,3)",,4
12,9300012,P_bc0.5,0.0,0.0,0.0,0.0,1.0,0.0,0.0,0.0,1.0,0.0,0.0,1.0,4.0,shortcut,1,"(2,3)",,6
13,9300013,P_bc0.5,1.0,1.0,11.066088688957908,41.0,0.0,1.0,1.0,1.0,0.0,0.0,1.0,0.0,0.0,lower,1,"(1,2)",10,
14,9300014,P_bc0.5,0.0,0.0,0.0,0.0,1.0,0.0,0.0,0.0,1.0,0.0,0.0,1.0,1.0,shortcut,1,"(2,3)",,5
15,9300015,P_bc0.5,1.0,1.0,12.42784641634072,43.0,0.0,0.0,0.0,0.0,1.0,0.0,0.0,1.0,5.0,shortcut,1,"(2,3)",8,
16,9300016,P_bc0.5,1.0,1.0,0.4499056342075816,5.0,0.0,1.0,1.0,1.0,0.0,0.0,1.0,0.0,0.0,lower,1,"(1,2)",46,
17,9300017,P_bc0.5,1.0,1.0,2.9798113143170455,21.0,0.0,1.0,1.0,1.0,0.0,0.0,0.0,0.0,0.0,lower,1,"(1,3)",30,
18,9300018,P_bc0.5,0.0,0.0,0.0,0.0,1.0,0.0,0.0,0.0,1.0,0.0,0.0,1.0,1.0,shortcut,1,"(2,3)",,5
19,9300019,P_bc0.5,0.0,0.0,0.0,0.0,1.0,0.0,0.0,0.0,1.0,0.0,0.0,1.0,1.0,shortcut,1,"(2,3)",,3
20,9300020,P_bc0.5,1.0,1.0,12.42784641634072,43.0,0.0,0.0,0.0,0.0,1.0,0.0,0.0,1.0,5.0,shortcut,1,"(2,3)",8,
21,9300021,P_bc0.5,0.0,0.0,0.0,0.0,1.0,0.0,0.0,0.0,1.0,0.0,0.0,1.0,2.0,shortcut,1,"(2,3)",,5
22,9300022,P_bc0.5,0.0,0.0,0.0,0.0,1.0,0.0,0.0,0.0,1.0,0.0,0.0,1.0,1.0,shortcut,1,"(2,3)",,3
23,9300023,P_bc0.5,0.0,0.0,0.0,0.0,0.0,0.0,1.0,1.0,1.0,0.0,0.0,1.0,1.0,shortcut,1,"(2,3)",,
24,9300024,P_bc0.5,0.0,0.0,0.0,0.0,1.0,1.0,1.0,0.0,0.0,0.0,0.0,0.0,3.0,lower,39,"(0,3)",,46
25,9300025,P_bc0.5,1.0,1.0,8.26465092989607,36.0,0.0,1.0,1.0,1.0,0.0,0.0,1.0,0.0,0.0,lower,1,"(1,2)",14,
26,9300026,P_bc0.5,0.0,0.0,0.0,0.0,1.0,1.0,1.0,0.0,0.0,0.0,0.0,0.0,2.0,lower,8,"(0,3)",,19
27,9300027,P_bc0.5,1.0,1.0,11.72950912024697,42.0,0.0,0.0,0.0,0.0,1.0,0.0,0.0,1.0,4.0,shortcut,1,"(2,3)",9,
28,9300028,P_bc0.5,1.0,1.0,13.16293830696572,44.0,0.0,0.0,0.0,0.0,1.0,0.0,0.0,1.0,3.0,shortcut,1,"(2,3)",7,
29,9300029,P_bc0.5,0.0,0.0,0.0,0.0,1.0,0.0,0.0,0.0,1.0,0.0,0.0,1.0,1.0,shortcut,1,"(2,3)",,3
30,9300030,P_bc0.5,0.0,0.0,0.0,0.0,1.0,0.0,0.0,0.0,1.0,0.0,0.0,1.0,1.0,shortcut,1,"(2,3)",,3
31,9300031,P_bc0.5,0.0,0.0,0.0,0.0,1.0,0.0,0.0,0.0,1.0,0.0,0.0,1.0,1.0,shortcut,1,"(2,3)",,3
32,9300032,P_bc0.5,0.0,0.0,0.0,0.0,1.0,0.0,0.0,0.0,1.0,0.0,0.0,1.0,2.0,shortcut,1,"(2,3)",,4
33,9300033,P_bc0.5,1.0,1.0,4.931771393939913,28.0,0.0,1.0,1.0,1.0,0.0,0.0,0.0,1.0,0.0,lower,1,"(2,3)",23,
34,9300034,P_bc0.5,1.0,1.0,13.16293830696572,44.0,0.0,0.0,0.0,0.0,1.0,0.0,0.0,1.0,3.0,shortcut,1,"(2,3)",7,
35,9300035,P_bc0.5,0.0,0.0,0.0,0.0,1.0,0.0,0.0,0.0,1.0,0.0,0.0,1.0,3.0,shortcut,1,"(2,3)",,5
36,9300036,P_bc0.5,0.0,0.0,0.0,0.0,1.0,0.0,0.0,0.0,1.0,0.0,0.0,1.0,2.0,shortcut,1,"(2,3)",,4
37,9300037,P_bc0.5,1.0,1.0,5.272333020228028,29.0,0.0,1.0,1.0,1.0,0.0,0.0,1.0,0.0,0.0,lower,1,"(1,2)",22,
38,9300038,P_bc0.5,1.0,1.0,11.066088688957908,41.0,0.0,0.0,0.0,0.0,1.0,0.0,0.0,1.0,6.0,shortcut,1,"(2,3)",10,
39,9300039,P_bc0.5,1.0,1.0,13.16293830696572,44.0,0.0,0.0,0.0,0.0,1.0,0.0,0.0,1.0,3.0,shortcut,1,"(2,3)",7,
40,9300040,P_bc0.5,1.0,1.0,11.72950912024697,42.0,0.0,0.0,0.0,0.0,1.0,0.0,0.0,0.0,4.0,shortcut,1,"(1,3)",9,
41,9300041,P_bc0.5,1.0,1.0,13.16293830696572,44.0,0.0,0.0,0.0,0.0,1.0,0.0,0.0,1.0,3.0,shortcut,1,"(2,3)",7,
42,9300042,P_bc0.5,1.0,1.0,8.727942160055825,37.0,0.0,1.0,1.0,1.0,0.0,0.0,0.0,1.0,0.0,lower,5,"(2,3)",14,
43,9300043,P_bc0.5,1.0,1.0,13.16293830696572,44.0,0.0,0.0,0.0,0.0,1.0,0.0,0.0,1.0,3.0,shortcut,1,"(2,3)",7,
44,9300044,P_bc0.5,0.0,0.0,0.0,0.0,1.0,0.0,0.0,0.0,1.0,0.0,0.0,1.0,3.0,shortcut,1,"(2,3)",,5
45,9300045,P_bc0.5,1.0,1.0,11.72950912024697,42.0,0.0,1.0,1.0,1.0,0.0,0.0,1.0,0.0,0.0,lower,1,"(1,2)",9,
46,9300046,P_bc0.5,0.0,0.0,0.0,0.0,1.0,0.0,0.0,0.0,1.0,0.0,0.0,1.0,1.0,shortcut,2,"(2,3)",,4
47,9300047,P_bc0.5,1.0,1.0,11.72950912024697,42.0,0.0,1.0,1.0,1.0,0.0,0.0,1.0,0.0,0.0,lower,1,"(1,2)",9,
48,9300048,P_bc0.5,0.0,0.0,0.0,0.0,1.0,0.0,0.0,0.0,1.0,0.0,0.0,1.0,1.0,shortcut,1,"(2,3)",,3
49,9300049,P_bc0.5,1.0,1.0,13.16293830696572,44.0,0.0,0.0,0.0,0.0,1.0,0.0,0.0,1.0,3.0,shortcut,2,"(2,3)",7,
50,9300050,P_bc0.5,1.0,1.0,11.72950912024697,42.0,0.0,1.0,1.0,1.0,0.0,0.0,1.0,0.0,0.0,lower,1,"(1,2)",9,
51,9300051,P_bc0.5,1.0,1.0,13.16293830696572,44.0,0.0,0.0,0.0,0.0,1.0,0.0,0.0,1.0,3.0,shortcut,1,"(2,3)",7,
52,9300052,P_bc0.5,0.0,0.0,0.0,0.0,1.0,0.0,0.0,0.0,1.0,0.0,0.0,1.0,3.0,shortcut,1,"(2,3)",,5
53,9300053,P_bc0.5,0.0,0.0,0.0,0.0,1.0,0.0,0.0,0.0,1.0,0.0,0.0,1.0,1.0,shortcut,1,"(2,3)",,3
54,9300054,P_bc0.5,0.0,0.0,0.0,0.0,1.0,0.0,0.0,0.0,1.0,0.0,0.0,1.0,1.0,shortcut,2,"(2,3)",,4
55,9300055,P_bc0.5,0.0,0.0,0.0,0.0,1.0,0.0,0.0,0.0,1.0,0.0,0.0,1.0,2.0,shortcut,1,"(2,3)",,5
56,9300056,P_bc0.5,0.0,0.0,0.0,0.0,1.0,1.0,1.0,0.0,0.0,0.0,1.0,0.0,1.0,lower,1,"(1,2)",,7
57,9300057,P_bc0.5,0.0,0.0,0.0,0.0,1.0,0.0,0.0,0.0,1.0,0.0,0.0,1.0,1.0,shortcut,1,"(2,3)",,3
58,9300058,P_bc0.5,0.0,0.0,0.0,0.0,1.0,0.0,0.0,0.0,1.0,0.0,0.0,1.0,3.0,shortcut,1,"(2,3)",,5
59,9300059,P_bc0.5,1.0,1.0,13.16293830696572,44.0,0.0,0.0,0.0,0.0,1.0,0.0,0.0,1.0,4.0,shortcut,1,"(2,3)",7,
60,9300060,P_bc0.5,1.0,1.0,8.214600076776321,36.0,0.0,1.0,1.0,1.0,0.0,0.0,0.0,0.0,0.0,lower,1,"(0,3)",15,
61,9300061,P_bc0.5,0.0,0.0,0.0,0.0,1.0,0.0,0.0,0.0,1.0,0.0,0.0,1.0,3.0,shortcut,1,"(2,3)",,5
62,9300062,P_bc0.5,1.0,1.0,7.751308846616568,35.0,0.0,0.0,0.0,0.0,0.0,1.0,0.0,0.0,0.0,stuck_other,-1,none,15,
63,9300063,P_bc0.5,0.0,0.0,0.0,0.0,1.0,0.0,0.0,0.0,1.0,0.0,0.0,1.0,2.0,shortcut,2,"(2,3)",,5
64,9300064,P_bc0.5,1.0,1.0,4.300880981241181,26.0,0.0,0.0,1.0,1.0,1.0,0.0,0.0,1.0,1.0,shortcut,1,"(2,3)",25,
65,9300065,P_bc0.5,0.0,0.0,0.0,0.0,0.0,1.0,1.0,1.0,0.0,0.0,1.0,0.0,0.0,lower,1,"(1,2)",,
66,9300066,P_bc0.5,1.0,1.0,0.9028314692026955,9.0,0.0,1.0,1.0,1.0,0.0,0.0,0.0,1.0,0.0,lower,1,"(2,3)",42,
67,9300067,P_bc0.5,0.0,0.0,0.0,0.0,1.0,0.0,0.0,0.0,1.0,0.0,0.0,1.0,1.0,shortcut,3,"(2,3)",,6
68,9300068,P_bc0.5,1.0,1.0,12.42784641634072,43.0,0.0,0.0,0.0,0.0,1.0,0.0,0.0,1.0,4.0,shortcut,1,"(2,3)",8,
69,9300069,P_bc0.5,0.0,0.0,0.0,0.0,1.0,0.0,0.0,0.0,1.0,0.0,0.0,1.0,3.0,shortcut,1,"(2,3)",,5
70,9300070,P_bc0.5,1.0,1.0,13.16293830696572,44.0,0.0,0.0,0.0,0.0,1.0,0.0,0.0,1.0,4.0,shortcut,1,"(2,3)",7,
71,9300071,P_bc0.5,0.0,0.0,0.0,0.0,1.0,0.0,0.0,0.0,1.0,0.0,0.0,1.0,3.0,shortcut,1,"(2,3)",,6
72,9300072,P_bc0.5,1.0,1.0,11.066088688957908,41.0,0.0,0.0,0.0,0.0,1.0,0.0,0.0,1.0,6.0,shortcut,1,"(2,3)",10,
73,9300073,P_bc0.5,0.0,0.0,0.0,0.0,1.0,0.0,0.0,0.0,1.0,0.0,0.0,1.0,3.0,shortcut,1,"(2,3)",,5
74,9300074,P_bc0.5,1.0,1.0,4.931771393939913,28.0,0.0,1.0,1.0,1.0,0.0,0.0,1.0,0.0,0.0,lower,1,"(1,2)",23,
75,9300075,P_bc0.5,1.0,1.0,0.664762699165842,7.0,0.0,0.0,0.0,0.0,0.0,1.0,0.0,0.0,0.0,stuck_other,-1,none,44,
76,9300076,P_bc0.5,0.0,0.0,0.0,0.0,1.0,0.0,0.0,0.0,1.0,0.0,0.0,1.0,1.0,shortcut,1,"(2,3)",,3
77,9300077,P_bc0.5,0.0,0.0,0.0,0.0,1.0,1.0,1.0,0.0,0.0,0.0,0.0,1.0,2.0,lower,1,"(2,3)",,6
78,9300078,P_bc0.5,0.0,0.0,0.0,0.0,1.0,0.0,0.0,0.0,1.0,0.0,0.0,1.0,4.0,shortcut,1,"(2,3)",,11
79,9300079,P_bc0.5,0.0,0.0,0.0,0.0,1.0,0.0,0.0,0.0,1.0,0.0,0.0,1.0,6.0,shortcut,1,"(2,3)",,11
80,9300080,P_bc0.5,0.0,0.0,0.0,0.0,1.0,0.0,0.0,0.0,1.0,0.0,0.0,1.0,5.0,shortcut,1,"(2,3)",,8
81,9300081,P_bc0.5,0.0,0.0,0.0,0.0,1.0,0.0,0.0,0.0,1.0,0.0,0.0,1.0,2.0,shortcut,2,"(2,3)",,5
82,9300082,P_bc0.5,1.0,1.0,6.4053868636300955,32.0,0.0,1.0,1.0,1.0,0.0,0.0,1.0,0.0,0.0,lower,11,"(1,2)",19,
83,9300083,P_bc0.5,0.0,0.0,0.0,0.0,1.0,0.0,0.0,0.0,1.0,0.0,0.0,1.0,4.0,shortcut,1,"(2,3)",,6
84,9300084,P_bc0.5,1.0,1.0,11.72950912024697,42.0,0.0,0.0,0.0,0.0,0.0,1.0,0.0,0.0,0.0,stuck_other,-1,none,9,
85,9300085,P_bc0.5,1.0,1.0,13.16293830696572,44.0,0.0,0.0,0.0,0.0,1.0,0.0,0.0,1.0,3.0,shortcut,1,"(2,3)",7,
86,9300086,P_bc0.5,1.0,1.0,11.72950912024697,42.0,0.0,0.0,0.0,0.0,1.0,0.0,0.0,1.0,3.0,shortcut,1,"(2,3)",9,
87,9300087,P_bc0.5,0.0,0.0,0.0,0.0,1.0,0.0,0.0,0.0,1.0,0.0,0.0,1.0,3.0,shortcut,1,"(2,3)",,8
88,9300088,P_bc0.5,0.0,0.0,0.0,0.0,1.0,0.0,0.0,0.0,1.0,0.0,0.0,0.0,1.0,shortcut,2,"(0,3)",,8
89,9300089,P_bc0.5,1.0,1.0,6.823507198849272,33.0,0.0,1.0,1.0,1.0,0.0,0.0,0.0,1.0,0.0,lower,1,"(2,3)",18,
90,9300090,P_bc0.5,1.0,1.0,11.066088688957908,41.0,0.0,1.0,1.0,1.0,0.0,0.0,1.0,0.0,0.0,lower,1,"(1,2)",10,
91,9300091,P_bc0.5,0.0,0.0,0.0,0.0,1.0,0.0,0.0,0.0,1.0,0.0,0.0,1.0,6.0,shortcut,1,"(2,3)",,8
92,9300092,P_bc0.5,0.0,0.0,0.0,0.0,1.0,0.0,0.0,0.0,1.0,0.0,0.0,1.0,1.0,shortcut,1,"(2,3)",,3
93,9300093,P_bc0.5,0.0,0.0,0.0,0.0,1.0,0.0,0.0,0.0,1.0,0.0,0.0,0.0,1.0,shortcut,1,"(0,3)",,5
94,9300094,P_bc0.5,1.0,1.0,6.823507198849272,33.0,0.0,1.0,1.0,1.0,0.0,0.0,0.0,0.0,0.0,lower,2,"(1,3)",18,
95,9300095,P_bc0.5,0.0,0.0,0.0,0.0,1.0,0.0,0.0,0.0,1.0,0.0,0.0,1.0,1.0,shortcut,1,"(2,3)",,5
96,9300096,P_bc0.5,1.0,1.0,2.3455255249230413,18.0,0.0,0.0,1.0,1.0,1.0,0.0,0.0,1.0,1.0,shortcut,1,"(2,3)",32,
97,9300097,P_bc0.5,0.0,0.0,0.0,0.0,1.0,0.0,0.0,0.0,1.0,0.0,0.0,1.0,3.0,shortcut,1,"(2,3)",,5
98,9300098,P_bc0.5,1.0,1.0,13.16293830696572,44.0,0.0,0.0,0.0,0.0,1.0,0.0,0.0,1.0,3.0,shortcut,1,"(2,3)",7,
99,9300099,P_bc0.5,0.0,0.0,0.0,0.0,1.0,0.0,0.0,0.0,1.0,0.0,0.0,1.0,1.0,shortcut,1,"(2,3)",,3
100,9300100,P_bc0.5,0.0,0.0,0.0,0.0,1.0,1.0,1.0,0.0,0.0,0.0,0.0,1.0,1.0,lower,1,"(2,3)",,17
101,9300101,P_bc0.5,0.0,0.0,0.0,0.0,1.0,0.0,0.0,0.0,1.0,0.0,0.0,1.0,1.0,shortcut,1,"(2,3)",,3
102,9300102,P_bc0.5,0.0,0.0,0.0,0.0,1.0,0.0,0.0,0.0,1.0,0.0,0.0,1.0,2.0,shortcut,1,"(2,3)",,4
103,9300103,P_bc0.5,1.0,1.0,11.72950912024697,42.0,0.0,0.0,0.0,0.0,1.0,0.0,0.0,1.0,3.0,shortcut,1,"(2,3)",9,
104,9300104,P_bc0.5,0.0,0.0,0.0,0.0,1.0,0.0,0.0,0.0,1.0,0.0,0.0,1.0,2.0,shortcut,1,"(2,3)",,4
105,9300105,P_bc0.5,1.0,1.0,2.5392370093815426,19.0,0.0,1.0,1.0,1.0,0.0,0.0,1.0,0.0,0.0,lower,14,"(1,2)",32,
106,9300106,P_bc0.5,0.0,0.0,0.0,0.0,1.0,0.0,0.0,0.0,1.0,0.0,0.0,1.0,3.0,shortcut,1,"(2,3)",,10
107,9300107,P_bc0.5,1.0,1.0,11.72950912024697,42.0,0.0,0.0,0.0,0.0,1.0,0.0,0.0,1.0,3.0,shortcut,3,"(2,3)",9,
108,9300108,P_bc0.5,0.0,0.0,0.0,0.0,1.0,0.0,0.0,0.0,1.0,0.0,0.0,1.0,1.0,shortcut,1,"(2,3)",,4
109,9300109,P_bc0.5,0.0,0.0,0.0,0.0,1.0,0.0,0.0,0.0,1.0,0.0,0.0,1.0,4.0,shortcut,1,"(2,3)",,7
110,9300110,P_bc0.5,0.0,0.0,0.0,0.0,1.0,0.0,0.0,0.0,1.0,0.0,0.0,0.0,4.0,shortcut,1,"(1,3)",,21
111,9300111,P_bc0.5,0.0,0.0,0.0,0.0,1.0,0.0,0.0,0.0,1.0,0.0,0.0,1.0,1.0,shortcut,1,"(2,3)",,3
112,9300112,P_bc0.5,0.0,0.0,0.0,0.0,1.0,0.0,0.0,0.0,1.0,0.0,0.0,1.0,3.0,shortcut,1,"(2,3)",,5
113,9300113,P_bc0.5,1.0,1.0,13.16293830696572,44.0,0.0,0.0,0.0,0.0,1.0,0.0,0.0,1.0,4.0,shortcut,1,"(2,3)",7,
114,9300114,P_bc0.5,0.0,0.0,0.0,0.0,1.0,0.0,0.0,0.0,1.0,0.0,0.0,1.0,3.0,shortcut,1,"(2,3)",,7
115,9300115,P_bc0.5,0.0,0.0,0.0,0.0,1.0,0.0,0.0,0.0,1.0,0.0,0.0,1.0,1.0,shortcut,1,"(2,3)",,3
116,9300116,P_bc0.5,1.0,1.0,13.16293830696572,44.0,0.0,0.0,0.0,0.0,1.0,0.0,0.0,1.0,3.0,shortcut,1,"(2,3)",7,
117,9300117,P_bc0.5,0.0,0.0,0.0,0.0,1.0,0.0,0.0,0.0,1.0,0.0,0.0,1.0,2.0,shortcut,1,"(2,3)",,4
118,9300118,P_bc0.5,1.0,1.0,13.16293830696572,44.0,0.0,0.0,0.0,0.0,0.0,1.0,0.0,0.0,3.0,stuck_other,-1,none,7,
119,9300119,P_bc0.5,0.0,0.0,0.0,0.0,1.0,0.0,0.0,0.0,1.0,0.0,0.0,1.0,1.0,shortcut,1,"(2,3)",,8
120,9300120,P_bc0.5,1.0,1.0,8.31733603844318,36.0,0.0,1.0,1.0,1.0,0.0,0.0,0.0,1.0,0.0,lower,1,"(2,3)",13,
121,9300121,P_bc0.5,1.0,1.0,13.16293830696572,44.0,0.0,0.0,0.0,0.0,1.0,0.0,0.0,1.0,3.0,shortcut,1,"(2,3)",7,
122,9300122,P_bc0.5,0.0,0.0,0.0,0.0,1.0,0.0,0.0,0.0,1.0,0.0,0.0,1.0,1.0,shortcut,1,"(2,3)",,3
123,9300123,P_bc0.5,1.0,1.0,5.272333020228028,29.0,0.0,1.0,1.0,1.0,0.0,0.0,0.0,1.0,0.0,lower,1,"(2,3)",22,
124,9300124,P_bc0.5,1.0,1.0,7.72692509766079,35.0,0.0,0.0,0.0,0.0,1.0,0.0,0.0,1.0,10.0,shortcut,1,"(2,3)",16,
125,9300125,P_bc0.5,1.0,1.0,13.16293830696572,44.0,0.0,0.0,0.0,0.0,1.0,0.0,0.0,1.0,3.0,shortcut,1,"(2,3)",7,
126,9300126,P_bc0.5,0.0,0.0,0.0,0.0,1.0,0.0,0.0,0.0,1.0,0.0,0.0,0.0,2.0,shortcut,1,"(1,3)",,5
127,9300127,P_bc0.5,0.0,0.0,0.0,0.0,0.0,0.0,0.0,0.0,0.0,1.0,0.0,0.0,0.0,stuck_other,-1,none,,
128,9300128,P_bc0.5,0.0,0.0,0.0,0.0,1.0,0.0,0.0,0.0,1.0,0.0,0.0,1.0,5.0,shortcut,1,"(2,3)",,13
129,9300129,P_bc0.5,1.0,1.0,13.16293830696572,44.0,0.0,0.0,0.0,0.0,1.0,0.0,0.0,1.0,3.0,shortcut,1,"(2,3)",7,
130,9300130,P_bc0.5,1.0,1.0,11.066088688957908,41.0,0.0,1.0,1.0,1.0,0.0,0.0,1.0,0.0,0.0,lower,1,"(1,2)",10,
131,9300131,P_bc0.5,0.0,0.0,0.0,0.0,1.0,0.0,0.0,0.0,1.0,0.0,0.0,1.0,2.0,shortcut,1,"(2,3)",,4
132,9300132,P_bc0.5,0.0,0.0,0.0,0.0,1.0,0.0,0.0,0.0,1.0,0.0,0.0,1.0,3.0,shortcut,1,"(2,3)",,5
133,9300133,P_bc0.5,0.0,0.0,0.0,0.0,1.0,0.0,0.0,0.0,1.0,0.0,0.0,1.0,3.0,shortcut,1,"(2,3)",,5
134,9300134,P_bc0.5,0.0,0.0,0.0,0.0,1.0,0.0,0.0,0.0,1.0,0.0,0.0,1.0,2.0,shortcut,1,"(2,3)",,4
135,9300135,P_bc0.5,1.0,1.0,13.16293830696572,44.0,0.0,0.0,0.0,0.0,0.0,1.0,0.0,0.0,3.0,stuck_other,-1,none,7,
136,9300136,P_bc0.5,0.0,0.0,0.0,0.0,1.0,1.0,1.0,0.0,0.0,0.0,0.0,1.0,7.0,lower,1,"(2,3)",,22
137,9300137,P_bc0.5,1.0,1.0,11.72950912024697,42.0,0.0,1.0,1.0,1.0,0.0,0.0,1.0,0.0,0.0,lower,1,"(1,2)",9,
138,9300138,P_bc0.5,1.0,1.0,0.7807449204658475,8.0,0.0,1.0,1.0,1.0,0.0,0.0,0.0,1.0,0.0,lower,1,"(2,3)",43,
139,9300139,P_bc0.5,0.0,0.0,0.0,0.0,1.0,0.0,0.0,0.0,1.0,0.0,0.0,1.0,3.0,shortcut,1,"(2,3)",,5
140,9300140,P_bc0.5,0.0,0.0,0.0,0.0,1.0,0.0,0.0,0.0,1.0,0.0,0.0,1.0,1.0,shortcut,1,"(2,3)",,3
141,9300141,P_bc0.5,0.0,0.0,0.0,0.0,1.0,0.0,0.0,0.0,1.0,0.0,0.0,1.0,2.0,shortcut,1,"(2,3)",,4
142,9300142,P_bc0.5,1.0,1.0,11.72950912024697,42.0,0.0,1.0,1.0,1.0,0.0,0.0,1.0,0.0,0.0,lower,1,"(1,2)",9,
143,9300143,P_bc0.5,1.0,1.0,13.16293830696572,44.0,0.0,0.0,0.0,0.0,1.0,0.0,0.0,1.0,3.0,shortcut,1,"(2,3)",7,
144,9300144,P_bc0.5,0.0,0.0,0.0,0.0,1.0,0.0,0.0,0.0,1.0,0.0,0.0,1.0,1.0,shortcut,1,"(2,3)",,3
145,9300145,P_bc0.5,1.0,1.0,9.268302247718463,38.0,0.0,0.0,0.0,0.0,1.0,0.0,0.0,1.0,3.0,shortcut,7,"(2,3)",13,
146,9300146,P_bc0.5,1.0,1.0,11.72950912024697,42.0,0.0,0.0,0.0,0.0,1.0,0.0,0.0,1.0,5.0,shortcut,1,"(2,3)",9,
147,9300147,P_bc0.5,0.0,0.0,0.0,0.0,1.0,0.0,0.0,0.0,1.0,0.0,0.0,1.0,2.0,shortcut,1,"(2,3)",,4
148,9300148,P_bc0.5,1.0,1.0,13.16293830696572,44.0,0.0,0.0,0.0,0.0,1.0,0.0,0.0,1.0,3.0,shortcut,1,"(2,3)",7,
149,9300149,P_bc0.5,1.0,1.0,0.9028314692026955,9.0,0.0,1.0,1.0,1.0,0.0,0.0,1.0,0.0,0.0,lower,1,"(1,2)",42,
150,9300150,P_bc0.5,0.0,0.0,0.0,0.0,1.0,0.0,0.0,0.0,1.0,0.0,0.0,0.0,2.0,shortcut,1,"(1,3)",,8
151,9300151,P_bc0.5,0.0,0.0,0.0,0.0,1.0,0.0,0.0,0.0,1.0,0.0,0.0,1.0,2.0,shortcut,1,"(2,3)",,4
152,9300152,P_bc0.5,1.0,1.0,1.7827681742178785,15.0,0.0,1.0,1.0,1.0,0.0,0.0,0.0,0.0,0.0,lower,1,"(1,3)",36,
153,9300153,P_bc0.5,0.0,0.0,0.0,0.0,1.0,0.0,0.0,0.0,1.0,0.0,0.0,1.0,1.0,shortcut,1,"(2,3)",,5
154,9300154,P_bc0.5,1.0,1.0,11.72950912024697,42.0,0.0,1.0,1.0,1.0,0.0,0.0,1.0,0.0,0.0,lower,1,"(1,2)",9,
155,9300155,P_bc0.5,0.0,0.0,0.0,0.0,1.0,0.0,0.0,0.0,1.0,0.0,0.0,1.0,1.0,shortcut,2,"(2,3)",,4
156,9300156,P_bc0.5,0.0,0.0,0.0,0.0,0.0,1.0,1.0,1.0,0.0,0.0,1.0,0.0,0.0,lower,1,"(1,2)",,
157,9300157,P_bc0.5,1.0,1.0,4.608237848966204,27.0,0.0,1.0,1.0,1.0,0.0,0.0,0.0,0.0,0.0,lower,1,"(0,3)",24,
158,9300158,P_bc0.5,0.0,0.0,0.0,0.0,1.0,0.0,0.0,0.0,1.0,0.0,0.0,1.0,1.0,shortcut,1,"(2,3)",,5
159,9300159,P_bc0.5,1.0,1.0,2.9798113143170455,21.0,0.0,1.0,1.0,0.0,0.0,0.0,0.0,0.0,3.0,lower,5,"(0,3)",30,
160,9300160,P_bc0.5,0.0,0.0,0.0,0.0,1.0,0.0,0.0,0.0,1.0,0.0,0.0,0.0,3.0,shortcut,1,"(0,3)",,13
161,9300161,P_bc0.5,1.0,1.0,11.72950912024697,42.0,0.0,1.0,1.0,1.0,0.0,0.0,1.0,0.0,0.0,lower,1,"(1,2)",9,
162,9300162,P_bc0.5,0.0,0.0,0.0,0.0,1.0,0.0,0.0,0.0,1.0,0.0,0.0,1.0,1.0,shortcut,1,"(2,3)",,3
163,9300163,P_bc0.5,1.0,1.0,10.4358392792333,40.0,0.0,0.0,0.0,0.0,0.0,1.0,0.0,0.0,0.0,stuck_other,-1,none,11,
164,9300164,P_bc0.5,0.0,0.0,0.0,0.0,1.0,0.0,0.0,0.0,1.0,0.0,0.0,0.0,3.0,shortcut,1,"(0,3)",,11
165,9300165,P_bc0.5,1.0,1.0,11.066088688957908,41.0,0.0,1.0,1.0,1.0,0.0,0.0,1.0,0.0,0.0,lower,1,"(1,2)",10,
166,9300166,P_bc0.5,0.0,0.0,0.0,0.0,1.0,0.0,0.0,0.0,1.0,0.0,0.0,1.0,1.0,shortcut,1,"(2,3)",,3
167,9300167,P_bc0.5,0.0,0.0,0.0,0.0,1.0,0.0,0.0,0.0,1.0,0.0,0.0,1.0,1.0,shortcut,1,"(2,3)",,3
168,9300168,P_bc0.5,0.0,0.0,0.0,0.0,1.0,1.0,1.0,0.0,0.0,0.0,0.0,0.0,1.0,lower,1,"(0,3)",,14
169,9300169,P_bc0.5,0.0,0.0,0.0,0.0,1.0,0.0,0.0,0.0,1.0,0.0,0.0,1.0,5.0,shortcut,1,"(2,3)",,10
170,9300170,P_bc0.5,1.0,1.0,11.72950912024697,42.0,0.0,1.0,1.0,1.0,0.0,0.0,1.0,0.0,0.0,lower,1,"(1,2)",9,
171,9300171,P_bc0.5,1.0,1.0,13.16293830696572,44.0,0.0,0.0,0.0,0.0,1.0,0.0,0.0,1.0,4.0,shortcut,1,"(2,3)",7,
172,9300172,P_bc0.5,0.0,0.0,0.0,0.0,1.0,0.0,0.0,0.0,1.0,0.0,0.0,1.0,4.0,shortcut,1,"(2,3)",,6
173,9300173,P_bc0.5,0.0,0.0,0.0,0.0,1.0,0.0,0.0,0.0,1.0,0.0,0.0,0.0,1.0,shortcut,2,"(0,3)",,9
174,9300174,P_bc0.5,0.0,0.0,0.0,0.0,1.0,0.0,0.0,0.0,1.0,0.0,0.0,1.0,6.0,shortcut,1,"(2,3)",,9
175,9300175,P_bc0.5,1.0,1.0,5.272333020228028,29.0,0.0,1.0,1.0,1.0,0.0,0.0,1.0,0.0,0.0,lower,1,"(1,2)",22,
176,9300176,P_bc0.5,0.0,0.0,0.0,0.0,1.0,0.0,0.0,0.0,1.0,0.0,0.0,0.0,1.0,shortcut,1,"(0,3)",,5
177,9300177,P_bc0.5,0.0,0.0,0.0,0.0,1.0,0.0,0.0,0.0,1.0,0.0,0.0,1.0,2.0,shortcut,1,"(2,3)",,6
178,9300178,P_bc0.5,1.0,1.0,12.42784641634072,43.0,0.0,0.0,0.0,0.0,1.0,0.0,0.0,1.0,4.0,shortcut,1,"(2,3)",8,
179,9300179,P_bc0.5,0.0,0.0,0.0,0.0,1.0,1.0,1.0,1.0,0.0,0.0,1.0,0.0,1.0,lower,1,"(1,2)",,19
180,9300180,P_bc0.5,1.0,1.0,8.727942160055825,37.0,0.0,1.0,1.0,1.0,0.0,0.0,1.0,0.0,0.0,lower,1,"(1,2)",14,
181,9300181,P_bc0.5,0.0,0.0,0.0,0.0,1.0,0.0,0.0,0.0,1.0,0.0,0.0,1.0,3.0,shortcut,3,"(2,3)",,7
182,9300182,P_bc0.5,0.0,0.0,0.0,0.0,1.0,0.0,0.0,0.0,1.0,0.0,0.0,1.0,1.0,shortcut,1,"(2,3)",,6
183,9300183,P_bc0.5,0.0,0.0,0.0,0.0,1.0,0.0,0.0,0.0,1.0,0.0,0.0,1.0,2.0,shortcut,1,"(2,3)",,5
184,9300184,P_bc0.5,0.0,0.0,0.0,0.0,1.0,0.0,0.0,0.0,1.0,0.0,0.0,1.0,2.0,shortcut,1,"(2,3)",,5
185,9300185,P_bc0.5,0.0,0.0,0.0,0.0,1.0,0.0,0.0,0.0,1.0,0.0,0.0,1.0,2.0,shortcut,1,"(2,3)",,5
186,9300186,P_bc0.5,0.0,0.0,0.0,0.0,1.0,0.0,0.0,0.0,1.0,0.0,0.0,1.0,3.0,shortcut,1,"(2,3)",,5
187,9300187,P_bc0.5,0.0,0.0,0.0,0.0,1.0,0.0,0.0,0.0,1.0,0.0,0.0,1.0,4.0,shortcut,15,"(2,3)",,22
188,9300188,P_bc0.5,1.0,1.0,13.16293830696572,44.0,0.0,0.0,0.0,0.0,1.0,0.0,0.0,1.0,3.0,shortcut,1,"(2,3)",7,
189,9300189,P_bc0.5,0.0,0.0,0.0,0.0,1.0,0.0,0.0,0.0,1.0,0.0,0.0,1.0,1.0,shortcut,1,"(2,3)",,3
190,9300190,P_bc0.5,0.0,0.0,0.0,0.0,1.0,1.0,1.0,0.0,0.0,0.0,0.0,1.0,1.0,lower,1,"(2,3)",,12
191,9300191,P_bc0.5,1.0,1.0,13.16293830696572,44.0,0.0,0.0,0.0,0.0,1.0,0.0,0.0,1.0,3.0,shortcut,1,"(2,3)",7,
192,9300192,P_bc0.5,1.0,0.0,0.6983372960937497,1.0,1.0,0.0,0.0,0.0,1.0,0.0,0.0,1.0,8.0,shortcut,1,"(2,3)",8,12
193,9300193,P_bc0.5,0.0,0.0,0.0,0.0,1.0,0.0,0.0,0.0,1.0,0.0,0.0,1.0,2.0,shortcut,1,"(2,3)",,4
194,9300194,P_bc0.5,1.0,1.0,4.931771393939913,28.0,0.0,1.0,1.0,1.0,0.0,0.0,0.0,0.0,0.0,lower,1,"(1,3)",23,
195,9300195,P_bc0.5,1.0,1.0,4.931771393939913,28.0,0.0,1.0,1.0,0.0,0.0,0.0,0.0,1.0,3.0,lower,1,"(2,3)",23,
196,9300196,P_bc0.5,0.0,0.0,0.0,0.0,1.0,0.0,0.0,0.0,1.0,0.0,0.0,1.0,1.0,shortcut,1,"(2,3)",,8
197,9300197,P_bc0.5,0.0,0.0,0.0,0.0,1.0,0.0,0.0,0.0,1.0,0.0,0.0,1.0,1.0,shortcut,1,"(2,3)",,3
198,9300198,P_bc0.5,0.0,0.0,0.0,0.0,1.0,0.0,0.0,0.0,1.0,0.0,0.0,0.0,1.0,shortcut,2,"(1,3)",,5
199,9300199,P_bc0.5,0.0,0.0,0.0,0.0,1.0,0.0,0.0,0.0,1.0,0.0,0.0,1.0,1.0,shortcut,1,"(2,3)",,3
0,9300000,O_bc0.5,1.0,1.0,9.268302247718463,38.0,0.0,1.0,1.0,1.0,0.0,0.0,0.0,1.0,0.0,lower,1,"(2,3)",13,
1,9300001,O_bc0.5,0.0,0.0,0.0,0.0,1.0,0.0,0.0,0.0,1.0,0.0,0.0,1.0,3.0,shortcut,1,"(2,3)",,5
2,9300002,O_bc0.5,1.0,1.0,11.066088688957908,41.0,0.0,0.0,0.0,0.0,0.0,1.0,0.0,0.0,0.0,stuck_other,-1,none,10,
3,9300003,O_bc0.5,1.0,1.0,13.16293830696572,44.0,0.0,0.0,0.0,0.0,1.0,0.0,0.0,1.0,3.0,shortcut,1,"(2,3)",7,
4,9300004,O_bc0.5,0.0,0.0,0.0,0.0,1.0,0.0,0.0,0.0,1.0,0.0,0.0,0.0,1.0,shortcut,1,"(0,3)",,7
5,9300005,O_bc0.5,1.0,1.0,12.46460101087197,43.0,0.0,0.0,0.0,0.0,1.0,0.0,0.0,1.0,3.0,shortcut,1,"(2,3)",7,
6,9300006,O_bc0.5,0.0,0.0,0.0,0.0,1.0,0.0,0.0,0.0,1.0,0.0,0.0,1.0,2.0,shortcut,1,"(2,3)",,5
7,9300007,O_bc0.5,0.0,0.0,0.0,0.0,1.0,0.0,0.0,0.0,1.0,0.0,0.0,1.0,2.0,shortcut,1,"(2,3)",,5
8,9300008,O_bc0.5,0.0,0.0,0.0,0.0,1.0,0.0,0.0,0.0,1.0,0.0,0.0,1.0,3.0,shortcut,1,"(2,3)",,6
9,9300009,O_bc0.5,1.0,1.0,11.72950912024697,42.0,0.0,1.0,1.0,1.0,0.0,0.0,1.0,0.0,0.0,lower,1,"(1,2)",9,
10,9300010,O_bc0.5,0.0,0.0,0.0,0.0,1.0,0.0,0.0,0.0,1.0,0.0,0.0,1.0,1.0,shortcut,1,"(2,3)",,4
11,9300011,O_bc0.5,0.0,0.0,0.0,0.0,1.0,0.0,0.0,0.0,1.0,0.0,0.0,1.0,2.0,shortcut,1,"(2,3)",,4
12,9300012,O_bc0.5,0.0,0.0,0.0,0.0,1.0,0.0,0.0,0.0,1.0,0.0,0.0,1.0,4.0,shortcut,1,"(2,3)",,6
13,9300013,O_bc0.5,0.0,0.0,0.0,0.0,1.0,1.0,1.0,0.0,0.0,0.0,1.0,0.0,4.0,lower,1,"(1,2)",,11
14,9300014,O_bc0.5,0.0,0.0,0.0,0.0,1.0,0.0,0.0,0.0,1.0,0.0,0.0,1.0,3.0,shortcut,1,"(2,3)",,6
15,9300015,O_bc0.5,1.0,1.0,12.42784641634072,43.0,0.0,0.0,0.0,0.0,1.0,0.0,0.0,1.0,4.0,shortcut,1,"(2,3)",8,
16,9300016,O_bc0.5,1.0,1.0,10.4358392792333,40.0,0.0,1.0,1.0,1.0,0.0,0.0,1.0,0.0,0.0,lower,1,"(1,2)",11,
17,9300017,O_bc0.5,0.0,0.0,0.0,0.0,1.0,0.0,0.0,0.0,1.0,0.0,0.0,1.0,3.0,shortcut,1,"(2,3)",,7
18,9300018,O_bc0.5,0.0,0.0,0.0,0.0,1.0,0.0,0.0,0.0,1.0,0.0,0.0,1.0,1.0,shortcut,1,"(2,3)",,5
19,9300019,O_bc0.5,0.0,0.0,0.0,0.0,1.0,0.0,0.0,0.0,1.0,0.0,0.0,1.0,1.0,shortcut,1,"(2,3)",,3
20,9300020,O_bc0.5,1.0,1.0,12.42784641634072,43.0,0.0,0.0,0.0,0.0,1.0,0.0,0.0,1.0,5.0,shortcut,1,"(2,3)",8,
21,9300021,O_bc0.5,0.0,0.0,0.0,0.0,1.0,0.0,0.0,0.0,1.0,0.0,0.0,1.0,2.0,shortcut,1,"(2,3)",,5
22,9300022,O_bc0.5,0.0,0.0,0.0,0.0,1.0,0.0,0.0,0.0,1.0,0.0,0.0,1.0,1.0,shortcut,1,"(2,3)",,3
23,9300023,O_bc0.5,0.0,0.0,0.0,0.0,1.0,0.0,1.0,0.0,1.0,0.0,0.0,1.0,5.0,shortcut,1,"(2,3)",,13
24,9300024,O_bc0.5,1.0,1.0,8.727942160055825,37.0,0.0,0.0,0.0,0.0,0.0,1.0,0.0,0.0,0.0,stuck_other,-1,none,14,
25,9300025,O_bc0.5,1.0,1.0,9.296742252332283,38.0,0.0,1.0,1.0,1.0,0.0,0.0,1.0,0.0,0.0,lower,1,"(1,2)",12,
26,9300026,O_bc0.5,1.0,1.0,13.16293830696572,44.0,0.0,0.0,0.0,0.0,1.0,0.0,0.0,1.0,3.0,shortcut,1,"(2,3)",7,
27,9300027,O_bc0.5,1.0,1.0,11.72950912024697,42.0,0.0,0.0,0.0,0.0,1.0,0.0,0.0,1.0,4.0,shortcut,1,"(2,3)",9,
28,9300028,O_bc0.5,1.0,1.0,13.16293830696572,44.0,0.0,0.0,0.0,0.0,1.0,0.0,0.0,1.0,3.0,shortcut,1,"(2,3)",7,
29,9300029,O_bc0.5,0.0,0.0,0.0,0.0,1.0,0.0,0.0,0.0,1.0,0.0,0.0,1.0,1.0,shortcut,1,"(2,3)",,3
30,9300030,O_bc0.5,0.0,0.0,0.0,0.0,1.0,0.0,0.0,0.0,1.0,0.0,0.0,1.0,1.0,shortcut,1,"(2,3)",,3
31,9300031,O_bc0.5,0.0,0.0,0.0,0.0,1.0,0.0,0.0,0.0,1.0,0.0,0.0,1.0,1.0,shortcut,1,"(2,3)",,3
32,9300032,O_bc0.5,0.0,0.0,0.0,0.0,1.0,0.0,0.0,0.0,1.0,0.0,0.0,1.0,2.0,shortcut,1,"(2,3)",,4
33,9300033,O_bc0.5,1.0,1.0,9.268302247718463,38.0,0.0,1.0,1.0,0.0,0.0,0.0,0.0,1.0,5.0,lower,1,"(2,3)",13,
34,9300034,O_bc0.5,1.0,1.0,13.16293830696572,44.0,0.0,0.0,0.0,0.0,1.0,0.0,0.0,1.0,3.0,shortcut,1,"(2,3)",7,
35,9300035,O_bc0.5,0.0,0.0,0.0,0.0,1.0,0.0,0.0,0.0,1.0,0.0,0.0,1.0,3.0,shortcut,1,"(2,3)",,5
36,9300036,O_bc0.5,0.0,0.0,0.0,0.0,1.0,0.0,0.0,0.0,1.0,0.0,0.0,1.0,2.0,shortcut,1,"(2,3)",,4
37,9300037,O_bc0.5,0.0,0.0,0.0,0.0,1.0,0.0,0.0,0.0,1.0,0.0,0.0,1.0,2.0,shortcut,1,"(2,3)",,6
38,9300038,O_bc0.5,1.0,1.0,11.066088688957908,41.0,0.0,0.0,0.0,0.0,1.0,0.0,0.0,1.0,6.0,shortcut,1,"(2,3)",10,
39,9300039,O_bc0.5,1.0,1.0,13.16293830696572,44.0,0.0,0.0,0.0,0.0,1.0,0.0,0.0,1.0,3.0,shortcut,1,"(2,3)",7,
40,9300040,O_bc0.5,1.0,1.0,13.16293830696572,44.0,0.0,0.0,0.0,0.0,1.0,0.0,0.0,1.0,3.0,shortcut,1,"(2,3)",7,
41,9300041,O_bc0.5,1.0,1.0,13.16293830696572,44.0,0.0,0.0,0.0,0.0,1.0,0.0,0.0,1.0,3.0,shortcut,1,"(2,3)",7,
42,9300042,O_bc0.5,1.0,1.0,9.837102339994921,39.0,0.0,0.0,0.0,0.0,1.0,0.0,0.0,1.0,4.0,shortcut,4,"(2,3)",12,
43,9300043,O_bc0.5,1.0,1.0,13.16293830696572,44.0,0.0,0.0,0.0,0.0,1.0,0.0,0.0,1.0,3.0,shortcut,1,"(2,3)",7,
44,9300044,O_bc0.5,0.0,0.0,0.0,0.0,1.0,0.0,0.0,0.0,1.0,0.0,0.0,1.0,3.0,shortcut,1,"(2,3)",,5
45,9300045,O_bc0.5,1.0,1.0,9.837102339994921,39.0,0.0,1.0,1.0,1.0,0.0,0.0,1.0,0.0,0.0,lower,1,"(1,2)",12,
46,9300046,O_bc0.5,0.0,0.0,0.0,0.0,1.0,0.0,0.0,0.0,1.0,0.0,0.0,1.0,3.0,shortcut,1,"(2,3)",,5
47,9300047,O_bc0.5,1.0,1.0,10.4358392792333,40.0,0.0,1.0,1.0,1.0,0.0,0.0,1.0,0.0,0.0,lower,1,"(1,2)",11,
48,9300048,O_bc0.5,0.0,0.0,0.0,0.0,1.0,0.0,0.0,0.0,1.0,0.0,0.0,1.0,1.0,shortcut,1,"(2,3)",,3
49,9300049,O_bc0.5,1.0,1.0,13.16293830696572,44.0,0.0,0.0,0.0,0.0,1.0,0.0,0.0,1.0,3.0,shortcut,1,"(2,3)",7,
50,9300050,O_bc0.5,1.0,1.0,13.16293830696572,44.0,0.0,0.0,0.0,0.0,1.0,0.0,0.0,1.0,3.0,shortcut,1,"(2,3)",7,
51,9300051,O_bc0.5,1.0,1.0,13.16293830696572,44.0,0.0,0.0,0.0,0.0,1.0,0.0,0.0,1.0,3.0,shortcut,1,"(2,3)",7,
52,9300052,O_bc0.5,0.0,0.0,0.0,0.0,1.0,0.0,0.0,0.0,1.0,0.0,0.0,1.0,3.0,shortcut,1,"(2,3)",,5
53,9300053,O_bc0.5,0.0,0.0,0.0,0.0,1.0,0.0,0.0,0.0,1.0,0.0,0.0,1.0,1.0,shortcut,1,"(2,3)",,3
54,9300054,O_bc0.5,0.0,0.0,0.0,0.0,1.0,0.0,0.0,0.0,1.0,0.0,0.0,1.0,1.0,shortcut,1,"(2,3)",,3
55,9300055,O_bc0.5,0.0,0.0,0.0,0.0,1.0,0.0,0.0,0.0,1.0,0.0,0.0,1.0,2.0,shortcut,1,"(2,3)",,5
56,9300056,O_bc0.5,0.0,0.0,0.0,0.0,1.0,1.0,1.0,0.0,0.0,0.0,1.0,0.0,1.0,lower,1,"(1,2)",,7
57,9300057,O_bc0.5,0.0,0.0,0.0,0.0,1.0,0.0,0.0,0.0,1.0,0.0,0.0,1.0,1.0,shortcut,1,"(2,3)",,3
58,9300058,O_bc0.5,0.0,0.0,0.0,0.0,1.0,0.0,0.0,0.0,1.0,0.0,0.0,1.0,3.0,shortcut,1,"(2,3)",,5
59,9300059,O_bc0.5,0.0,0.0,0.0,0.0,1.0,0.0,0.0,0.0,1.0,0.0,0.0,1.0,2.0,shortcut,1,"(2,3)",,4
60,9300060,O_bc0.5,1.0,1.0,8.214600076776321,36.0,0.0,1.0,1.0,1.0,0.0,0.0,0.0,0.0,0.0,lower,1,"(0,3)",15,
61,9300061,O_bc0.5,0.0,0.0,0.0,0.0,1.0,0.0,0.0,0.0,1.0,0.0,0.0,1.0,3.0,shortcut,1,"(2,3)",,5
62,9300062,O_bc0.5,1.0,1.0,11.72950912024697,42.0,0.0,0.0,0.0,0.0,0.0,1.0,0.0,0.0,0.0,stuck_other,-1,none,9,
63,9300063,O_bc0.5,0.0,0.0,0.0,0.0,1.0,0.0,0.0,0.0,1.0,0.0,0.0,1.0,2.0,shortcut,1,"(2,3)",,5
64,9300064,O_bc0.5,0.0,0.0,0.0,0.0,1.0,0.0,0.0,0.0,1.0,0.0,0.0,1.0,5.0,shortcut,1,"(2,3)",,13
65,9300065,O_bc0.5,0.0,0.0,0.0,0.0,1.0,0.0,0.0,0.0,1.0,0.0,0.0,1.0,2.0,shortcut,1,"(2,3)",,4
66,9300066,O_bc0.5,0.0,0.0,0.0,0.0,1.0,0.0,0.0,0.0,1.0,0.0,0.0,1.0,2.0,shortcut,1,"(2,3)",,5
67,9300067,O_bc0.5,0.0,0.0,0.0,0.0,1.0,0.0,0.0,0.0,1.0,0.0,0.0,1.0,1.0,shortcut,3,"(2,3)",,6
68,9300068,O_bc0.5,1.0,1.0,13.16293830696572,44.0,0.0,0.0,0.0,0.0,1.0,0.0,0.0,1.0,3.0,shortcut,1,"(2,3)",7,
69,9300069,O_bc0.5,0.0,0.0,0.0,0.0,1.0,0.0,0.0,0.0,1.0,0.0,0.0,1.0,3.0,shortcut,1,"(2,3)",,5
70,9300070,O_bc0.5,1.0,1.0,13.16293830696572,44.0,0.0,0.0,0.0,0.0,1.0,0.0,0.0,1.0,3.0,shortcut,1,"(2,3)",7,
71,9300071,O_bc0.5,0.0,0.0,0.0,0.0,1.0,0.0,0.0,0.0,1.0,0.0,0.0,1.0,3.0,shortcut,1,"(2,3)",,5
72,9300072,O_bc0.5,0.0,0.0,0.0,0.0,1.0,0.0,0.0,0.0,1.0,0.0,0.0,1.0,6.0,shortcut,1,"(2,3)",,8
73,9300073,O_bc0.5,1.0,1.0,13.16293830696572,44.0,0.0,0.0,0.0,0.0,1.0,0.0,0.0,1.0,3.0,shortcut,1,"(2,3)",7,
74,9300074,O_bc0.5,1.0,1.0,6.4053868636300955,32.0,0.0,1.0,1.0,1.0,0.0,0.0,1.0,0.0,0.0,lower,1,"(1,2)",19,
75,9300075,O_bc0.5,1.0,1.0,11.72950912024697,42.0,0.0,0.0,0.0,0.0,0.0,1.0,0.0,0.0,0.0,stuck_other,-1,none,9,
76,9300076,O_bc0.5,0.0,0.0,0.0,0.0,1.0,0.0,0.0,0.0,1.0,0.0,0.0,1.0,1.0,shortcut,1,"(2,3)",,3
77,9300077,O_bc0.5,0.0,0.0,0.0,0.0,1.0,1.0,1.0,0.0,0.0,0.0,0.0,1.0,2.0,lower,1,"(2,3)",,6
78,9300078,O_bc0.5,0.0,0.0,0.0,0.0,1.0,0.0,0.0,0.0,1.0,0.0,0.0,1.0,5.0,shortcut,1,"(2,3)",,10
79,9300079,O_bc0.5,0.0,0.0,0.0,0.0,1.0,0.0,0.0,0.0,1.0,0.0,0.0,1.0,2.0,shortcut,1,"(2,3)",,4
80,9300080,O_bc0.5,0.0,0.0,0.0,0.0,1.0,0.0,0.0,0.0,1.0,0.0,0.0,1.0,5.0,shortcut,1,"(2,3)",,8
81,9300081,O_bc0.5,1.0,1.0,13.16293830696572,44.0,0.0,0.0,0.0,0.0,1.0,0.0,0.0,1.0,3.0,shortcut,1,"(2,3)",7,
82,9300082,O_bc0.5,1.0,1.0,9.268302247718463,38.0,0.0,0.0,0.0,0.0,1.0,0.0,0.0,0.0,3.0,shortcut,3,"(1,3)",13,
83,9300083,O_bc0.5,0.0,0.0,0.0,0.0,1.0,0.0,0.0,0.0,1.0,0.0,0.0,1.0,3.0,shortcut,1,"(2,3)",,5
84,9300084,O_bc0.5,1.0,1.0,11.72950912024697,42.0,0.0,0.0,0.0,0.0,0.0,1.0,0.0,0.0,0.0,stuck_other,-1,none,9,
85,9300085,O_bc0.5,1.0,1.0,13.16293830696572,44.0,0.0,0.0,0.0,0.0,1.0,0.0,0.0,1.0,3.0,shortcut,1,"(2,3)",7,
86,9300086,O_bc0.5,0.0,0.0,0.0,0.0,1.0,0.0,0.0,0.0,1.0,0.0,0.0,1.0,1.0,shortcut,1,"(2,3)",,4
87,9300087,O_bc0.5,0.0,0.0,0.0,0.0,1.0,0.0,0.0,0.0,1.0,0.0,0.0,1.0,3.0,shortcut,1,"(2,3)",,8
88,9300088,O_bc0.5,1.0,1.0,11.72950912024697,42.0,0.0,0.0,0.0,0.0,1.0,0.0,0.0,1.0,3.0,shortcut,1,"(2,3)",9,
89,9300089,O_bc0.5,1.0,1.0,8.214600076776321,36.0,0.0,1.0,1.0,1.0,0.0,0.0,0.0,1.0,0.0,lower,1,"(2,3)",15,
90,9300090,O_bc0.5,1.0,1.0,11.72950912024697,42.0,0.0,1.0,1.0,1.0,0.0,0.0,1.0,0.0,0.0,lower,1,"(1,2)",9,
91,9300091,O_bc0.5,0.0,0.0,0.0,0.0,1.0,0.0,0.0,0.0,1.0,0.0,0.0,1.0,7.0,shortcut,1,"(2,3)",,9
92,9300092,O_bc0.5,0.0,0.0,0.0,0.0,1.0,0.0,0.0,0.0,1.0,0.0,0.0,1.0,1.0,shortcut,1,"(2,3)",,3
93,9300093,O_bc0.5,0.0,0.0,0.0,0.0,1.0,0.0,0.0,0.0,1.0,0.0,0.0,0.0,1.0,shortcut,1,"(0,3)",,5
94,9300094,O_bc0.5,0.0,0.0,0.0,0.0,1.0,0.0,0.0,0.0,1.0,0.0,0.0,1.0,1.0,shortcut,1,"(2,3)",,3
95,9300095,O_bc0.5,0.0,0.0,0.0,0.0,1.0,0.0,0.0,0.0,1.0,0.0,0.0,1.0,1.0,shortcut,1,"(2,3)",,4
96,9300096,O_bc0.5,1.0,0.0,0.6983372960937497,1.0,1.0,0.0,0.0,0.0,1.0,0.0,0.0,1.0,4.0,shortcut,1,"(2,3)",8,10
97,9300097,O_bc0.5,0.0,0.0,0.0,0.0,1.0,0.0,0.0,0.0,1.0,0.0,0.0,1.0,3.0,shortcut,1,"(2,3)",,5
98,9300098,O_bc0.5,1.0,1.0,13.16293830696572,44.0,0.0,0.0,0.0,0.0,1.0,0.0,0.0,1.0,3.0,shortcut,1,"(2,3)",7,
99,9300099,O_bc0.5,0.0,0.0,0.0,0.0,1.0,0.0,0.0,0.0,1.0,0.0,0.0,1.0,1.0,shortcut,1,"(2,3)",,3
100,9300100,O_bc0.5,1.0,1.0,8.214600076776321,36.0,0.0,1.0,1.0,1.0,0.0,0.0,0.0,1.0,0.0,lower,1,"(2,3)",15,
101,9300101,O_bc0.5,0.0,0.0,0.0,0.0,1.0,0.0,0.0,0.0,1.0,0.0,0.0,1.0,1.0,shortcut,1,"(2,3)",,3
102,9300102,O_bc0.5,0.0,0.0,0.0,0.0,1.0,0.0,0.0,0.0,1.0,0.0,0.0,1.0,2.0,shortcut,1,"(2,3)",,4
103,9300103,O_bc0.5,1.0,1.0,12.42784641634072,43.0,0.0,0.0,0.0,0.0,1.0,0.0,0.0,1.0,3.0,shortcut,1,"(2,3)",8,
104,9300104,O_bc0.5,0.0,0.0,0.0,0.0,1.0,0.0,0.0,0.0,1.0,0.0,0.0,1.0,2.0,shortcut,1,"(2,3)",,4
105,9300105,O_bc0.5,0.0,0.0,0.0,0.0,1.0,0.0,0.0,0.0,1.0,0.0,0.0,1.0,5.0,shortcut,2,"(2,3)",,9
106,9300106,O_bc0.5,0.0,0.0,0.0,0.0,1.0,0.0,0.0,0.0,1.0,0.0,0.0,1.0,2.0,shortcut,1,"(2,3)",,4
107,9300107,O_bc0.5,0.0,0.0,0.0,0.0,1.0,1.0,1.0,0.0,0.0,0.0,1.0,0.0,3.0,lower,1,"(1,2)",,13
108,9300108,O_bc0.5,0.0,0.0,0.0,0.0,1.0,0.0,0.0,0.0,1.0,0.0,0.0,1.0,3.0,shortcut,1,"(2,3)",,5
109,9300109,O_bc0.5,0.0,0.0,0.0,0.0,1.0,0.0,0.0,0.0,1.0,0.0,0.0,1.0,4.0,shortcut,1,"(2,3)",,7
110,9300110,O_bc0.5,0.0,0.0,0.0,0.0,1.0,0.0,0.0,0.0,1.0,0.0,0.0,1.0,4.0,shortcut,1,"(2,3)",,8
111,9300111,O_bc0.5,0.0,0.0,0.0,0.0,1.0,0.0,0.0,0.0,1.0,0.0,0.0,1.0,1.0,shortcut,1,"(2,3)",,3
112,9300112,O_bc0.5,0.0,0.0,0.0,0.0,1.0,0.0,0.0,0.0,1.0,0.0,0.0,1.0,3.0,shortcut,1,"(2,3)",,5
113,9300113,O_bc0.5,1.0,1.0,13.16293830696572,44.0,0.0,0.0,0.0,0.0,1.0,0.0,0.0,1.0,4.0,shortcut,1,"(2,3)",7,
114,9300114,O_bc0.5,0.0,0.0,0.0,0.0,1.0,0.0,0.0,0.0,1.0,0.0,0.0,1.0,3.0,shortcut,1,"(2,3)",,7
115,9300115,O_bc0.5,0.0,0.0,0.0,0.0,1.0,0.0,0.0,0.0,1.0,0.0,0.0,1.0,1.0,shortcut,1,"(2,3)",,3
116,9300116,O_bc0.5,1.0,1.0,13.16293830696572,44.0,0.0,0.0,0.0,0.0,1.0,0.0,0.0,1.0,3.0,shortcut,1,"(2,3)",7,
117,9300117,O_bc0.5,0.0,0.0,0.0,0.0,1.0,0.0,0.0,0.0,1.0,0.0,0.0,1.0,2.0,shortcut,1,"(2,3)",,4
118,9300118,O_bc0.5,1.0,1.0,13.16293830696572,44.0,0.0,0.0,0.0,0.0,1.0,0.0,0.0,1.0,3.0,shortcut,1,"(2,3)",7,
119,9300119,O_bc0.5,0.0,0.0,0.0,0.0,1.0,0.0,0.0,0.0,1.0,0.0,0.0,1.0,2.0,shortcut,1,"(2,3)",,7
120,9300120,O_bc0.5,0.0,0.0,0.0,0.0,1.0,0.0,0.0,0.0,1.0,0.0,0.0,1.0,2.0,shortcut,1,"(2,3)",,6
121,9300121,O_bc0.5,1.0,1.0,13.16293830696572,44.0,0.0,0.0,0.0,0.0,1.0,0.0,0.0,1.0,3.0,shortcut,1,"(2,3)",7,
122,9300122,O_bc0.5,0.0,0.0,0.0,0.0,1.0,0.0,0.0,0.0,1.0,0.0,0.0,1.0,1.0,shortcut,1,"(2,3)",,3
123,9300123,O_bc0.5,0.0,0.0,0.0,0.0,1.0,0.0,0.0,0.0,1.0,0.0,0.0,1.0,1.0,shortcut,1,"(2,3)",,6
124,9300124,O_bc0.5,1.0,1.0,8.390345528949851,36.0,0.0,0.0,0.0,0.0,1.0,0.0,0.0,1.0,9.0,shortcut,1,"(2,3)",9,
125,9300125,O_bc0.5,1.0,1.0,13.16293830696572,44.0,0.0,0.0,0.0,0.0,1.0,0.0,0.0,1.0,3.0,shortcut,1,"(2,3)",7,
126,9300126,O_bc0.5,0.0,0.0,0.0,0.0,1.0,0.0,0.0,0.0,1.0,0.0,0.0,1.0,2.0,shortcut,1,"(2,3)",,4
127,9300127,O_bc0.5,1.0,1.0,10.4358392792333,40.0,0.0,1.0,1.0,1.0,0.0,0.0,1.0,0.0,0.0,lower,1,"(1,2)",11,
128,9300128,O_bc0.5,1.0,1.0,9.268302247718463,38.0,0.0,0.0,0.0,0.0,1.0,0.0,0.0,1.0,6.0,shortcut,1,"(2,3)",13,
129,9300129,O_bc0.5,1.0,1.0,13.16293830696572,44.0,0.0,0.0,0.0,0.0,1.0,0.0,0.0,1.0,3.0,shortcut,1,"(2,3)",7,
130,9300130,O_bc0.5,1.0,1.0,11.72950912024697,42.0,0.0,1.0,1.0,1.0,0.0,0.0,1.0,0.0,0.0,lower,1,"(1,2)",9,
131,9300131,O_bc0.5,0.0,0.0,0.0,0.0,1.0,0.0,0.0,0.0,1.0,0.0,0.0,1.0,2.0,shortcut,1,"(2,3)",,4
132,9300132,O_bc0.5,0.0,0.0,0.0,0.0,1.0,0.0,0.0,0.0,1.0,0.0,0.0,1.0,3.0,shortcut,1,"(2,3)",,5
133,9300133,O_bc0.5,0.0,0.0,0.0,0.0,1.0,0.0,0.0,0.0,1.0,0.0,0.0,1.0,3.0,shortcut,1,"(2,3)",,5
134,9300134,O_bc0.5,0.0,0.0,0.0,0.0,1.0,0.0,0.0,0.0,1.0,0.0,0.0,1.0,2.0,shortcut,1,"(2,3)",,4
135,9300135,O_bc0.5,0.0,0.0,0.0,0.0,1.0,0.0,0.0,0.0,0.0,1.0,0.0,0.0,2.0,stuck_other,-1,none,,10
136,9300136,O_bc0.5,0.0,0.0,0.0,0.0,1.0,0.0,0.0,0.0,1.0,0.0,0.0,1.0,4.0,shortcut,1,"(2,3)",,8
137,9300137,O_bc0.5,1.0,1.0,11.72950912024697,42.0,0.0,1.0,1.0,1.0,0.0,0.0,1.0,0.0,0.0,lower,1,"(1,2)",9,
138,9300138,O_bc0.5,1.0,1.0,4.300880981241181,26.0,0.0,1.0,1.0,1.0,0.0,0.0,0.0,1.0,3.0,lower,1,"(2,3)",25,
139,9300139,O_bc0.5,0.0,0.0,0.0,0.0,1.0,0.0,0.0,0.0,1.0,0.0,0.0,1.0,3.0,shortcut,1,"(2,3)",,5
140,9300140,O_bc0.5,0.0,0.0,0.0,0.0,1.0,0.0,0.0,0.0,1.0,0.0,0.0,1.0,1.0,shortcut,1,"(2,3)",,3
141,9300141,O_bc0.5,0.0,0.0,0.0,0.0,1.0,0.0,0.0,0.0,1.0,0.0,0.0,1.0,2.0,shortcut,1,"(2,3)",,4
142,9300142,O_bc0.5,1.0,1.0,11.72950912024697,42.0,0.0,1.0,1.0,1.0,0.0,0.0,1.0,0.0,0.0,lower,1,"(1,2)",9,
143,9300143,O_bc0.5,1.0,1.0,13.16293830696572,44.0,0.0,0.0,0.0,0.0,1.0,0.0,0.0,1.0,3.0,shortcut,1,"(2,3)",7,
144,9300144,O_bc0.5,0.0,0.0,0.0,0.0,1.0,0.0,0.0,0.0,1.0,0.0,0.0,1.0,1.0,shortcut,1,"(2,3)",,3
145,9300145,O_bc0.5,1.0,1.0,11.066088688957908,41.0,0.0,0.0,0.0,0.0,0.0,1.0,0.0,0.0,0.0,stuck_other,-1,none,10,
146,9300146,O_bc0.5,0.0,0.0,0.0,0.0,1.0,0.0,0.0,0.0,1.0,0.0,0.0,1.0,5.0,shortcut,1,"(2,3)",,8
147,9300147,O_bc0.5,0.0,0.0,0.0,0.0,1.0,0.0,0.0,0.0,1.0,0.0,0.0,1.0,2.0,shortcut,1,"(2,3)",,4
148,9300148,O_bc0.5,1.0,1.0,13.16293830696572,44.0,0.0,0.0,0.0,0.0,1.0,0.0,0.0,1.0,3.0,shortcut,1,"(2,3)",7,
149,9300149,O_bc0.5,1.0,1.0,11.066088688957908,41.0,0.0,1.0,1.0,1.0,0.0,0.0,1.0,0.0,0.0,lower,1,"(1,2)",10,
150,9300150,O_bc0.5,0.0,0.0,0.0,0.0,1.0,0.0,0.0,0.0,1.0,0.0,0.0,1.0,2.0,shortcut,1,"(2,3)",,6
151,9300151,O_bc0.5,0.0,0.0,0.0,0.0,1.0,0.0,0.0,0.0,1.0,0.0,0.0,1.0,2.0,shortcut,1,"(2,3)",,4
152,9300152,O_bc0.5,0.0,0.0,0.0,0.0,1.0,0.0,0.0,0.0,1.0,0.0,0.0,1.0,2.0,shortcut,1,"(2,3)",,5
153,9300153,O_bc0.5,0.0,0.0,0.0,0.0,1.0,0.0,0.0,0.0,1.0,0.0,0.0,1.0,1.0,shortcut,1,"(2,3)",,5
154,9300154,O_bc0.5,1.0,1.0,11.72950912024697,42.0,0.0,1.0,1.0,1.0,0.0,0.0,1.0,0.0,0.0,lower,1,"(1,2)",9,
155,9300155,O_bc0.5,0.0,0.0,0.0,0.0,1.0,0.0,0.0,0.0,1.0,0.0,0.0,1.0,1.0,shortcut,1,"(2,3)",,3
156,9300156,O_bc0.5,1.0,1.0,8.727942160055825,37.0,0.0,1.0,1.0,1.0,0.0,0.0,1.0,0.0,0.0,lower,1,"(1,2)",14,
157,9300157,O_bc0.5,1.0,1.0,8.214600076776321,36.0,0.0,1.0,1.0,1.0,0.0,0.0,0.0,0.0,0.0,lower,1,"(0,3)",15,
158,9300158,O_bc0.5,0.0,0.0,0.0,0.0,1.0,0.0,0.0,0.0,1.0,0.0,0.0,1.0,1.0,shortcut,1,"(2,3)",,5
159,9300159,O_bc0.5,0.0,0.0,0.0,0.0,1.0,1.0,1.0,0.0,0.0,0.0,0.0,1.0,1.0,lower,1,"(2,3)",,5
160,9300160,O_bc0.5,0.0,0.0,0.0,0.0,1.0,1.0,1.0,0.0,0.0,0.0,1.0,0.0,3.0,lower,1,"(1,2)",,10
161,9300161,O_bc0.5,0.0,0.0,0.0,0.0,1.0,0.0,0.0,0.0,1.0,0.0,0.0,1.0,2.0,shortcut,1,"(2,3)",,4
162,9300162,O_bc0.5,0.0,0.0,0.0,0.0,1.0,0.0,0.0,0.0,1.0,0.0,0.0,1.0,1.0,shortcut,1,"(2,3)",,3
163,9300163,O_bc0.5,1.0,1.0,11.066088688957908,41.0,0.0,1.0,1.0,1.0,0.0,0.0,1.0,0.0,0.0,lower,1,"(1,2)",10,
164,9300164,O_bc0.5,0.0,0.0,0.0,0.0,1.0,0.0,0.0,0.0,1.0,0.0,0.0,0.0,2.0,shortcut,1,"(0,3)",,7
165,9300165,O_bc0.5,1.0,1.0,11.72950912024697,42.0,0.0,1.0,1.0,1.0,0.0,0.0,1.0,0.0,0.0,lower,1,"(1,2)",9,
166,9300166,O_bc0.5,0.0,0.0,0.0,0.0,1.0,0.0,0.0,0.0,1.0,0.0,0.0,1.0,1.0,shortcut,1,"(2,3)",,3
167,9300167,O_bc0.5,0.0,0.0,0.0,0.0,1.0,0.0,0.0,0.0,1.0,0.0,0.0,1.0,1.0,shortcut,1,"(2,3)",,3
168,9300168,O_bc0.5,0.0,0.0,0.0,0.0,1.0,1.0,1.0,0.0,0.0,0.0,0.0,0.0,1.0,lower,1,"(0,3)",,14
169,9300169,O_bc0.5,0.0,0.0,0.0,0.0,1.0,0.0,0.0,0.0,1.0,0.0,0.0,1.0,9.0,shortcut,1,"(2,3)",,13
170,9300170,O_bc0.5,1.0,1.0,11.72950912024697,42.0,0.0,1.0,1.0,1.0,0.0,0.0,1.0,0.0,0.0,lower,1,"(1,2)",9,
171,9300171,O_bc0.5,1.0,1.0,13.16293830696572,44.0,0.0,0.0,0.0,0.0,1.0,0.0,0.0,1.0,4.0,shortcut,1,"(2,3)",7,
172,9300172,O_bc0.5,0.0,0.0,0.0,0.0,1.0,0.0,0.0,0.0,1.0,0.0,0.0,1.0,2.0,shortcut,1,"(2,3)",,4
173,9300173,O_bc0.5,1.0,1.0,11.72950912024697,42.0,0.0,0.0,0.0,0.0,1.0,0.0,0.0,1.0,3.0,shortcut,1,"(2,3)",9,
174,9300174,O_bc0.5,0.0,0.0,0.0,0.0,1.0,0.0,0.0,0.0,1.0,0.0,0.0,1.0,6.0,shortcut,1,"(2,3)",,9
175,9300175,O_bc0.5,0.0,0.0,0.0,0.0,1.0,0.0,0.0,0.0,1.0,0.0,0.0,1.0,1.0,shortcut,1,"(2,3)",,3
176,9300176,O_bc0.5,0.0,0.0,0.0,0.0,1.0,0.0,0.0,0.0,1.0,0.0,0.0,0.0,1.0,shortcut,1,"(1,3)",,4
177,9300177,O_bc0.5,0.0,0.0,0.0,0.0,1.0,0.0,0.0,0.0,1.0,0.0,0.0,1.0,2.0,shortcut,1,"(2,3)",,6
178,9300178,O_bc0.5,1.0,1.0,12.42784641634072,43.0,0.0,0.0,0.0,0.0,1.0,0.0,0.0,1.0,4.0,shortcut,1,"(2,3)",8,
179,9300179,O_bc0.5,1.0,1.0,10.4358392792333,40.0,0.0,1.0,1.0,1.0,0.0,0.0,1.0,0.0,0.0,lower,1,"(1,2)",11,
180,9300180,O_bc0.5,1.0,1.0,10.4358392792333,40.0,0.0,1.0,1.0,1.0,0.0,0.0,1.0,0.0,0.0,lower,1,"(1,2)",11,
181,9300181,O_bc0.5,0.0,0.0,0.0,0.0,1.0,0.0,0.0,0.0,1.0,0.0,0.0,1.0,4.0,shortcut,1,"(2,3)",,6
182,9300182,O_bc0.5,1.0,1.0,12.42784641634072,43.0,0.0,0.0,0.0,0.0,1.0,0.0,0.0,1.0,4.0,shortcut,1,"(2,3)",8,
183,9300183,O_bc0.5,0.0,0.0,0.0,0.0,1.0,0.0,0.0,0.0,1.0,0.0,0.0,1.0,2.0,shortcut,1,"(2,3)",,5
184,9300184,O_bc0.5,1.0,1.0,11.72950912024697,42.0,0.0,0.0,0.0,0.0,1.0,0.0,0.0,1.0,5.0,shortcut,1,"(2,3)",9,
185,9300185,O_bc0.5,0.0,0.0,0.0,0.0,1.0,0.0,0.0,0.0,1.0,0.0,0.0,1.0,1.0,shortcut,1,"(2,3)",,3
186,9300186,O_bc0.5,1.0,1.0,13.16293830696572,44.0,0.0,0.0,0.0,0.0,1.0,0.0,0.0,1.0,3.0,shortcut,1,"(2,3)",7,
187,9300187,O_bc0.5,1.0,1.0,6.823507198849272,33.0,0.0,1.0,1.0,1.0,0.0,0.0,1.0,0.0,0.0,lower,1,"(1,2)",18,
188,9300188,O_bc0.5,1.0,1.0,13.16293830696572,44.0,0.0,0.0,0.0,0.0,1.0,0.0,0.0,1.0,3.0,shortcut,1,"(2,3)",7,
189,9300189,O_bc0.5,0.0,0.0,0.0,0.0,1.0,0.0,0.0,0.0,1.0,0.0,0.0,1.0,1.0,shortcut,1,"(2,3)",,3
190,9300190,O_bc0.5,0.0,0.0,0.0,0.0,1.0,0.0,0.0,0.0,1.0,0.0,0.0,1.0,2.0,shortcut,1,"(2,3)",,6
191,9300191,O_bc0.5,1.0,1.0,13.16293830696572,44.0,0.0,0.0,0.0,0.0,1.0,0.0,0.0,1.0,3.0,shortcut,1,"(2,3)",7,
192,9300192,O_bc0.5,0.0,0.0,0.0,0.0,1.0,0.0,0.0,0.0,1.0,0.0,0.0,1.0,8.0,shortcut,1,"(2,3)",,17
193,9300193,O_bc0.5,0.0,0.0,0.0,0.0,1.0,0.0,0.0,0.0,1.0,0.0,0.0,1.0,2.0,shortcut,1,"(2,3)",,4
194,9300194,O_bc0.5,0.0,0.0,0.0,0.0,1.0,0.0,0.0,0.0,1.0,0.0,0.0,1.0,2.0,shortcut,1,"(2,3)",,6
195,9300195,O_bc0.5,0.0,0.0,0.0,0.0,1.0,0.0,0.0,0.0,1.0,0.0,0.0,1.0,1.0,shortcut,1,"(2,3)",,5
196,9300196,O_bc0.5,0.0,0.0,0.0,0.0,1.0,0.0,0.0,0.0,1.0,0.0,0.0,1.0,2.0,shortcut,1,"(2,3)",,5
197,9300197,O_bc0.5,0.0,0.0,0.0,0.0,1.0,0.0,0.0,0.0,1.0,0.0,0.0,1.0,1.0,shortcut,1,"(2,3)",,3
198,9300198,O_bc0.5,0.0,0.0,0.0,0.0,1.0,0.0,0.0,0.0,1.0,0.0,0.0,1.0,3.0,shortcut,1,"(2,3)",,6
199,9300199,O_bc0.5,0.0,0.0,0.0,0.0,1.0,0.0,0.0,0.0,1.0,0.0,0.0,1.0,1.0,shortcut,1,"(2,3)",,3
