episode,policy,reach,strict_success,discounted_return,undiscounted_return,absorbed,lower_route,entered_1_2,reached_y_below_2,shortcut,stuck_other,first_departure_1_2,first_departure_2_3,hazard_landings,route_class,departure_time,first_departure_cell,time_to_goal,death_time
0,P_bc0.2,0.0,0.0,0.0,0.0,0.0,1.0,1.0,1.0,0.0,0.0,1.0,0.0,0.0,lower,2,"(1,2)",,
1,P_bc0.2,0.0,0.0,0.0,0.0,1.0,0.0,0.0,0.0,1.0,0.0,0.0,1.0,3.0,shortcut,2,"(2,3)",,5
2,P_bc0.2,1.0,1.0,11.72950912024697,42.0,0.0,1.0,1.0,1.0,0.0,0.0,1.0,0.0,0.0,lower,1,"(1,2)",9,
3,P_bc0.2,1.0,1.0,11.72950912024697,42.0,0.0,1.0,1.0,1.0,0.0,0.0,1.0,0.0,0.0,lower,2,"(1,2)",9,
4,P_bc0.2,0.0,0.0,0.0,0.0,0.0,1.0,1.0,1.0,0.0,0.0,1.0,0.0,0.0,lower,3,"(1,2)",,
5,P_bc0.2,0.0,0.0,0.0,0.0,0.0,1.0,1.0,1.0,0.0,0.0,1.0,0.0,0.0,lower,2,"(1,2)",,
6,P_bc0.2,0.0,0.0,0.0,0.0,1.0,0.0,0.0,0.0,1.0,0.0,0.0,1.0,2.0,shortcut,2,"(2,3)",,5
7,P_bc0.2,0.0,0.0,0.0,0.0,1.0,0.0,0.0,0.0,1.0,0.0,0.0,1.0,2.0,shortcut,2,"(2,3)",,5
8,P_bc0.2,1.0,1.0,11.72950912024697,42.0,0.0,0.0,0.0,0.0,1.0,0.0,0.0,1.0,3.0,shortcut,2,"(2,3)",9,
9,P_bc0.2,1.0,1.0,8.743533392532179,36.0,0.0,1.0,1.0,1.0,0.0,0.0,1.0,0.0,3.0,lower,1,"(1,2)",10,
10,P_bc0.2,1.0,1.0,11.72950912024697,42.0,0.0,1.0,1.0,1.0,0.0,0.0,1.0,0.0,0.0,lower,2,"(1,2)",9,
11,P_bc0.2,0.0,0.0,0.0,0.0,1.0,1.0,1.0,0.0,0.0,0.0,1.0,0.0,3.0,lower,1,"(1,2)",,6
12,P_bc0.2,0.0,0.0,0.0,0.0,1.0,0.0,0.0,0.0,1.0,0.0,0.0,1.0,4.0,shortcut,2,"(2,3)",,6
13,P_bc0.2,1.0,1.0,11.72950912024697,42.0,0.0,1.0,1.0,1.0,0.0,0.0,1.0,0.0,0.0,lower,1,"(1,2)",9,
14,P_bc0.2,0.0,0.0,0.0,0.0,0.0,1.0,1.0,1.0,0.0,0.0,0.0,1.0,0.0,lower,2,"(2,3)",,
15,P_bc0.2,1.0,1.0,12.42784641634072,43.0,0.0,1.0,1.0,0.0,0.0,0.0,1.0,0.0,3.0,lower,1,"(1,2)",8,
16,P_bc0.2,0.0,0.0,0.0,0.0,0.0,1.0,1.0,1.0,0.0,0.0,1.0,0.0,0.0,lower,1,"(1,2)",,
17,P_bc0.2,1.0,1.0,0.9028314692026955,9.0,0.0,1.0,1.0,1.0,0.0,0.0,1.0,0.0,0.0,lower,4,"(1,2)",42,
18,P_bc0.2,0.0,0.0,0.0,0.0,1.0,1.0,1.0,0.0,0.0,0.0,1.0,0.0,1.0,lower,1,"(1,2)",,5
19,P_bc0.2,0.0,0.0,0.0,0.0,1.0,0.0,0.0,0.0,1.0,0.0,0.0,1.0,1.0,shortcut,2,"(2,3)",,3
20,P_bc0.2,0.0,0.0,0.0,0.0,1.0,0.0,0.0,0.0,1.0,0.0,0.0,1.0,4.0,shortcut,2,"(2,3)",,6
21,P_bc0.2,0.0,0.0,0.0,0.0,1.0,0.0,0.0,0.0,1.0,0.0,0.0,1.0,2.0,shortcut,2,"(2,3)",,7
22,P_bc0.2,0.0,0.0,0.0,0.0,1.0,0.0,0.0,0.0,1.0,0.0,0.0,1.0,1.0,shortcut,2,"(2,3)",,3
23,P_bc0.2,0.0,0.0,0.0,0.0,0.0,0.0,1.0,1.0,1.0,0.0,0.0,1.0,1.0,shortcut,2,"(2,3)",,
24,P_bc0.2,1.0,1.0,11.72950912024697,42.0,0.0,1.0,1.0,1.0,0.0,0.0,1.0,0.0,0.0,lower,1,"(1,2)",9,
25,P_bc0.2,0.0,0.0,0.0,0.0,0.0,1.0,1.0,1.0,0.0,0.0,1.0,0.0,0.0,lower,2,"(1,2)",,
26,P_bc0.2,1.0,1.0,8.727942160055825,37.0,0.0,1.0,1.0,1.0,0.0,0.0,1.0,0.0,0.0,lower,3,"(1,2)",14,
27,P_bc0.2,0.0,0.0,0.0,0.0,0.0,1.0,1.0,1.0,0.0,0.0,1.0,0.0,0.0,lower,2,"(1,2)",,
28,P_bc0.2,1.0,1.0,13.16293830696572,44.0,0.0,0.0,0.0,0.0,1.0,0.0,0.0,1.0,3.0,shortcut,2,"(2,3)",7,
29,P_bc0.2,0.0,0.0,0.0,0.0,1.0,0.0,0.0,0.0,1.0,0.0,0.0,1.0,4.0,shortcut,2,"(2,3)",,7
30,P_bc0.2,0.0,0.0,0.0,0.0,1.0,0.0,0.0,0.0,1.0,0.0,0.0,1.0,1.0,shortcut,2,"(2,3)",,3
31,P_bc0.2,0.0,0.0,0.0,0.0,1.0,0.0,0.0,0.0,1.0,0.0,0.0,1.0,1.0,shortcut,3,"(2,3)",,5
32,P_bc0.2,1.0,1.0,8.78340016905278,37.0,0.0,1.0,1.0,1.0,0.0,0.0,1.0,0.0,0.0,lower,2,"(1,2)",12,
33,P_bc0.2,0.0,0.0,0.0,0.0,1.0,1.0,1.0,1.0,0.0,0.0,0.0,1.0,2.0,lower,2,"(2,3)",,27
34,P_bc0.2,1.0,1.0,13.16293830696572,44.0,0.0,1.0,1.0,0.0,0.0,0.0,1.0,0.0,3.0,lower,1,"(1,2)",7,
35,P_bc0.2,0.0,0.0,0.0,0.0,1.0,0.0,0.0,0.0,1.0,0.0,0.0,1.0,1.0,shortcut,2,"(2,3)",,4
36,P_bc0.2,0.0,0.0,0.0,0.0,1.0,0.0,0.0,0.0,1.0,0.0,0.0,1.0,2.0,shortcut,2,"(2,3)",,4
37,P_bc0.2,1.0,1.0,6.77259553100317,32.0,0.0,1.0,1.0,1.0,0.0,0.0,1.0,0.0,0.0,lower,2,"(1,2)",12,
38,P_bc0.2,0.0,0.0,0.0,0.0,1.0,0.0,0.0,0.0,1.0,0.0,0.0,1.0,5.0,shortcut,2,"(2,3)",,7
39,P_bc0.2,1.0,1.0,11.72950912024697,42.0,0.0,1.0,1.0,1.0,0.0,0.0,1.0,0.0,0.0,lower,2,"(1,2)",9,
40,P_bc0.2,1.0,1.0,11.72950912024697,42.0,0.0,1.0,1.0,0.0,0.0,0.0,1.0,0.0,3.0,lower,1,"(1,2)",9,
41,P_bc0.2,0.0,0.0,0.0,0.0,1.0,1.0,1.0,0.0,0.0,0.0,1.0,0.0,1.0,lower,1,"(1,2)",,7
42,P_bc0.2,0.0,0.0,0.0,0.0,1.0,0.0,0.0,0.0,1.0,0.0,0.0,1.0,3.0,shortcut,5,"(2,3)",,8
43,P_bc0.2,1.0,1.0,13.16293830696572,44.0,0.0,0.0,0.0,0.0,1.0,0.0,0.0,1.0,3.0,shortcut,2,"(2,3)",7,
44,P_bc0.2,0.0,0.0,0.0,0.0,1.0,0.0,0.0,0.0,1.0,0.0,0.0,1.0,1.0,shortcut,3,"(2,3)",,4
45,P_bc0.2,1.0,1.0,11.72950912024697,42.0,0.0,1.0,1.0,1.0,0.0,0.0,1.0,0.0,0.0,lower,1,"(1,2)",9,
46,P_bc0.2,0.0,0.0,0.0,0.0,1.0,0.0,0.0,0.0,1.0,0.0,0.0,1.0,1.0,shortcut,3,"(2,3)",,4
47,P_bc0.2,1.0,1.0,12.42784641634072,43.0,0.0,1.0,1.0,1.0,0.0,0.0,1.0,0.0,0.0,lower,1,"(1,2)",8,
48,P_bc0.2,0.0,0.0,0.0,0.0,1.0,0.0,0.0,0.0,1.0,0.0,0.0,1.0,1.0,shortcut,2,"(2,3)",,3
49,P_bc0.2,0.0,0.0,0.0,0.0,0.0,1.0,1.0,1.0,0.0,0.0,1.0,0.0,0.0,lower,3,"(1,2)",,
50,P_bc0.2,1.0,1.0,11.72950912024697,42.0,0.0,1.0,1.0,1.0,0.0,0.0,1.0,0.0,0.0,lower,2,"(1,2)",9,
51,P_bc0.2,1.0,1.0,13.16293830696572,44.0,0.0,0.0,0.0,0.0,1.0,0.0,0.0,1.0,3.0,shortcut,2,"(2,3)",7,
52,P_bc0.2,1.0,1.0,11.72950912024697,42.0,0.0,1.0,1.0,1.0,0.0,0.0,1.0,0.0,0.0,lower,2,"(1,2)",9,
53,P_bc0.2,1.0,1.0,12.42784641634072,43.0,0.0,0.0,0.0,0.0,1.0,0.0,0.0,1.0,3.0,shortcut,2,"(2,3)",8,
54,P_bc0.2,1.0,1.0,10.4358392792333,40.0,0.0,1.0,1.0,1.0,0.0,0.0,1.0,0.0,0.0,lower,2,"(1,2)",11,
55,P_bc0.2,0.0,0.0,0.0,0.0,1.0,0.0,0.0,0.0,1.0,0.0,0.0,1.0,1.0,shortcut,2,"(2,3)",,9
56,P_bc0.2,1.0,1.0,11.72950912024697,42.0,0.0,1.0,1.0,1.0,0.0,0.0,1.0,0.0,0.0,lower,2,"(1,2)",9,
57,P_bc0.2,0.0,0.0,0.0,0.0,1.0,0.0,0.0,0.0,1.0,0.0,0.0,1.0,1.0,shortcut,2,"(2,3)",,3
58,P_bc0.2,0.0,0.0,0.0,0.0,1.0,0.0,0.0,0.0,1.0,0.0,0.0,1.0,3.0,shortcut,2,"(2,3)",,5
59,P_bc0.2,1.0,1.0,11.72950912024697,42.0,0.0,1.0,1.0,1.0,0.0,0.0,1.0,0.0,0.0,lower,1,"(1,2)",9,
60,P_bc0.2,0.0,0.0,0.0,0.0,0.0,1.0,1.0,1.0,0.0,0.0,1.0,0.0,0.0,lower,4,"(1,2)",,
61,P_bc0.2,0.0,0.0,0.0,0.0,1.0,0.0,0.0,0.0,1.0,0.0,0.0,1.0,2.0,shortcut,2,"(2,3)",,5
62,P_bc0.2,1.0,1.0,8.727942160055825,37.0,0.0,1.0,1.0,1.0,0.0,0.0,1.0,0.0,0.0,lower,1,"(1,2)",14,
63,P_bc0.2,0.0,0.0,0.0,0.0,1.0,0.0,0.0,0.0,1.0,0.0,0.0,1.0,2.0,shortcut,4,"(2,3)",,6
64,P_bc0.2,0.0,0.0,0.0,0.0,1.0,0.0,0.0,0.0,1.0,0.0,0.0,1.0,4.0,shortcut,2,"(2,3)",,8
65,P_bc0.2,1.0,1.0,11.066088688957908,41.0,0.0,1.0,1.0,1.0,0.0,0.0,1.0,0.0,0.0,lower,2,"(1,2)",10,
66,P_bc0.2,0.0,0.0,0.0,0.0,0.0,1.0,1.0,1.0,0.0,0.0,0.0,1.0,0.0,lower,2,"(2,3)",,
67,P_bc0.2,1.0,1.0,9.895479191570665,39.0,0.0,1.0,1.0,1.0,0.0,0.0,1.0,0.0,0.0,lower,1,"(1,2)",11,
68,P_bc0.2,1.0,1.0,13.16293830696572,44.0,0.0,1.0,1.0,0.0,0.0,0.0,1.0,0.0,3.0,lower,1,"(1,2)",7,
69,P_bc0.2,1.0,1.0,13.16293830696572,44.0,0.0,0.0,0.0,0.0,1.0,0.0,0.0,1.0,3.0,shortcut,2,"(2,3)",7,
70,P_bc0.2,1.0,1.0,11.72950912024697,42.0,0.0,1.0,1.0,1.0,0.0,0.0,1.0,0.0,0.0,lower,2,"(1,2)",9,
71,P_bc0.2,1.0,1.0,11.72950912024697,42.0,0.0,1.0,1.0,1.0,0.0,0.0,1.0,0.0,0.0,lower,2,"(1,2)",9,
72,P_bc0.2,1.0,1.0,0.7807449204658475,8.0,0.0,1.0,1.0,1.0,0.0,0.0,1.0,0.0,0.0,lower,2,"(1,2)",43,
73,P_bc0.2,1.0,1.0,13.16293830696572,44.0,0.0,0.0,0.0,0.0,1.0,0.0,0.0,1.0,3.0,shortcut,2,"(2,3)",7,
74,P_bc0.2,1.0,1.0,4.608237848966204,27.0,0.0,1.0,1.0,1.0,0.0,0.0,1.0,0.0,0.0,lower,2,"(1,2)",24,
75,P_bc0.2,1.0,1.0,1.4589055754420446,13.0,0.0,1.0,1.0,1.0,0.0,0.0,1.0,0.0,0.0,lower,1,"(1,2)",38,
76,P_bc0.2,1.0,1.0,11.72950912024697,42.0,0.0,1.0,1.0,1.0,0.0,0.0,1.0,0.0,0.0,lower,2,"(1,2)",9,
77,P_bc0.2,0.0,0.0,0.0,0.0,1.0,1.0,1.0,0.0,0.0,0.0,0.0,1.0,2.0,lower,2,"(2,3)",,6
78,P_bc0.2,0.0,0.0,0.0,0.0,1.0,0.0,0.0,0.0,1.0,0.0,0.0,1.0,2.0,shortcut,2,"(2,3)",,6
79,P_bc0.2,0.0,0.0,0.0,0.0,1.0,0.0,0.0,0.0,1.0,0.0,0.0,1.0,5.0,shortcut,2,"(2,3)",,7
80,P_bc0.2,1.0,1.0,11.066088688957908,41.0,0.0,1.0,1.0,0.0,0.0,0.0,0.0,1.0,3.0,lower,2,"(2,3)",10,
81,P_bc0.2,1.0,1.0,11.099259710522361,41.0,0.0,1.0,1.0,1.0,0.0,0.0,1.0,0.0,0.0,lower,2,"(1,2)",9,
82,P_bc0.2,1.0,1.0,10.4358392792333,40.0,0.0,1.0,1.0,0.0,0.0,0.0,0.0,1.0,3.0,lower,4,"(2,3)",11,
83,P_bc0.2,1.0,1.0,13.16293830696572,44.0,0.0,0.0,0.0,0.0,1.0,0.0,0.0,1.0,3.0,shortcut,2,"(2,3)",7,
84,P_bc0.2,1.0,1.0,12.42784641634072,43.0,0.0,1.0,1.0,1.0,0.0,0.0,1.0,0.0,0.0,lower,1,"(1,2)",8,
85,P_bc0.2,0.0,0.0,0.0,0.0,1.0,0.0,0.0,0.0,1.0,0.0,0.0,1.0,2.0,shortcut,2,"(2,3)",,4
86,P_bc0.2,1.0,1.0,11.72950912024697,42.0,0.0,0.0,0.0,0.0,1.0,0.0,0.0,1.0,3.0,shortcut,2,"(2,3)",9,
87,P_bc0.2,1.0,1.0,10.4358392792333,40.0,0.0,0.0,0.0,0.0,1.0,0.0,0.0,1.0,6.0,shortcut,2,"(2,3)",11,
88,P_bc0.2,1.0,1.0,11.066088688957908,41.0,0.0,0.0,0.0,0.0,1.0,0.0,0.0,1.0,3.0,shortcut,5,"(2,3)",10,
89,P_bc0.2,1.0,1.0,10.4358392792333,40.0,0.0,1.0,1.0,1.0,0.0,0.0,0.0,1.0,0.0,lower,2,"(2,3)",11,
90,P_bc0.2,1.0,1.0,11.72950912024697,42.0,0.0,1.0,1.0,1.0,0.0,0.0,1.0,0.0,0.0,lower,2,"(1,2)",9,
91,P_bc0.2,0.0,0.0,0.0,0.0,0.0,1.0,1.0,1.0,0.0,0.0,1.0,0.0,0.0,lower,2,"(1,2)",,
92,P_bc0.2,0.0,0.0,0.0,0.0,1.0,0.0,0.0,0.0,1.0,0.0,0.0,1.0,2.0,shortcut,2,"(2,3)",,5
93,P_bc0.2,0.0,0.0,0.0,0.0,1.0,1.0,1.0,0.0,0.0,0.0,1.0,0.0,1.0,lower,1,"(1,2)",,5
94,P_bc0.2,1.0,1.0,11.066088688957908,41.0,0.0,1.0,1.0,1.0,0.0,0.0,1.0,0.0,0.0,lower,3,"(1,2)",10,
95,P_bc0.2,0.0,0.0,0.0,0.0,1.0,1.0,1.0,0.0,0.0,0.0,0.0,1.0,1.0,lower,2,"(2,3)",,8
96,P_bc0.2,0.0,0.0,0.0,0.0,1.0,1.0,1.0,0.0,0.0,0.0,0.0,1.0,2.0,lower,2,"(2,3)",,7
97,P_bc0.2,0.0,0.0,0.0,0.0,1.0,0.0,0.0,0.0,1.0,0.0,0.0,1.0,3.0,shortcut,2,"(2,3)",,5
98,P_bc0.2,1.0,1.0,13.16293830696572,44.0,0.0,0.0,0.0,0.0,1.0,0.0,0.0,1.0,3.0,shortcut,2,"(2,3)",7,
99,P_bc0.2,0.0,0.0,0.0,0.0,1.0,0.0,0.0,0.0,1.0,0.0,0.0,1.0,1.0,shortcut,2,"(2,3)",,3
100,P_bc0.2,1.0,1.0,8.214600076776321,36.0,0.0,1.0,1.0,1.0,0.0,0.0,0.0,1.0,0.0,lower,2,"(2,3)",15,
101,P_bc0.2,0.0,0.0,0.0,0.0,1.0,0.0,0.0,0.0,1.0,0.0,0.0,1.0,1.0,shortcut,2,"(2,3)",,3
102,P_bc0.2,0.0,0.0,0.0,0.0,1.0,0.0,0.0,0.0,1.0,0.0,0.0,1.0,2.0,shortcut,2,"(2,3)",,4
103,P_bc0.2,1.0,1.0,11.72950912024697,42.0,0.0,1.0,1.0,1.0,0.0,0.0,1.0,0.0,0.0,lower,2,"(1,2)",9,
104,P_bc0.2,0.0,0.0,0.0,0.0,1.0,0.0,0.0,0.0,1.0,0.0,0.0,1.0,2.0,shortcut,2,"(2,3)",,4
105,P_bc0.2,0.0,0.0,0.0,0.0,1.0,1.0,1.0,0.0,0.0,0.0,1.0,0.0,1.0,lower,4,"(1,2)",,14
106,P_bc0.2,0.0,0.0,0.0,0.0,1.0,1.0,1.0,0.0,0.0,0.0,0.0,1.0,4.0,lower,2,"(2,3)",,13
107,P_bc0.2,0.0,0.0,0.0,0.0,1.0,1.0,1.0,0.0,0.0,0.0,1.0,0.0,3.0,lower,2,"(1,2)",,13
108,P_bc0.2,1.0,1.0,6.823507198849272,33.0,0.0,1.0,1.0,0.0,0.0,0.0,0.0,1.0,3.0,lower,2,"(2,3)",18,
109,P_bc0.2,0.0,0.0,0.0,0.0,1.0,0.0,0.0,0.0,1.0,0.0,0.0,1.0,4.0,shortcut,2,"(2,3)",,7
110,P_bc0.2,0.0,0.0,0.0,0.0,0.0,1.0,1.0,1.0,0.0,0.0,1.0,0.0,0.0,lower,5,"(1,2)",,
111,P_bc0.2,0.0,0.0,0.0,0.0,1.0,1.0,1.0,0.0,0.0,0.0,1.0,0.0,2.0,lower,2,"(1,2)",,5
112,P_bc0.2,1.0,1.0,11.72950912024697,42.0,0.0,1.0,1.0,1.0,0.0,0.0,1.0,0.0,0.0,lower,2,"(1,2)",9,
113,P_bc0.2,1.0,1.0,12.42784641634072,43.0,0.0,0.0,0.0,0.0,1.0,0.0,0.0,1.0,4.0,shortcut,2,"(2,3)",8,
114,P_bc0.2,1.0,0.0,2.8514886121815888,5.0,1.0,1.0,1.0,1.0,0.0,0.0,1.0,0.0,4.0,lower,1,"(1,2)",10,19
115,P_bc0.2,0.0,0.0,0.0,0.0,1.0,0.0,0.0,0.0,1.0,0.0,0.0,1.0,1.0,shortcut,2,"(2,3)",,5
116,P_bc0.2,1.0,1.0,11.72950912024697,42.0,0.0,1.0,1.0,1.0,0.0,0.0,1.0,0.0,0.0,lower,2,"(1,2)",9,
117,P_bc0.2,1.0,1.0,11.72950912024697,42.0,0.0,1.0,1.0,1.0,0.0,0.0,1.0,0.0,0.0,lower,2,"(1,2)",9,
118,P_bc0.2,1.0,1.0,11.066088688957908,41.0,0.0,1.0,1.0,0.0,0.0,0.0,1.0,0.0,3.0,lower,1,"(1,2)",10,
119,P_bc0.2,0.0,0.0,0.0,0.0,1.0,0.0,0.0,0.0,1.0,0.0,0.0,1.0,2.0,shortcut,2,"(2,3)",,7
120,P_bc0.2,1.0,1.0,11.099259710522361,41.0,0.0,1.0,1.0,1.0,0.0,0.0,1.0,0.0,0.0,lower,2,"(1,2)",9,
121,P_bc0.2,1.0,1.0,13.16293830696572,44.0,0.0,0.0,0.0,0.0,1.0,0.0,0.0,1.0,3.0,shortcut,2,"(2,3)",7,
122,P_bc0.2,0.0,0.0,0.0,0.0,1.0,0.0,0.0,0.0,1.0,0.0,0.0,1.0,1.0,shortcut,2,"(2,3)",,3
123,P_bc0.2,1.0,1.0,7.72692509766079,35.0,0.0,1.0,1.0,1.0,0.0,0.0,1.0,0.0,0.0,lower,2,"(1,2)",16,
124,P_bc0.2,1.0,1.0,11.066088688957908,41.0,0.0,1.0,1.0,1.0,0.0,0.0,1.0,0.0,0.0,lower,2,"(1,2)",10,
125,P_bc0.2,0.0,0.0,0.0,0.0,1.0,0.0,0.0,0.0,1.0,0.0,0.0,1.0,3.0,shortcut,2,"(2,3)",,6
126,P_bc0.2,0.0,0.0,0.0,0.0,1.0,0.0,0.0,0.0,1.0,0.0,0.0,1.0,1.0,shortcut,4,"(2,3)",,5
127,P_bc0.2,0.0,0.0,0.0,0.0,0.0,1.0,1.0,1.0,0.0,0.0,1.0,0.0,0.0,lower,2,"(1,2)",,
128,P_bc0.2,1.0,1.0,5.649686622763335,30.0,0.0,1.0,1.0,1.0,0.0,0.0,0.0,1.0,0.0,lower,2,"(2,3)",20,
129,P_bc0.2,1.0,1.0,13.16293830696572,44.0,0.0,1.0,1.0,0.0,0.0,0.0,1.0,0.0,3.0,lower,1,"(1,2)",7,
130,P_bc0.2,1.0,1.0,11.72950912024697,42.0,0.0,1.0,1.0,1.0,0.0,0.0,1.0,0.0,0.0,lower,1,"(1,2)",9,
131,P_bc0.2,1.0,1.0,12.42784641634072,43.0,0.0,0.0,0.0,0.0,1.0,0.0,0.0,1.0,3.0,shortcut,2,"(2,3)",8,
132,P_bc0.2,1.0,1.0,13.16293830696572,44.0,0.0,0.0,0.0,0.0,1.0,0.0,0.0,1.0,3.0,shortcut,2,"(2,3)",7,
133,P_bc0.2,0.0,0.0,0.0,0.0,1.0,0.0,0.0,0.0,1.0,0.0,0.0,1.0,1.0,shortcut,2,"(2,3)",,4
134,P_bc0.2,0.0,0.0,0.0,0.0,1.0,0.0,0.0,0.0,1.0,0.0,0.0,1.0,2.0,shortcut,2,"(2,3)",,4
135,P_bc0.2,1.0,1.0,11.099259710522361,41.0,0.0,1.0,1.0,1.0,0.0,0.0,1.0,0.0,0.0,lower,1,"(1,2)",9,
136,P_bc0.2,0.0,0.0,0.0,0.0,0.0,1.0,1.0,1.0,0.0,0.0,0.0,1.0,0.0,lower,2,"(2,3)",,
137,P_bc0.2,1.0,1.0,11.72950912024697,42.0,0.0,1.0,1.0,1.0,0.0,0.0,1.0,0.0,0.0,lower,2,"(1,2)",9,
138,P_bc0.2,0.0,0.0,0.0,0.0,0.0,1.0,1.0,1.0,0.0,0.0,0.0,1.0,0.0,lower,2,"(2,3)",,
139,P_bc0.2,0.0,0.0,0.0,0.0,1.0,0.0,0.0,0.0,1.0,0.0,0.0,1.0,3.0,shortcut,2,"(2,3)",,5
140,P_bc0.2,0.0,0.0,0.0,0.0,0.0,1.0,1.0,1.0,0.0,0.0,1.0,0.0,0.0,lower,2,"(1,2)",,
141,P_bc0.2,0.0,0.0,0.0,0.0,1.0,0.0,0.0,0.0,1.0,0.0,0.0,1.0,1.0,shortcut,2,"(2,3)",,4
142,P_bc0.2,1.0,1.0,11.72950912024697,42.0,0.0,1.0,1.0,1.0,0.0,0.0,1.0,0.0,0.0,lower,2,"(1,2)",9,
143,P_bc0.2,1.0,1.0,13.16293830696572,44.0,0.0,0.0,0.0,0.0,1.0,0.0,0.0,1.0,3.0,shortcut,2,"(2,3)",7,
144,P_bc0.2,0.0,0.0,0.0,0.0,1.0,0.0,0.0,0.0,1.0,0.0,0.0,1.0,1.0,shortcut,2,"(2,3)",,3
145,P_bc0.2,0.0,0.0,0.0,0.0,0.0,1.0,1.0,1.0,0.0,0.0,1.0,0.0,0.0,lower,2,"(1,2)",,
146,P_bc0.2,1.0,1.0,2.1416186991772515,17.0,0.0,1.0,1.0,1.0,0.0,0.0,1.0,0.0,0.0,lower,2,"(1,2)",34,
147,P_bc0.2,0.0,0.0,0.0,0.0,0.0,1.0,1.0,1.0,0.0,0.0,1.0,0.0,0.0,lower,1,"(1,2)",,
148,P_bc0.2,1.0,1.0,11.72950912024697,42.0,0.0,1.0,1.0,1.0,0.0,0.0,1.0,0.0,0.0,lower,2,"(1,2)",9,
149,P_bc0.2,1.0,1.0,10.4358392792333,40.0,0.0,1.0,1.0,1.0,0.0,0.0,1.0,0.0,0.0,lower,2,"(1,2)",11,
150,P_bc0.2,1.0,1.0,11.066088688957908,41.0,0.0,1.0,1.0,1.0,0.0,0.0,1.0,0.0,0.0,lower,3,"(1,2)",10,
151,P_bc0.2,0.0,0.0,0.0,0.0,1.0,0.0,0.0,0.0,1.0,0.0,0.0,1.0,2.0,shortcut,2,"(2,3)",,4
152,P_bc0.2,1.0,1.0,7.263633867501038,34.0,0.0,1.0,1.0,1.0,0.0,0.0,1.0,0.0,0.0,lower,1,"(1,2)",17,
153,P_bc0.2,1.0,1.0,11.72950912024697,42.0,0.0,1.0,1.0,1.0,0.0,0.0,1.0,0.0,0.0,lower,2,"(1,2)",9,
154,P_bc0.2,1.0,1.0,11.72950912024697,42.0,0.0,1.0,1.0,1.0,0.0,0.0,1.0,0.0,0.0,lower,2,"(1,2)",9,
155,P_bc0.2,0.0,0.0,0.0,0.0,0.0,1.0,1.0,1.0,0.0,0.0,1.0,0.0,0.0,lower,2,"(1,2)",,
156,P_bc0.2,0.0,0.0,0.0,0.0,0.0,1.0,1.0,1.0,0.0,0.0,1.0,0.0,0.0,lower,1,"(1,2)",,
157,P_bc0.2,1.0,1.0,9.837102339994921,39.0,0.0,1.0,1.0,1.0,0.0,0.0,1.0,0.0,0.0,lower,1,"(1,2)",12,
158,P_bc0.2,1.0,1.0,11.066088688957908,41.0,0.0,1.0,1.0,1.0,0.0,0.0,0.0,1.0,0.0,lower,2,"(2,3)",10,
159,P_bc0.2,0.0,0.0,0.0,0.0,1.0,1.0,1.0,0.0,0.0,0.0,0.0,1.0,2.0,lower,5,"(2,3)",,15
160,P_bc0.2,1.0,1.0,9.837102339994921,39.0,0.0,1.0,1.0,0.0,0.0,0.0,1.0,0.0,3.0,lower,4,"(1,2)",12,
161,P_bc0.2,1.0,1.0,11.72950912024697,42.0,0.0,1.0,1.0,1.0,0.0,0.0,1.0,0.0,0.0,lower,2,"(1,2)",9,
162,P_bc0.2,0.0,0.0,0.0,0.0,1.0,0.0,0.0,0.0,1.0,0.0,0.0,1.0,1.0,shortcut,2,"(2,3)",,3
163,P_bc0.2,1.0,1.0,11.72950912024697,42.0,0.0,1.0,1.0,1.0,0.0,0.0,1.0,0.0,0.0,lower,2,"(1,2)",9,
164,P_bc0.2,1.0,1.0,11.72950912024697,42.0,0.0,0.0,0.0,0.0,1.0,0.0,0.0,1.0,3.0,shortcut,4,"(2,3)",9,
165,P_bc0.2,1.0,1.0,11.72950912024697,42.0,0.0,1.0,1.0,1.0,0.0,0.0,1.0,0.0,0.0,lower,1,"(1,2)",9,
166,P_bc0.2,0.0,0.0,0.0,0.0,1.0,0.0,0.0,0.0,1.0,0.0,0.0,1.0,1.0,shortcut,2,"(2,3)",,3
167,P_bc0.2,0.0,0.0,0.0,0.0,1.0,0.0,0.0,0.0,1.0,0.0,0.0,1.0,1.0,shortcut,2,"(2,3)",,3
168,P_bc0.2,0.0,0.0,0.0,0.0,1.0,1.0,1.0,0.0,0.0,0.0,1.0,0.0,3.0,lower,1,"(1,2)",,13
169,P_bc0.2,0.0,0.0,0.0,0.0,1.0,0.0,0.0,0.0,1.0,0.0,0.0,1.0,3.0,shortcut,2,"(2,3)",,6
170,P_bc0.2,1.0,1.0,12.42784641634072,43.0,0.0,1.0,1.0,1.0,0.0,0.0,1.0,0.0,0.0,lower,1,"(1,2)",8,
171,P_bc0.2,0.0,0.0,0.0,0.0,1.0,0.0,0.0,0.0,1.0,0.0,0.0,1.0,2.0,shortcut,2,"(2,3)",,4
172,P_bc0.2,1.0,1.0,11.72950912024697,42.0,0.0,1.0,1.0,1.0,0.0,0.0,1.0,0.0,0.0,lower,2,"(1,2)",9,
173,P_bc0.2,1.0,1.0,11.066088688957908,41.0,0.0,0.0,0.0,0.0,1.0,0.0,0.0,1.0,3.0,shortcut,5,"(2,3)",10,
174,P_bc0.2,0.0,0.0,0.0,0.0,1.0,0.0,0.0,0.0,1.0,0.0,0.0,1.0,6.0,shortcut,2,"(2,3)",,8
175,P_bc0.2,0.0,0.0,0.0,0.0,0.0,1.0,1.0,1.0,0.0,0.0,1.0,0.0,0.0,lower,2,"(1,2)",,
176,P_bc0.2,0.0,0.0,0.0,0.0,0.0,1.0,1.0,1.0,0.0,0.0,1.0,0.0,0.0,lower,2,"(1,2)",,
177,P_bc0.2,0.0,0.0,0.0,0.0,1.0,0.0,0.0,0.0,1.0,0.0,0.0,1.0,2.0,shortcut,2,"(2,3)",,6
178,P_bc0.2,1.0,1.0,13.16293830696572,44.0,0.0,0.0,0.0,0.0,1.0,0.0,0.0,1.0,3.0,shortcut,2,"(2,3)",7,
179,P_bc0.2,0.0,0.0,0.0,0.0,0.0,1.0,1.0,1.0,0.0,0.0,1.0,0.0,0.0,lower,2,"(1,2)",,
180,P_bc0.2,0.0,0.0,0.0,0.0,0.0,1.0,1.0,1.0,0.0,0.0,1.0,0.0,0.0,lower,2,"(1,2)",,
181,P_bc0.2,0.0,0.0,0.0,0.0,1.0,0.0,0.0,0.0,1.0,0.0,0.0,1.0,2.0,shortcut,4,"(2,3)",,7
182,P_bc0.2,0.0,0.0,0.0,0.0,1.0,1.0,1.0,0.0,0.0,0.0,0.0,1.0,1.0,lower,2,"(2,3)",,6
183,P_bc0.2,0.0,0.0,0.0,0.0,1.0,1.0,1.0,0.0,0.0,0.0,1.0,0.0,2.0,lower,1,"(1,2)",,5
184,P_bc0.2,1.0,1.0,0.5545795889308367,6.0,0.0,1.0,1.0,1.0,0.0,0.0,1.0,0.0,0.0,lower,2,"(1,2)",45,
185,P_bc0.2,1.0,1.0,11.72950912024697,42.0,0.0,1.0,1.0,1.0,0.0,0.0,1.0,0.0,0.0,lower,2,"(1,2)",9,
186,P_bc0.2,0.0,0.0,0.0,0.0,1.0,1.0,1.0,0.0,0.0,0.0,1.0,0.0,2.0,lower,2,"(1,2)",,8
187,P_bc0.2,0.0,0.0,0.0,0.0,0.0,1.0,1.0,1.0,0.0,0.0,1.0,0.0,0.0,lower,2,"(1,2)",,
188,P_bc0.2,1.0,1.0,13.16293830696572,44.0,0.0,0.0,0.0,0.0,1.0,0.0,0.0,1.0,3.0,shortcut,2,"(2,3)",7,
189,P_bc0.2,0.0,0.0,0.0,0.0,1.0,0.0,0.0,0.0,1.0,0.0,0.0,1.0,1.0,shortcut,2,"(2,3)",,3
190,P_bc0.2,1.0,1.0,6.823507198849272,33.0,0.0,1.0,1.0,1.0,0.0,0.0,0.0,1.0,0.0,lower,2,"(2,3)",18,
191,P_bc0.2,1.0,1.0,13.16293830696572,44.0,0.0,0.0,0.0,0.0,1.0,0.0,0.0,1.0,3.0,shortcut,2,"(2,3)",7,
192,P_bc0.2,1.0,0.0,0.6983372960937497,1.0,1.0,0.0,0.0,0.0,1.0,0.0,0.0,1.0,4.0,shortcut,2,"(2,3)",8,10
193,P_bc0.2,0.0,0.0,0.0,0.0,1.0,0.0,0.0,0.0,1.0,0.0,0.0,1.0,2.0,shortcut,2,"(2,3)",,5
194,P_bc0.2,1.0,1.0,8.727942160055825,37.0,0.0,1.0,1.0,1.0,0.0,0.0,1.0,0.0,0.0,lower,5,"(1,2)",14,
195,P_bc0.2,1.0,1.0,2.3353301836357523,18.0,0.0,1.0,1.0,1.0,0.0,0.0,1.0,0.0,0.0,lower,2,"(1,2)",33,
196,P_bc0.2,0.0,0.0,0.0,0.0,1.0,1.0,1.0,0.0,0.0,0.0,0.0,1.0,1.0,lower,2,"(2,3)",,5
197,P_bc0.2,0.0,0.0,0.0,0.0,1.0,0.0,0.0,0.0,1.0,0.0,0.0,1.0,1.0,shortcut,2,"(2,3)",,3
198,P_bc0.2,1.0,1.0,11.066088688957908,41.0,0.0,1.0,1.0,1.0,0.0,0.0,1.0,0.0,0.0,lower,3,"(1,2)",10,
199,P_bc0.2,0.0,0.0,0.0,0.0,1.0,0.0,0.0,0.0,1.0,0.0,0.0,1.0,1.0,shortcut,2,"(2,3)",,3
0,O_bc0.2,1.0,1.0,11.72950912024697,42.0,0.0,0.0,0.0,0.0,1.0,0.0,0.0,1.0,4.0,shortcut,2,"(2,3)",9,
1,O_bc0.2,0.0,0.0,0.0,0.0,1.0,0.0,0.0,0.0,1.0,0.0,0.0,1.0,3.0,shortcut,2,"(2,3)",,5
2,O_bc0.2,0.0,0.0,0.0,0.0,1.0,0.0,0.0,0.0,1.0,0.0,0.0,1.0,1.0,shortcut,2,"(2,3)",,3
3,O_bc0.2,1.0,1.0,13.16293830696572,44.0,0.0,0.0,0.0,0.0,1.0,0.0,0.0,1.0,3.0,shortcut,2,"(2,3)",7,
4,O_bc0.2,0.0,0.0,0.0,0.0,1.0,0.0,0.0,0.0,1.0,0.0,0.0,1.0,2.0,shortcut,3,"(2,3)",,6
5,O_bc0.2,1.0,1.0,13.16293830696572,44.0,0.0,0.0,0.0,0.0,1.0,0.0,0.0,1.0,3.0,shortcut,2,"(2,3)",7,
6,O_bc0.2,0.0,0.0,0.0,0.0,1.0,0.0,0.0,0.0,1.0,0.0,0.0,1.0,2.0,shortcut,2,"(2,3)",,5
7,O_bc0.2,0.0,0.0,0.0,0.0,1.0,0.0,0.0,0.0,1.0,0.0,0.0,1.0,3.0,shortcut,2,"(2,3)",,5
8,O_bc0.2,0.0,0.0,0.0,0.0,1.0,0.0,0.0,0.0,1.0,0.0,0.0,1.0,3.0,shortcut,2,"(2,3)",,6
9,O_bc0.2,1.0,1.0,11.72950912024697,42.0,0.0,1.0,1.0,1.0,0.0,0.0,1.0,0.0,0.0,lower,2,"(1,2)",9,
10,O_bc0.2,0.0,0.0,0.0,0.0,1.0,0.0,0.0,0.0,1.0,0.0,0.0,1.0,1.0,shortcut,2,"(2,3)",,3
11,O_bc0.2,0.0,0.0,0.0,0.0,1.0,0.0,0.0,0.0,1.0,0.0,0.0,1.0,2.0,shortcut,2,"(2,3)",,4
12,O_bc0.2,0.0,0.0,0.0,0.0,1.0,0.0,0.0,0.0,1.0,0.0,0.0,1.0,4.0,shortcut,2,"(2,3)",,6
13,O_bc0.2,0.0,0.0,0.0,0.0,1.0,0.0,0.0,0.0,1.0,0.0,0.0,1.0,2.0,shortcut,2,"(2,3)",,5
14,O_bc0.2,0.0,0.0,0.0,0.0,1.0,0.0,0.0,0.0,1.0,0.0,0.0,1.0,2.0,shortcut,2,"(2,3)",,4
15,O_bc0.2,1.0,1.0,13.16293830696572,44.0,0.0,0.0,0.0,0.0,1.0,0.0,0.0,1.0,4.0,shortcut,2,"(2,3)",7,
16,O_bc0.2,1.0,1.0,11.066088688957908,41.0,0.0,1.0,1.0,1.0,0.0,0.0,1.0,0.0,0.0,lower,2,"(1,2)",10,
17,O_bc0.2,0.0,0.0,0.0,0.0,1.0,0.0,0.0,0.0,1.0,0.0,0.0,1.0,2.0,shortcut,2,"(2,3)",,4
18,O_bc0.2,0.0,0.0,0.0,0.0,1.0,0.0,0.0,0.0,1.0,0.0,0.0,1.0,1.0,shortcut,2,"(2,3)",,5
19,O_bc0.2,0.0,0.0,0.0,0.0,1.0,0.0,0.0,0.0,1.0,0.0,0.0,1.0,1.0,shortcut,2,"(2,3)",,3
20,O_bc0.2,1.0,1.0,12.42784641634072,43.0,0.0,0.0,0.0,0.0,1.0,0.0,0.0,1.0,5.0,shortcut,2,"(2,3)",8,
21,O_bc0.2,0.0,0.0,0.0,0.0,1.0,0.0,0.0,0.0,1.0,0.0,0.0,1.0,3.0,shortcut,2,"(2,3)",,5
22,O_bc0.2,0.0,0.0,0.0,0.0,1.0,0.0,0.0,0.0,1.0,0.0,0.0,1.0,1.0,shortcut,2,"(2,3)",,3
23,O_bc0.2,0.0,0.0,0.0,0.0,1.0,0.0,0.0,0.0,1.0,0.0,0.0,1.0,3.0,shortcut,2,"(2,3)",,8
24,O_bc0.2,0.0,0.0,0.0,0.0,1.0,1.0,1.0,0.0,0.0,0.0,1.0,0.0,1.0,lower,1,"(1,2)",,9
25,O_bc0.2,1.0,1.0,12.46460101087197,43.0,0.0,0.0,0.0,0.0,1.0,0.0,0.0,1.0,4.0,shortcut,2,"(2,3)",7,
26,O_bc0.2,1.0,1.0,13.16293830696572,44.0,0.0,0.0,0.0,0.0,1.0,0.0,0.0,1.0,3.0,shortcut,2,"(2,3)",7,
27,O_bc0.2,1.0,1.0,11.72950912024697,42.0,0.0,0.0,0.0,0.0,1.0,0.0,0.0,1.0,4.0,shortcut,2,"(2,3)",9,
28,O_bc0.2,1.0,1.0,13.16293830696572,44.0,0.0,0.0,0.0,0.0,1.0,0.0,0.0,1.0,3.0,shortcut,2,"(2,3)",7,
29,O_bc0.2,0.0,0.0,0.0,0.0,1.0,0.0,0.0,0.0,1.0,0.0,0.0,1.0,1.0,shortcut,2,"(2,3)",,3
30,O_bc0.2,0.0,0.0,0.0,0.0,1.0,0.0,0.0,0.0,1.0,0.0,0.0,1.0,1.0,shortcut,2,"(2,3)",,3
31,O_bc0.2,0.0,0.0,0.0,0.0,1.0,0.0,0.0,0.0,1.0,0.0,0.0,1.0,1.0,shortcut,2,"(2,3)",,3
32,O_bc0.2,0.0,0.0,0.0,0.0,1.0,0.0,0.0,0.0,1.0,0.0,0.0,1.0,2.0,shortcut,2,"(2,3)",,4
33,O_bc0.2,0.0,0.0,0.0,0.0,1.0,0.0,0.0,0.0,1.0,0.0,0.0,1.0,2.0,shortcut,2,"(2,3)",,5
34,O_bc0.2,1.0,1.0,13.16293830696572,44.0,0.0,0.0,0.0,0.0,1.0,0.0,0.0,1.0,3.0,shortcut,2,"(2,3)",7,
35,O_bc0.2,0.0,0.0,0.0,0.0,1.0,0.0,0.0,0.0,1.0,0.0,0.0,1.0,3.0,shortcut,2,"(2,3)",,5
36,O_bc0.2,0.0,0.0,0.0,0.0,1.0,0.0,0.0,0.0,1.0,0.0,0.0,1.0,2.0,shortcut,2,"(2,3)",,4
37,O_bc0.2,1.0,1.0,11.72950912024697,42.0,0.0,0.0,0.0,0.0,1.0,0.0,0.0,1.0,4.0,shortcut,2,"(2,3)",9,
38,O_bc0.2,0.0,0.0,0.0,0.0,1.0,0.0,0.0,0.0,1.0,0.0,0.0,1.0,5.0,shortcut,2,"(2,3)",,7
39,O_bc0.2,1.0,1.0,13.16293830696572,44.0,0.0,0.0,0.0,0.0,1.0,0.0,0.0,1.0,3.0,shortcut,2,"(2,3)",7,
40,O_bc0.2,1.0,1.0,13.16293830696572,44.0,0.0,0.0,0.0,0.0,1.0,0.0,0.0,1.0,3.0,shortcut,2,"(2,3)",7,
41,O_bc0.2,1.0,1.0,13.16293830696572,44.0,0.0,0.0,0.0,0.0,1.0,0.0,0.0,1.0,3.0,shortcut,2,"(2,3)",7,
42,O_bc0.2,0.0,0.0,0.0,0.0,1.0,0.0,0.0,0.0,1.0,0.0,0.0,1.0,3.0,shortcut,3,"(2,3)",,6
43,O_bc0.2,1.0,1.0,13.16293830696572,44.0,0.0,0.0,0.0,0.0,1.0,0.0,0.0,1.0,3.0,shortcut,2,"(2,3)",7,
44,O_bc0.2,1.0,1.0,13.16293830696572,44.0,0.0,0.0,0.0,0.0,1.0,0.0,0.0,1.0,3.0,shortcut,2,"(2,3)",7,
45,O_bc0.2,0.0,0.0,0.0,0.0,1.0,0.0,0.0,0.0,1.0,0.0,0.0,1.0,1.0,shortcut,2,"(2,3)",,3
46,O_bc0.2,0.0,0.0,0.0,0.0,1.0,0.0,0.0,0.0,1.0,0.0,0.0,1.0,3.0,shortcut,2,"(2,3)",,5
47,O_bc0.2,1.0,1.0,11.066088688957908,41.0,0.0,1.0,1.0,1.0,0.0,0.0,1.0,0.0,0.0,lower,2,"(1,2)",10,
48,O_bc0.2,0.0,0.0,0.0,0.0,1.0,0.0,0.0,0.0,1.0,0.0,0.0,1.0,1.0,shortcut,2,"(2,3)",,3
49,O_bc0.2,1.0,1.0,13.16293830696572,44.0,0.0,0.0,0.0,0.0,1.0,0.0,0.0,1.0,3.0,shortcut,2,"(2,3)",7,
50,O_bc0.2,1.0,1.0,13.16293830696572,44.0,0.0,0.0,0.0,0.0,1.0,0.0,0.0,1.0,3.0,shortcut,2,"(2,3)",7,
51,O_bc0.2,1.0,1.0,13.16293830696572,44.0,0.0,0.0,0.0,0.0,1.0,0.0,0.0,1.0,3.0,shortcut,2,"(2,3)",7,
52,O_bc0.2,0.0,0.0,0.0,0.0,1.0,0.0,0.0,0.0,1.0,0.0,0.0,1.0,2.0,shortcut,2,"(2,3)",,4
53,O_bc0.2,0.0,0.0,0.0,0.0,1.0,0.0,0.0,0.0,1.0,0.0,0.0,1.0,1.0,shortcut,2,"(2,3)",,3
54,O_bc0.2,0.0,0.0,0.0,0.0,1.0,0.0,0.0,0.0,1.0,0.0,0.0,1.0,1.0,shortcut,2,"(2,3)",,3
55,O_bc0.2,0.0,0.0,0.0,0.0,1.0,0.0,0.0,0.0,1.0,0.0,0.0,1.0,2.0,shortcut,2,"(2,3)",,5
56,O_bc0.2,0.0,0.0,0.0,0.0,1.0,0.0,0.0,0.0,1.0,0.0,0.0,1.0,2.0,shortcut,2,"(2,3)",,4
57,O_bc0.2,0.0,0.0,0.0,0.0,1.0,0.0,0.0,0.0,1.0,0.0,0.0,1.0,1.0,shortcut,2,"(2,3)",,3
58,O_bc0.2,0.0,0.0,0.0,0.0,1.0,0.0,0.0,0.0,1.0,0.0,0.0,1.0,3.0,shortcut,2,"(2,3)",,5
59,O_bc0.2,0.0,0.0,0.0,0.0,1.0,0.0,0.0,0.0,1.0,0.0,0.0,1.0,2.0,shortcut,2,"(2,3)",,4
60,O_bc0.2,1.0,1.0,11.72950912024697,42.0,0.0,1.0,1.0,1.0,0.0,0.0,1.0,0.0,0.0,lower,2,"(1,2)",9,
61,O_bc0.2,0.0,0.0,0.0,0.0,1.0,0.0,0.0,0.0,1.0,0.0,0.0,1.0,3.0,shortcut,2,"(2,3)",,5
62,O_bc0.2,1.0,1.0,11.72950912024697,42.0,0.0,1.0,1.0,1.0,0.0,0.0,1.0,0.0,0.0,lower,2,"(1,2)",9,
63,O_bc0.2,0.0,0.0,0.0,0.0,1.0,0.0,0.0,0.0,1.0,0.0,0.0,1.0,1.0,shortcut,2,"(2,3)",,3
64,O_bc0.2,0.0,0.0,0.0,0.0,1.0,0.0,0.0,0.0,1.0,0.0,0.0,1.0,4.0,shortcut,2,"(2,3)",,8
65,O_bc0.2,0.0,0.0,0.0,0.0,1.0,0.0,0.0,0.0,1.0,0.0,0.0,1.0,2.0,shortcut,2,"(2,3)",,4
66,O_bc0.2,0.0,0.0,0.0,0.0,1.0,0.0,0.0,0.0,1.0,0.0,0.0,1.0,2.0,shortcut,2,"(2,3)",,5
67,O_bc0.2,0.0,0.0,0.0,0.0,1.0,1.0,1.0,0.0,0.0,0.0,1.0,0.0,1.0,lower,1,"(1,2)",,5
68,O_bc0.2,1.0,1.0,13.16293830696572,44.0,0.0,0.0,0.0,0.0,1.0,0.0,0.0,1.0,3.0,shortcut,2,"(2,3)",7,
69,O_bc0.2,1.0,1.0,13.16293830696572,44.0,0.0,0.0,0.0,0.0,1.0,0.0,0.0,1.0,3.0,shortcut,2,"(2,3)",7,
70,O_bc0.2,1.0,1.0,13.16293830696572,44.0,0.0,0.0,0.0,0.0,1.0,0.0,0.0,1.0,3.0,shortcut,2,"(2,3)",7,
71,O_bc0.2,0.0,0.0,0.0,0.0,1.0,0.0,0.0,0.0,1.0,0.0,0.0,1.0,3.0,shortcut,2,"(2,3)",,5
72,O_bc0.2,0.0,0.0,0.0,0.0,1.0,0.0,0.0,0.0,1.0,0.0,0.0,1.0,9.0,shortcut,2,"(2,3)",,12
73,O_bc0.2,1.0,1.0,13.16293830696572,44.0,0.0,0.0,0.0,0.0,1.0,0.0,0.0,1.0,3.0,shortcut,2,"(2,3)",7,
74,O_bc0.2,1.0,1.0,11.72950912024697,42.0,0.0,1.0,1.0,1.0,0.0,0.0,1.0,0.0,0.0,lower,2,"(1,2)",9,
75,O_bc0.2,1.0,1.0,11.72950912024697,42.0,0.0,1.0,1.0,1.0,0.0,0.0,1.0,0.0,0.0,lower,2,"(1,2)",9,
76,O_bc0.2,0.0,0.0,0.0,0.0,1.0,0.0,0.0,0.0,1.0,0.0,0.0,1.0,1.0,shortcut,2,"(2,3)",,3
77,O_bc0.2,0.0,0.0,0.0,0.0,1.0,0.0,0.0,0.0,1.0,0.0,0.0,1.0,2.0,shortcut,2,"(2,3)",,6
78,O_bc0.2,0.0,0.0,0.0,0.0,1.0,0.0,0.0,0.0,1.0,0.0,0.0,1.0,3.0,shortcut,2,"(2,3)",,5
79,O_bc0.2,0.0,0.0,0.0,0.0,1.0,0.0,0.0,0.0,1.0,0.0,0.0,1.0,2.0,shortcut,2,"(2,3)",,4
80,O_bc0.2,0.0,0.0,0.0,0.0,1.0,0.0,0.0,0.0,1.0,0.0,0.0,1.0,2.0,shortcut,2,"(2,3)",,4
81,O_bc0.2,1.0,1.0,13.16293830696572,44.0,0.0,0.0,0.0,0.0,1.0,0.0,0.0,1.0,3.0,shortcut,2,"(2,3)",7,
82,O_bc0.2,1.0,1.0,11.066088688957908,41.0,0.0,0.0,0.0,0.0,1.0,0.0,0.0,1.0,3.0,shortcut,4,"(2,3)",10,
83,O_bc0.2,0.0,0.0,0.0,0.0,1.0,0.0,0.0,0.0,1.0,0.0,0.0,1.0,4.0,shortcut,2,"(2,3)",,6
84,O_bc0.2,1.0,1.0,12.42784641634072,43.0,0.0,1.0,1.0,1.0,0.0,0.0,1.0,0.0,0.0,lower,1,"(1,2)",8,
85,O_bc0.2,1.0,1.0,13.16293830696572,44.0,0.0,0.0,0.0,0.0,1.0,0.0,0.0,1.0,3.0,shortcut,2,"(2,3)",7,
86,O_bc0.2,0.0,0.0,0.0,0.0,1.0,0.0,0.0,0.0,1.0,0.0,0.0,1.0,2.0,shortcut,2,"(2,3)",,4
87,O_bc0.2,1.0,1.0,11.066088688957908,41.0,0.0,0.0,0.0,0.0,1.0,0.0,0.0,1.0,6.0,shortcut,2,"(2,3)",10,
88,O_bc0.2,1.0,1.0,12.42784641634072,43.0,0.0,0.0,0.0,0.0,1.0,0.0,0.0,1.0,3.0,shortcut,2,"(2,3)",8,
89,O_bc0.2,0.0,0.0,0.0,0.0,1.0,0.0,0.0,0.0,1.0,0.0,0.0,1.0,3.0,shortcut,2,"(2,3)",,7
90,O_bc0.2,1.0,1.0,11.72950912024697,42.0,0.0,1.0,1.0,1.0,0.0,0.0,1.0,0.0,0.0,lower,2,"(1,2)",9,
91,O_bc0.2,0.0,0.0,0.0,0.0,1.0,0.0,0.0,0.0,1.0,0.0,0.0,1.0,7.0,shortcut,2,"(2,3)",,10
92,O_bc0.2,0.0,0.0,0.0,0.0,1.0,0.0,0.0,0.0,1.0,0.0,0.0,1.0,1.0,shortcut,2,"(2,3)",,3
93,O_bc0.2,0.0,0.0,0.0,0.0,1.0,0.0,0.0,0.0,1.0,0.0,0.0,1.0,1.0,shortcut,4,"(2,3)",,5
94,O_bc0.2,0.0,0.0,0.0,0.0,1.0,0.0,0.0,0.0,1.0,0.0,0.0,1.0,1.0,shortcut,2,"(2,3)",,3
95,O_bc0.2,1.0,1.0,13.16293830696572,44.0,0.0,0.0,0.0,0.0,1.0,0.0,0.0,1.0,3.0,shortcut,2,"(2,3)",7,
96,O_bc0.2,0.0,0.0,0.0,0.0,1.0,0.0,0.0,0.0,1.0,0.0,0.0,1.0,1.0,shortcut,2,"(2,3)",,3
97,O_bc0.2,0.0,0.0,0.0,0.0,1.0,0.0,0.0,0.0,1.0,0.0,0.0,1.0,3.0,shortcut,2,"(2,3)",,5
98,O_bc0.2,1.0,1.0,13.16293830696572,44.0,0.0,0.0,0.0,0.0,1.0,0.0,0.0,1.0,3.0,shortcut,2,"(2,3)",7,
99,O_bc0.2,0.0,0.0,0.0,0.0,1.0,0.0,0.0,0.0,1.0,0.0,0.0,1.0,1.0,shortcut,2,"(2,3)",,3
100,O_bc0.2,1.0,1.0,7.72692509766079,35.0,0.0,1.0,1.0,1.0,0.0,0.0,0.0,1.0,0.0,lower,2,"(2,3)",16,
101,O_bc0.2,0.0,0.0,0.0,0.0,1.0,0.0,0.0,0.0,1.0,0.0,0.0,1.0,1.0,shortcut,2,"(2,3)",,3
102,O_bc0.2,1.0,1.0,13.16293830696572,44.0,0.0,0.0,0.0,0.0,1.0,0.0,0.0,1.0,3.0,shortcut,2,"(2,3)",7,
103,O_bc0.2,1.0,1.0,13.16293830696572,44.0,0.0,0.0,0.0,0.0,1.0,0.0,0.0,1.0,3.0,shortcut,2,"(2,3)",7,
104,O_bc0.2,0.0,0.0,0.0,0.0,1.0,0.0,0.0,0.0,1.0,0.0,0.0,1.0,2.0,shortcut,2,"(2,3)",,4
105,O_bc0.2,0.0,0.0,0.0,0.0,1.0,0.0,0.0,0.0,1.0,0.0,0.0,1.0,7.0,shortcut,2,"(2,3)",,9
106,O_bc0.2,0.0,0.0,0.0,0.0,1.0,0.0,0.0,0.0,1.0,0.0,0.0,1.0,2.0,shortcut,2,"(2,3)",,4
107,O_bc0.2,1.0,1.0,11.72950912024697,42.0,0.0,1.0,1.0,1.0,0.0,0.0,1.0,0.0,0.0,lower,2,"(1,2)",9,
108,O_bc0.2,0.0,0.0,0.0,0.0,1.0,0.0,0.0,0.0,1.0,0.0,0.0,1.0,3.0,shortcut,2,"(2,3)",,5
109,O_bc0.2,0.0,0.0,0.0,0.0,1.0,0.0,0.0,0.0,1.0,0.0,0.0,1.0,3.0,shortcut,2,"(2,3)",,5
110,O_bc0.2,0.0,0.0,0.0,0.0,1.0,0.0,0.0,0.0,1.0,0.0,0.0,1.0,3.0,shortcut,2,"(2,3)",,5
111,O_bc0.2,0.0,0.0,0.0,0.0,1.0,0.0,0.0,0.0,1.0,0.0,0.0,1.0,1.0,shortcut,2,"(2,3)",,3
112,O_bc0.2,0.0,0.0,0.0,0.0,1.0,0.0,0.0,0.0,1.0,0.0,0.0,1.0,3.0,shortcut,2,"(2,3)",,5
113,O_bc0.2,0.0,0.0,0.0,0.0,1.0,0.0,0.0,0.0,1.0,0.0,0.0,1.0,2.0,shortcut,2,"(2,3)",,4
114,O_bc0.2,1.0,1.0,12.42784641634072,43.0,0.0,0.0,0.0,0.0,1.0,0.0,0.0,1.0,3.0,shortcut,2,"(2,3)",8,
115,O_bc0.2,0.0,0.0,0.0,0.0,1.0,0.0,0.0,0.0,1.0,0.0,0.0,1.0,1.0,shortcut,2,"(2,3)",,3
116,O_bc0.2,1.0,1.0,13.16293830696572,44.0,0.0,0.0,0.0,0.0,1.0,0.0,0.0,1.0,3.0,shortcut,2,"(2,3)",7,
117,O_bc0.2,0.0,0.0,0.0,0.0,1.0,0.0,0.0,0.0,1.0,0.0,0.0,1.0,2.0,shortcut,2,"(2,3)",,4
118,O_bc0.2,1.0,1.0,13.16293830696572,44.0,0.0,0.0,0.0,0.0,1.0,0.0,0.0,1.0,3.0,shortcut,2,"(2,3)",7,
119,O_bc0.2,0.0,0.0,0.0,0.0,1.0,0.0,0.0,0.0,1.0,0.0,0.0,1.0,2.0,shortcut,2,"(2,3)",,7
120,O_bc0.2,0.0,0.0,0.0,0.0,1.0,0.0,0.0,0.0,1.0,0.0,0.0,1.0,3.0,shortcut,2,"(2,3)",,7
121,O_bc0.2,1.0,1.0,13.16293830696572,44.0,0.0,0.0,0.0,0.0,1.0,0.0,0.0,1.0,3.0,shortcut,2,"(2,3)",7,
122,O_bc0.2,0.0,0.0,0.0,0.0,1.0,0.0,0.0,0.0,1.0,0.0,0.0,1.0,1.0,shortcut,2,"(2,3)",,3
123,O_bc0.2,1.0,1.0,12.42784641634072,43.0,0.0,0.0,0.0,0.0,1.0,0.0,0.0,1.0,3.0,shortcut,2,"(2,3)",8,
124,O_bc0.2,0.0,0.0,0.0,0.0,1.0,0.0,0.0,0.0,1.0,0.0,0.0,1.0,3.0,shortcut,2,"(2,3)",,7
125,O_bc0.2,1.0,1.0,13.16293830696572,44.0,0.0,0.0,0.0,0.0,1.0,0.0,0.0,1.0,3.0,shortcut,2,"(2,3)",7,
126,O_bc0.2,0.0,0.0,0.0,0.0,1.0,0.0,0.0,0.0,1.0,0.0,0.0,1.0,2.0,shortcut,2,"(2,3)",,4
127,O_bc0.2,1.0,1.0,11.72950912024697,42.0,0.0,1.0,1.0,1.0,0.0,0.0,1.0,0.0,0.0,lower,2,"(1,2)",9,
128,O_bc0.2,1.0,1.0,12.42784641634072,43.0,0.0,0.0,0.0,0.0,1.0,0.0,0.0,1.0,3.0,shortcut,2,"(2,3)",8,
129,O_bc0.2,1.0,1.0,13.16293830696572,44.0,0.0,0.0,0.0,0.0,1.0,0.0,0.0,1.0,3.0,shortcut,2,"(2,3)",7,
130,O_bc0.2,0.0,0.0,0.0,0.0,1.0,0.0,0.0,0.0,1.0,0.0,0.0,1.0,1.0,shortcut,2,"(2,3)",,3
131,O_bc0.2,0.0,0.0,0.0,0.0,1.0,0.0,0.0,0.0,1.0,0.0,0.0,1.0,2.0,shortcut,2,"(2,3)",,4
132,O_bc0.2,0.0,0.0,0.0,0.0,1.0,0.0,0.0,0.0,1.0,0.0,0.0,1.0,3.0,shortcut,2,"(2,3)",,5
133,O_bc0.2,0.0,0.0,0.0,0.0,1.0,0.0,0.0,0.0,1.0,0.0,0.0,1.0,3.0,shortcut,2,"(2,3)",,5
134,O_bc0.2,0.0,0.0,0.0,0.0,1.0,0.0,0.0,0.0,1.0,0.0,0.0,1.0,2.0,shortcut,2,"(2,3)",,4
135,O_bc0.2,1.0,1.0,13.16293830696572,44.0,0.0,1.0,1.0,0.0,0.0,0.0,1.0,0.0,3.0,lower,1,"(1,2)",7,
136,O_bc0.2,0.0,0.0,0.0,0.0,1.0,0.0,0.0,0.0,1.0,0.0,0.0,1.0,1.0,shortcut,2,"(2,3)",,3
137,O_bc0.2,1.0,1.0,11.72950912024697,42.0,0.0,1.0,1.0,1.0,0.0,0.0,1.0,0.0,0.0,lower,2,"(1,2)",9,
138,O_bc0.2,0.0,0.0,0.0,0.0,1.0,0.0,0.0,0.0,1.0,0.0,0.0,1.0,2.0,shortcut,2,"(2,3)",,6
139,O_bc0.2,0.0,0.0,0.0,0.0,1.0,0.0,0.0,0.0,1.0,0.0,0.0,1.0,3.0,shortcut,2,"(2,3)",,5
140,O_bc0.2,0.0,0.0,0.0,0.0,1.0,0.0,0.0,0.0,1.0,0.0,0.0,1.0,1.0,shortcut,2,"(2,3)",,3
141,O_bc0.2,0.0,0.0,0.0,0.0,1.0,0.0,0.0,0.0,1.0,0.0,0.0,1.0,2.0,shortcut,2,"(2,3)",,4
142,O_bc0.2,1.0,1.0,11.72950912024697,42.0,0.0,1.0,1.0,1.0,0.0,0.0,1.0,0.0,0.0,lower,2,"(1,2)",9,
143,O_bc0.2,1.0,1.0,13.16293830696572,44.0,0.0,0.0,0.0,0.0,1.0,0.0,0.0,1.0,3.0,shortcut,2,"(2,3)",7,
144,O_bc0.2,0.0,0.0,0.0,0.0,1.0,0.0,0.0,0.0,1.0,0.0,0.0,1.0,1.0,shortcut,2,"(2,3)",,3
145,O_bc0.2,1.0,1.0,11.72950912024697,42.0,0.0,1.0,1.0,1.0,0.0,0.0,1.0,0.0,0.0,lower,2,"(1,2)",9,
146,O_bc0.2,0.0,0.0,0.0,0.0,1.0,0.0,0.0,0.0,1.0,0.0,0.0,1.0,5.0,shortcut,2,"(2,3)",,8
147,O_bc0.2,0.0,0.0,0.0,0.0,1.0,0.0,0.0,0.0,1.0,0.0,0.0,1.0,2.0,shortcut,2,"(2,3)",,4
148,O_bc0.2,1.0,1.0,13.16293830696572,44.0,0.0,0.0,0.0,0.0,1.0,0.0,0.0,1.0,3.0,shortcut,2,"(2,3)",7,
149,O_bc0.2,1.0,1.0,11.72950912024697,42.0,0.0,1.0,1.0,1.0,0.0,0.0,1.0,0.0,0.0,lower,2,"(1,2)",9,
150,O_bc0.2,1.0,1.0,13.16293830696572,44.0,0.0,0.0,0.0,0.0,1.0,0.0,0.0,1.0,3.0,shortcut,2,"(2,3)",7,
151,O_bc0.2,0.0,0.0,0.0,0.0,1.0,0.0,0.0,0.0,1.0,0.0,0.0,1.0,2.0,shortcut,2,"(2,3)",,4
152,O_bc0.2,0.0,0.0,0.0,0.0,1.0,0.0,0.0,0.0,1.0,0.0,0.0,1.0,3.0,shortcut,2,"(2,3)",,5
153,O_bc0.2,0.0,0.0,0.0,0.0,1.0,0.0,0.0,0.0,1.0,0.0,0.0,1.0,3.0,shortcut,2,"(2,3)",,6
154,O_bc0.2,1.0,1.0,11.72950912024697,42.0,0.0,1.0,1.0,1.0,0.0,0.0,1.0,0.0,0.0,lower,2,"(1,2)",9,
155,O_bc0.2,0.0,0.0,0.0,0.0,1.0,0.0,0.0,0.0,1.0,0.0,0.0,1.0,1.0,shortcut,2,"(2,3)",,3
156,O_bc0.2,0.0,0.0,0.0,0.0,1.0,0.0,0.0,0.0,1.0,0.0,0.0,1.0,2.0,shortcut,2,"(2,3)",,4
157,O_bc0.2,0.0,0.0,0.0,0.0,1.0,0.0,0.0,0.0,1.0,0.0,0.0,1.0,2.0,shortcut,5,"(2,3)",,7
158,O_bc0.2,0.0,0.0,0.0,0.0,1.0,0.0,0.0,0.0,1.0,0.0,0.0,1.0,1.0,shortcut,2,"(2,3)",,4
159,O_bc0.2,0.0,0.0,0.0,0.0,1.0,0.0,0.0,0.0,1.0,0.0,0.0,1.0,3.0,shortcut,2,"(2,3)",,6
160,O_bc0.2,1.0,1.0,10.4358392792333,40.0,0.0,1.0,1.0,0.0,0.0,0.0,1.0,0.0,3.0,lower,2,"(1,2)",11,
161,O_bc0.2,0.0,0.0,0.0,0.0,1.0,0.0,0.0,0.0,1.0,0.0,0.0,1.0,2.0,shortcut,2,"(2,3)",,4
162,O_bc0.2,0.0,0.0,0.0,0.0,1.0,0.0,0.0,0.0,1.0,0.0,0.0,1.0,1.0,shortcut,2,"(2,3)",,3
163,O_bc0.2,1.0,1.0,13.16293830696572,44.0,0.0,0.0,0.0,0.0,1.0,0.0,0.0,1.0,3.0,shortcut,2,"(2,3)",7,
164,O_bc0.2,1.0,1.0,11.72950912024697,42.0,0.0,1.0,1.0,1.0,0.0,0.0,1.0,0.0,0.0,lower,2,"(1,2)",9,
165,O_bc0.2,1.0,1.0,11.72950912024697,42.0,0.0,1.0,1.0,1.0,0.0,0.0,1.0,0.0,0.0,lower,2,"(1,2)",9,
166,O_bc0.2,0.0,0.0,0.0,0.0,1.0,0.0,0.0,0.0,1.0,0.0,0.0,1.0,1.0,shortcut,2,"(2,3)",,3
167,O_bc0.2,0.0,0.0,0.0,0.0,1.0,0.0,0.0,0.0,1.0,0.0,0.0,1.0,1.0,shortcut,2,"(2,3)",,3
168,O_bc0.2,1.0,1.0,10.4358392792333,40.0,0.0,1.0,1.0,1.0,0.0,0.0,1.0,0.0,0.0,lower,4,"(1,2)",11,
169,O_bc0.2,0.0,0.0,0.0,0.0,1.0,0.0,0.0,0.0,1.0,0.0,0.0,1.0,3.0,shortcut,2,"(2,3)",,6
170,O_bc0.2,1.0,1.0,11.72950912024697,42.0,0.0,1.0,1.0,1.0,0.0,0.0,1.0,0.0,0.0,lower,2,"(1,2)",9,
171,O_bc0.2,1.0,1.0,13.16293830696572,44.0,0.0,0.0,0.0,0.0,1.0,0.0,0.0,1.0,4.0,shortcut,2,"(2,3)",7,
172,O_bc0.2,0.0,0.0,0.0,0.0,1.0,0.0,0.0,0.0,1.0,0.0,0.0,1.0,2.0,shortcut,2,"(2,3)",,4
173,O_bc0.2,1.0,1.0,12.42784641634072,43.0,0.0,0.0,0.0,0.0,1.0,0.0,0.0,1.0,3.0,shortcut,2,"(2,3)",8,
174,O_bc0.2,0.0,0.0,0.0,0.0,1.0,0.0,0.0,0.0,1.0,0.0,0.0,1.0,6.0,shortcut,2,"(2,3)",,8
175,O_bc0.2,0.0,0.0,0.0,0.0,1.0,0.0,0.0,0.0,1.0,0.0,0.0,1.0,1.0,shortcut,2,"(2,3)",,3
176,O_bc0.2,1.0,1.0,13.16293830696572,44.0,0.0,0.0,0.0,0.0,1.0,0.0,0.0,1.0,3.0,shortcut,2,"(2,3)",7,
177,O_bc0.2,0.0,0.0,0.0,0.0,1.0,0.0,0.0,0.0,1.0,0.0,0.0,1.0,2.0,shortcut,2,"(2,3)",,6
178,O_bc0.2,1.0,1.0,13.16293830696572,44.0,0.0,0.0,0.0,0.0,1.0,0.0,0.0,1.0,4.0,shortcut,2,"(2,3)",7,
179,O_bc0.2,1.0,1.0,11.72950912024697,42.0,0.0,1.0,1.0,1.0,0.0,0.0,1.0,0.0,0.0,lower,2,"(1,2)",9,
180,O_bc0.2,1.0,1.0,11.72950912024697,42.0,0.0,1.0,1.0,1.0,0.0,0.0,1.0,0.0,0.0,lower,2,"(1,2)",9,
181,O_bc0.2,1.0,1.0,13.16293830696572,44.0,0.0,0.0,0.0,0.0,1.0,0.0,0.0,1.0,3.0,shortcut,2,"(2,3)",7,
182,O_bc0.2,0.0,0.0,0.0,0.0,1.0,0.0,0.0,0.0,1.0,0.0,0.0,1.0,3.0,shortcut,2,"(2,3)",,5
183,O_bc0.2,0.0,0.0,0.0,0.0,1.0,0.0,0.0,0.0,1.0,0.0,0.0,1.0,4.0,shortcut,2,"(2,3)",,6
184,O_bc0.2,0.0,0.0,0.0,0.0,1.0,0.0,0.0,0.0,1.0,0.0,0.0,1.0,6.0,shortcut,2,"(2,3)",,8
185,O_bc0.2,0.0,0.0,0.0,0.0,1.0,0.0,0.0,0.0,1.0,0.0,0.0,1.0,1.0,shortcut,2,"(2,3)",,3
186,O_bc0.2,1.0,1.0,13.16293830696572,44.0,0.0,0.0,0.0,0.0,1.0,0.0,0.0,1.0,3.0,shortcut,2,"(2,3)",7,
187,O_bc0.2,1.0,1.0,11.066088688957908,41.0,0.0,1.0,1.0,1.0,0.0,0.0,1.0,0.0,0.0,lower,2,"(1,2)",10,
188,O_bc0.2,1.0,1.0,13.16293830696572,44.0,0.0,0.0,0.0,0.0,1.0,0.0,0.0,1.0,3.0,shortcut,2,"(2,3)",7,
189,O_bc0.2,0.0,0.0,0.0,0.0,1.0,0.0,0.0,0.0,1.0,0.0,0.0,1.0,1.0,shortcut,2,"(2,3)",,3
190,O_bc0.2,0.0,0.0,0.0,0.0,1.0,0.0,0.0,0.0,1.0,0.0,0.0,1.0,3.0,shortcut,2,"(2,3)",,6
191,O_bc0.2,1.0,1.0,13.16293830696572,44.0,0.0,0.0,0.0,0.0,1.0,0.0,0.0,1.0,3.0,shortcut,2,"(2,3)",7,
192,O_bc0.2,1.0,0.0,0.6983372960937497,1.0,1.0,0.0,0.0,0.0,1.0,0.0,0.0,1.0,4.0,shortcut,2,"(2,3)",8,10
193,O_bc0.2,0.0,0.0,0.0,0.0,1.0,0.0,0.0,0.0,1.0,0.0,0.0,1.0,2.0,shortcut,2,"(2,3)",,4
194,O_bc0.2,1.0,1.0,12.42784641634072,43.0,0.0,0.0,0.0,0.0,1.0,0.0,0.0,1.0,3.0,shortcut,2,"(2,3)",8,
195,O_bc0.2,0.0,0.0,0.0,0.0,1.0,0.0,0.0,0.0,1.0,0.0,0.0,1.0,2.0,shortcut,2,"(2,3)",,5
196,O_bc0.2,0.0,0.0,0.0,0.0,1.0,0.0,0.0,0.0,1.0,0.0,0.0,1.0,1.0,shortcut,2,"(2,3)",,3
197,O_bc0.2,0.0,0.0,0.0,0.0,1.0,0.0,0.0,0.0,1.0,0.0,0.0,1.0,1.0,shortcut,2,"(2,3)",,3
198,O_bc0.2,0.0,0.0,0.0,0.0,1.0,0.0,0.0,0.0,1.0,0.0,0.0,1.0,3.0,shortcut,2,"(2,3)",,5
199,O_bc0.2,0.0,0.0,0.0,0.0,1.0,0.0,0.0,0.0,1.0,0.0,0.0,1.0,1.0,shortcut,2,"(2,3)",,3
0,P_bc0.5,1.0,1.0,9.268302247718463,38.0,0.0,1.0,1.0,1.0,0.0,0.0,0.0,1.0,0.0,lower,2,"(2,3)",13,
1,P_bc0.5,0.0,0.0,0.0,0.0,1.0,0.0,0.0,0.0,1.0,0.0,0.0,1.0,3.0,shortcut,2,"(2,3)",,5
2,P_bc0.5,1.0,1.0,11.066088688957908,41.0,0.0,1.0,1.0,1.0,0.0,0.0,1.0,0.0,0.0,lower,1,"(1,2)",10,
3,P_bc0.5,1.0,1.0,13.16293830696572,44.0,0.0,0.0,0.0,0.0,1.0,0.0,0.0,1.0,3.0,shortcut,2,"(2,3)",7,
4,P_bc0.5,1.0,1.0,6.008172545171877,31.0,0.0,1.0,1.0,1.0,0.0,0.0,1.0,0.0,0.0,lower,7,"(1,2)",20,
5,P_bc0.5,1.0,1.0,12.46460101087197,43.0,0.0,0.0,0.0,0.0,1.0,0.0,0.0,1.0,3.0,shortcut,2,"(2,3)",7,
6,P_bc0.5,0.0,0.0,0.0,0.0,1.0,0.0,0.0,0.0,1.0,0.0,0.0,1.0,2.0,shortcut,2,"(2,3)",,5
7,P_bc0.5,0.0,0.0,0.0,0.0,1.0,0.0,0.0,0.0,1.0,0.0,0.0,1.0,2.0,shortcut,2,"(2,3)",,5
8,P_bc0.5,0.0,0.0,0.0,0.0,1.0,0.0,0.0,0.0,1.0,0.0,0.0,1.0,3.0,shortcut,2,"(2,3)",,6
9,P_bc0.5,1.0,1.0,11.066088688957908,41.0,0.0,1.0,1.0,1.0,0.0,0.0,1.0,0.0,0.0,lower,2,"(1,2)",10,
10,P_bc0.5,1.0,1.0,12.42784641634072,43.0,0.0,0.0,0.0,0.0,1.0,0.0,0.0,1.0,3.0,shortcut,2,"(2,3)",8,
11,P_bc0.5,0.0,0.0,0.0,0.0,1.0,0.0,0.0,0.0,1.0,0.0,0.0,1.0,2.0,shortcut,2,"(2,3)",,4
12,P_bc0.5,0.0,0.0,0.0,0.0,1.0,0.0,0.0,0.0,1.0,0.0,0.0,1.0,4.0,shortcut,2,"(2,3)",,6
13,P_bc0.5,1.0,1.0,11.066088688957908,41.0,0.0,1.0,1.0,1.0,0.0,0.0,1.0,0.0,0.0,lower,2,"(1,2)",10,
14,P_bc0.5,0.0,0.0,0.0,0.0,1.0,0.0,0.0,0.0,1.0,0.0,0.0,1.0,1.0,shortcut,2,"(2,3)",,5
15,P_bc0.5,1.0,1.0,12.42784641634072,43.0,0.0,0.0,0.0,0.0,1.0,0.0,0.0,1.0,5.0,shortcut,2,"(2,3)",8,
16,P_bc0.5,1.0,1.0,0.4499056342075816,5.0,0.0,1.0,1.0,1.0,0.0,0.0,1.0,0.0,0.0,lower,2,"(1,2)",46,
17,P_bc0.5,1.0,1.0,2.9798113143170455,21.0,0.0,1.0,1.0,1.0,0.0,0.0,1.0,0.0,0.0,lower,7,"(1,2)",30,
18,P_bc0.5,0.0,0.0,0.0,0.0,1.0,0.0,0.0,0.0,1.0,0.0,0.0,1.0,1.0,shortcut,2,"(2,3)",,5
19,P_bc0.5,0.0,0.0,0.0,0.0,1.0,0.0,0.0,0.0,1.0,0.0,0.0,1.0,1.0,shortcut,2,"(2,3)",,3
20,P_bc0.5,1.0,1.0,12.42784641634072,43.0,0.0,0.0,0.0,0.0,1.0,0.0,0.0,1.0,5.0,shortcut,2,"(2,3)",8,
21,P_bc0.5,0.0,0.0,0.0,0.0,1.0,0.0,0.0,0.0,1.0,0.0,0.0,1.0,2.0,shortcut,2,"(2,3)",,5
22,P_bc0.5,0.0,0.0,0.0,0.0,1.0,0.0,0.0,0.0,1.0,0.0,0.0,1.0,1.0,shortcut,2,"(2,3)",,3
23,P_bc0.5,0.0,0.0,0.0,0.0,0.0,0.0,1.0,1.0,1.0,0.0,0.0,1.0,1.0,shortcut,2,"(2,3)",,
24,P_bc0.5,0.0,0.0,0.0,0.0,1.0,1.0,1.0,1.0,0.0,0.0,1.0,0.0,3.0,lower,1,"(1,2)",,46
25,P_bc0.5,1.0,1.0,8.26465092989607,36.0,0.0,1.0,1.0,1.0,0.0,0.0,1.0,0.0,0.0,lower,2,"(1,2)",14,
26,P_bc0.5,0.0,0.0,0.0,0.0,1.0,1.0,1.0,0.0,0.0,0.0,1.0,0.0,2.0,lower,10,"(1,2)",,19
27,P_bc0.5,1.0,1.0,11.72950912024697,42.0,0.0,0.0,0.0,0.0,1.0,0.0,0.0,1.0,4.0,shortcut,2,"(2,3)",9,
28,P_bc0.5,1.0,1.0,13.16293830696572,44.0,0.0,0.0,0.0,0.0,1.0,0.0,0.0,1.0,3.0,shortcut,2,"(2,3)",7,
29,P_bc0.5,0.0,0.0,0.0,0.0,1.0,0.0,0.0,0.0,1.0,0.0,0.0,1.0,1.0,shortcut,2,"(2,3)",,3
30,P_bc0.5,0.0,0.0,0.0,0.0,1.0,0.0,0.0,0.0,1.0,0.0,0.0,1.0,1.0,shortcut,2,"(2,3)",,3
31,P_bc0.5,0.0,0.0,0.0,0.0,1.0,0.0,0.0,0.0,1.0,0.0,0.0,1.0,1.0,shortcut,2,"(2,3)",,3
32,P_bc0.5,0.0,0.0,0.0,0.0,1.0,0.0,0.0,0.0,1.0,0.0,0.0,1.0,2.0,shortcut,2,"(2,3)",,4
33,P_bc0.5,1.0,1.0,4.931771393939913,28.0,0.0,1.0,1.0,1.0,0.0,0.0,0.0,1.0,0.0,lower,2,"(2,3)",23,
34,P_bc0.5,1.0,1.0,13.16293830696572,44.0,0.0,0.0,0.0,0.0,1.0,0.0,0.0,1.0,3.0,shortcut,2,"(2,3)",7,
35,P_bc0.5,0.0,0.0,0.0,0.0,1.0,0.0,0.0,0.0,1.0,0.0,0.0,1.0,3.0,shortcut,2,"(2,3)",,5
36,P_bc0.5,0.0,0.0,0.0,0.0,1.0,0.0,0.0,0.0,1.0,0.0,0.0,1.0,2.0,shortcut,2,"(2,3)",,4
37,P_bc0.5,1.0,1.0,5.272333020228028,29.0,0.0,1.0,1.0,1.0,0.0,0.0,1.0,0.0,0.0,lower,2,"(1,2)",22,
38,P_bc0.5,1.0,1.0,11.066088688957908,41.0,0.0,0.0,0.0,0.0,1.0,0.0,0.0,1.0,6.0,shortcut,2,"(2,3)",10,
39,P_bc0.5,1.0,1.0,13.16293830696572,44.0,0.0,0.0,0.0,0.0,1.0,0.0,0.0,1.0,3.0,shortcut,2,"(2,3)",7,
40,P_bc0.5,1.0,1.0,11.72950912024697,42.0,0.0,0.0,0.0,0.0,1.0,0.0,0.0,1.0,4.0,shortcut,4,"(2,3)",9,
41,P_bc0.5,1.0,1.0,13.16293830696572,44.0,0.0,0.0,0.0,0.0,1.0,0.0,0.0,1.0,3.0,shortcut,2,"(2,3)",7,
42,P_bc0.5,1.0,1.0,8.727942160055825,37.0,0.0,1.0,1.0,1.0,0.0,0.0,0.0,1.0,0.0,lower,6,"(2,3)",14,
43,P_bc0.5,1.0,1.0,13.16293830696572,44.0,0.0,0.0,0.0,0.0,1.0,0.0,0.0,1.0,3.0,shortcut,2,"(2,3)",7,
44,P_bc0.5,0.0,0.0,0.0,0.0,1.0,0.0,0.0,0.0,1.0,0.0,0.0,1.0,3.0,shortcut,2,"(2,3)",,5
45,P_bc0.5,1.0,1.0,11.72950912024697,42.0,0.0,1.0,1.0,1.0,0.0,0.0,1.0,0.0,0.0,lower,2,"(1,2)",9,
46,P_bc0.5,0.0,0.0,0.0,0.0,1.0,0.0,0.0,0.0,1.0,0.0,0.0,1.0,1.0,shortcut,3,"(2,3)",,4
47,P_bc0.5,1.0,1.0,11.72950912024697,42.0,0.0,1.0,1.0,1.0,0.0,0.0,1.0,0.0,0.0,lower,2,"(1,2)",9,
48,P_bc0.5,0.0,0.0,0.0,0.0,1.0,0.0,0.0,0.0,1.0,0.0,0.0,1.0,1.0,shortcut,2,"(2,3)",,3
49,P_bc0.5,1.0,1.0,13.16293830696572,44.0,0.0,0.0,0.0,0.0,1.0,0.0,0.0,1.0,3.0,shortcut,3,"(2,3)",7,
50,P_bc0.5,1.0,1.0,11.72950912024697,42.0,0.0,1.0,1.0,1.0,0.0,0.0,1.0,0.0,0.0,lower,2,"(1,2)",9,
51,P_bc0.5,1.0,1.0,13.16293830696572,44.0,0.0,0.0,0.0,0.0,1.0,0.0,0.0,1.0,3.0,shortcut,2,"(2,3)",7,
52,P_bc0.5,0.0,0.0,0.0,0.0,1.0,0.0,0.0,0.0,1.0,0.0,0.0,1.0,3.0,shortcut,2,"(2,3)",,5
53,P_bc0.5,0.0,0.0,0.0,0.0,1.0,0.0,0.0,0.0,1.0,0.0,0.0,1.0,1.0,shortcut,2,"(2,3)",,3
54,P_bc0.5,0.0,0.0,0.0,0.0,1.0,0.0,0.0,0.0,1.0,0.0,0.0,1.0,1.0,shortcut,3,"(2,3)",,4
55,P_bc0.5,0.0,0.0,0.0,0.0,1.0,0.0,0.0,0.0,1.0,0.0,0.0,1.0,2.0,shortcut,2,"(2,3)",,5
56,P_bc0.5,0.0,0.0,0.0,0.0,1.0,1.0,1.0,0.0,0.0,0.0,1.0,0.0,1.0,lower,2,"(1,2)",,7
57,P_bc0.5,0.0,0.0,0.0,0.0,1.0,0.0,0.0,0.0,1.0,0.0,0.0,1.0,1.0,shortcut,2,"(2,3)",,3
58,P_bc0.5,0.0,0.0,0.0,0.0,1.0,0.0,0.0,0.0,1.0,0.0,0.0,1.0,3.0,shortcut,2,"(2,3)",,5
59,P_bc0.5,1.0,1.0,13.16293830696572,44.0,0.0,0.0,0.0,0.0,1.0,0.0,0.0,1.0,4.0,shortcut,2,"(2,3)",7,
60,P_bc0.5,1.0,1.0,8.214600076776321,36.0,0.0,1.0,1.0,1.0,0.0,0.0,1.0,0.0,0.0,lower,5,"(1,2)",15,
61,P_bc0.5,0.0,0.0,0.0,0.0,1.0,0.0,0.0,0.0,1.0,0.0,0.0,1.0,3.0,shortcut,2,"(2,3)",,5
62,P_bc0.5,1.0,1.0,7.751308846616568,35.0,0.0,1.0,1.0,1.0,0.0,0.0,1.0,0.0,0.0,lower,1,"(1,2)",15,
63,P_bc0.5,0.0,0.0,0.0,0.0,1.0,0.0,0.0,0.0,1.0,0.0,0.0,1.0,2.0,shortcut,3,"(2,3)",,5
64,P_bc0.5,1.0,1.0,4.300880981241181,26.0,0.0,0.0,1.0,1.0,1.0,0.0,0.0,1.0,1.0,shortcut,2,"(2,3)",25,
65,P_bc0.5,0.0,0.0,0.0,0.0,0.0,1.0,1.0,1.0,0.0,0.0,1.0,0.0,0.0,lower,2,"(1,2)",,
66,P_bc0.5,1.0,1.0,0.9028314692026955,9.0,0.0,1.0,1.0,1.0,0.0,0.0,0.0,1.0,0.0,lower,2,"(2,3)",42,
67,P_bc0.5,0.0,0.0,0.0,0.0,1.0,1.0,1.0,0.0,0.0,0.0,1.0,0.0,1.0,lower,1,"(1,2)",,6
68,P_bc0.5,1.0,1.0,12.42784641634072,43.0,0.0,0.0,0.0,0.0,1.0,0.0,0.0,1.0,4.0,shortcut,2,"(2,3)",8,
69,P_bc0.5,0.0,0.0,0.0,0.0,1.0,0.0,0.0,0.0,1.0,0.0,0.0,1.0,3.0,shortcut,2,"(2,3)",,5
70,P_bc0.5,1.0,1.0,13.16293830696572,44.0,0.0,0.0,0.0,0.0,1.0,0.0,0.0,1.0,4.0,shortcut,2,"(2,3)",7,
71,P_bc0.5,0.0,0.0,0.0,0.0,1.0,0.0,0.0,0.0,1.0,0.0,0.0,1.0,3.0,shortcut,2,"(2,3)",,6
72,P_bc0.5,1.0,1.0,11.066088688957908,41.0,0.0,0.0,0.0,0.0,1.0,0.0,0.0,1.0,6.0,shortcut,2,"(2,3)",10,
73,P_bc0.5,0.0,0.0,0.0,0.0,1.0,0.0,0.0,0.0,1.0,0.0,0.0,1.0,3.0,shortcut,2,"(2,3)",,5
74,P_bc0.5,1.0,1.0,4.931771393939913,28.0,0.0,1.0,1.0,1.0,0.0,0.0,1.0,0.0,0.0,lower,2,"(1,2)",23,
75,P_bc0.5,1.0,1.0,0.664762699165842,7.0,0.0,1.0,1.0,1.0,0.0,0.0,1.0,0.0,0.0,lower,1,"(1,2)",44,
76,P_bc0.5,0.0,0.0,0.0,0.0,1.0,0.0,0.0,0.0,1.0,0.0,0.0,1.0,1.0,shortcut,2,"(2,3)",,3
77,P_bc0.5,0.0,0.0,0.0,0.0,1.0,1.0,1.0,0.0,0.0,0.0,0.0,1.0,2.0,lower,2,"(2,3)",,6
78,P_bc0.5,0.0,0.0,0.0,0.0,1.0,0.0,0.0,0.0,1.0,0.0,0.0,1.0,4.0,shortcut,2,"(2,3)",,11
79,P_bc0.5,0.0,0.0,0.0,0.0,1.0,0.0,0.0,0.0,1.0,0.0,0.0,1.0,6.0,shortcut,2,"(2,3)",,11
80,P_bc0.5,0.0,0.0,0.0,0.0,1.0,0.0,0.0,0.0,1.0,0.0,0.0,1.0,5.0,shortcut,2,"(2,3)",,8
81,P_bc0.5,0.0,0.0,0.0,0.0,1.0,0.0,0.0,0.0,1.0,0.0,0.0,1.0,2.0,shortcut,3,"(2,3)",,5
82,P_bc0.5,1.0,1.0,6.4053868636300955,32.0,0.0,1.0,1.0,1.0,0.0,0.0,1.0,0.0,0.0,lower,12,"(1,2)",19,
83,P_bc0.5,0.0,0.0,0.0,0.0,1.0,0.0,0.0,0.0,1.0,0.0,0.0,1.0,4.0,shortcut,2,"(2,3)",,6
84,P_bc0.5,1.0,1.0,11.72950912024697,42.0,0.0,1.0,1.0,1.0,0.0,0.0,1.0,0.0,0.0,lower,1,"(1,2)",9,
85,P_bc0.5,1.0,1.0,13.16293830696572,44.0,0.0,0.0,0.0,0.0,1.0,0.0,0.0,1.0,3.0,shortcut,2,"(2,3)",7,
86,P_bc0.5,1.0,1.0,11.72950912024697,42.0,0.0,0.0,0.0,0.0,1.0,0.0,0.0,1.0,3.0,shortcut,2,"(2,3)",9,
87,P_bc0.5,0.0,0.0,0.0,0.0,1.0,0.0,0.0,0.0,1.0,0.0,0.0,1.0,3.0,shortcut,2,"(2,3)",,8
88,P_bc0.5,0.0,0.0,0.0,0.0,1.0,0.0,0.0,0.0,1.0,0.0,0.0,1.0,1.0,shortcut,7,"(2,3)",,8
89,P_bc0.5,1.0,1.0,6.823507198849272,33.0,0.0,1.0,1.0,1.0,0.0,0.0,0.0,1.0,0.0,lower,2,"(2,3)",18,
90,P_bc0.5,1.0,1.0,11.066088688957908,41.0,0.0,1.0,1.0,1.0,0.0,0.0,1.0,0.0,0.0,lower,2,"(1,2)",10,
91,P_bc0.5,0.0,0.0,0.0,0.0,1.0,0.0,0.0,0.0,1.0,0.0,0.0,1.0,6.0,shortcut,2,"(2,3)",,8
92,P_bc0.5,0.0,0.0,0.0,0.0,1.0,0.0,0.0,0.0,1.0,0.0,0.0,1.0,1.0,shortcut,2,"(2,3)",,3
93,P_bc0.5,0.0,0.0,0.0,0.0,1.0,0.0,0.0,0.0,1.0,0.0,0.0,1.0,1.0,shortcut,4,"(2,3)",,5
94,P_bc0.5,1.0,1.0,6.823507198849272,33.0,0.0,1.0,1.0,1.0,0.0,0.0,1.0,0.0,0.0,lower,4,"(1,2)",18,
95,P_bc0.5,0.0,0.0,0.0,0.0,1.0,0.0,0.0,0.0,1.0,0.0,0.0,1.0,1.0,shortcut,2,"(2,3)",,5
96,P_bc0.5,1.0,1.0,2.3455255249230413,18.0,0.0,0.0,1.0,1.0,1.0,0.0,0.0,1.0,1.0,shortcut,2,"(2,3)",32,
97,P_bc0.5,0.0,0.0,0.0,0.0,1.0,0.0,0.0,0.0,1.0,0.0,0.0,1.0,3.0,shortcut,2,"(2,3)",,5
98,P_bc0.5,1.0,1.0,13.16293830696572,44.0,0.0,0.0,0.0,0.0,1.0,0.0,0.0,1.0,3.0,shortcut,2,"(2,3)",7,
99,P_bc0.5,0.0,0.0,0.0,0.0,1.0,0.0,0.0,0.0,1.0,0.0,0.0,1.0,1.0,shortcut,2,"(2,3)",,3
100,P_bc0.5,0.0,0.0,0.0,0.0,1.0,1.0,1.0,0.0,0.0,0.0,0.0,1.0,1.0,lower,2,"(2,3)",,17
101,P_bc0.5,0.0,0.0,0.0,0.0,1.0,0.0,0.0,0.0,1.0,0.0,0.0,1.0,1.0,shortcut,2,"(2,3)",,3
102,P_bc0.5,0.0,0.0,0.0,0.0,1.0,0.0,0.0,0.0,1.0,0.0,0.0,1.0,2.0,shortcut,2,"(2,3)",,4
103,P_bc0.5,1.0,1.0,11.72950912024697,42.0,0.0,0.0,0.0,0.0,1.0,0.0,0.0,1.0,3.0,shortcut,2,"(2,3)",9,
104,P_bc0.5,0.0,0.0,0.0,0.0,1.0,0.0,0.0,0.0,1.0,0.0,0.0,1.0,2.0,shortcut,2,"(2,3)",,4
105,P_bc0.5,1.0,1.0,2.5392370093815426,19.0,0.0,1.0,1.0,1.0,0.0,0.0,1.0,0.0,0.0,lower,15,"(1,2)",32,
106,P_bc0.5,0.0,0.0,0.0,0.0,1.0,0.0,0.0,0.0,1.0,0.0,0.0,1.0,3.0,shortcut,2,"(2,3)",,10
107,P_bc0.5,1.0,1.0,11.72950912024697,42.0,0.0,0.0,0.0,0.0,1.0,0.0,0.0,1.0,3.0,shortcut,4,"(2,3)",9,
108,P_bc0.5,0.0,0.0,0.0,0.0,1.0,0.0,0.0,0.0,1.0,0.0,0.0,1.0,1.0,shortcut,2,"(2,3)",,4
109,P_bc0.5,0.0,0.0,0.0,0.0,1.0,0.0,0.0,0.0,1.0,0.0,0.0,1.0,4.0,shortcut,2,"(2,3)",,7
110,P_bc0.5,0.0,0.0,0.0,0.0,1.0,0.0,0.0,0.0,1.0,0.0,0.0,1.0,4.0,shortcut,13,"(2,3)",,21
111,P_bc0.5,0.0,0.0,0.0,0.0,1.0,0.0,0.0,0.0,1.0,0.0,0.0,1.0,1.0,shortcut,2,"(2,3)",,3
112,P_bc0.5,0.0,0.0,0.0,0.0,1.0,0.0,0.0,0.0,1.0,0.0,0.0,1.0,3.0,shortcut,2,"(2,3)",,5
113,P_bc0.5,1.0,1.0,13.16293830696572,44.0,0.0,0.0,0.0,0.0,1.0,0.0,0.0,1.0,4.0,shortcut,2,"(2,3)",7,
114,P_bc0.5,0.0,0.0,0.0,0.0,1.0,0.0,0.0,0.0,1.0,0.0,0.0,1.0,3.0,shortcut,2,"(2,3)",,7
115,P_bc0.5,0.0,0.0,0.0,0.0,1.0,0.0,0.0,0.0,1.0,0.0,0.0,1.0,1.0,shortcut,2,"(2,3)",,3
116,P_bc0.5,1.0,1.0,13.16293830696572,44.0,0.0,0.0,0.0,0.0,1.0,0.0,0.0,1.0,3.0,shortcut,2,"(2,3)",7,
117,P_bc0.5,0.0,0.0,0.0,0.0,1.0,0.0,0.0,0.0,1.0,0.0,0.0,1.0,2.0,shortcut,2,"(2,3)",,4
118,P_bc0.5,1.0,1.0,13.16293830696572,44.0,0.0,1.0,1.0,0.0,0.0,0.0,1.0,0.0,3.0,lower,1,"(1,2)",7,
119,P_bc0.5,0.0,0.0,0.0,0.0,1.0,0.0,0.0,0.0,1.0,0.0,0.0,1.0,1.0,shortcut,2,"(2,3)",,8
120,P_bc0.5,1.0,1.0,8.31733603844318,36.0,0.0,1.0,1.0,1.0,0.0,0.0,0.0,1.0,0.0,lower,2,"(2,3)",13,
121,P_bc0.5,1.0,1.0,13.16293830696572,44.0,0.0,0.0,0.0,0.0,1.0,0.0,0.0,1.0,3.0,shortcut,2,"(2,3)",7,
122,P_bc0.5,0.0,0.0,0.0,0.0,1.0,0.0,0.0,0.0,1.0,0.0,0.0,1.0,1.0,shortcut,2,"(2,3)",,3
123,P_bc0.5,1.0,1.0,5.272333020228028,29.0,0.0,1.0,1.0,1.0,0.0,0.0,0.0,1.0,0.0,lower,2,"(2,3)",22,
124,P_bc0.5,1.0,1.0,7.72692509766079,35.0,0.0,0.0,0.0,0.0,1.0,0.0,0.0,1.0,10.0,shortcut,2,"(2,3)",16,
125,P_bc0.5,1.0,1.0,13.16293830696572,44.0,0.0,0.0,0.0,0.0,1.0,0.0,0.0,1.0,3.0,shortcut,2,"(2,3)",7,
126,P_bc0.5,0.0,0.0,0.0,0.0,1.0,0.0,0.0,0.0,1.0,0.0,0.0,1.0,2.0,shortcut,3,"(2,3)",,5
127,P_bc0.5,0.0,0.0,0.0,0.0,0.0,1.0,1.0,1.0,0.0,0.0,1.0,0.0,0.0,lower,2,"(1,2)",,
128,P_bc0.5,0.0,0.0,0.0,0.0,1.0,0.0,0.0,0.0,1.0,0.0,0.0,1.0,5.0,shortcut,2,"(2,3)",,13
129,P_bc0.5,1.0,1.0,13.16293830696572,44.0,0.0,0.0,0.0,0.0,1.0,0.0,0.0,1.0,3.0,shortcut,2,"(2,3)",7,
130,P_bc0.5,1.0,1.0,11.066088688957908,41.0,0.0,1.0,1.0,1.0,0.0,0.0,1.0,0.0,0.0,lower,2,"(1,2)",10,
131,P_bc0.5,0.0,0.0,0.0,0.0,1.0,0.0,0.0,0.0,1.0,0.0,0.0,1.0,2.0,shortcut,2,"(2,3)",,4
132,P_bc0.5,0.0,0.0,0.0,0.0,1.0,0.0,0.0,0.0,1.0,0.0,0.0,1.0,3.0,shortcut,2,"(2,3)",,5
133,P_bc0.5,0.0,0.0,0.0,0.0,1.0,0.0,0.0,0.0,1.0,0.0,0.0,1.0,3.0,shortcut,2,"(2,3)",,5
134,P_bc0.5,0.0,0.0,0.0,0.0,1.0,0.0,0.0,0.0,1.0,0.0,0.0,1.0,2.0,shortcut,2,"(2,3)",,4
135,P_bc0.5,1.0,1.0,13.16293830696572,44.0,0.0,1.0,1.0,0.0,0.0,0.0,1.0,0.0,3.0,lower,1,"(1,2)",7,
136,P_bc0.5,0.0,0.0,0.0,0.0,1.0,1.0,1.0,0.0,0.0,0.0,0.0,1.0,7.0,lower,2,"(2,3)",,22
137,P_bc0.5,1.0,1.0,11.72950912024697,42.0,0.0,1.0,1.0,1.0,0.0,0.0,1.0,0.0,0.0,lower,2,"(1,2)",9,
138,P_bc0.5,1.0,1.0,0.7807449204658475,8.0,0.0,1.0,1.0,1.0,0.0,0.0,0.0,1.0,0.0,lower,2,"(2,3)",43,
139,P_bc0.5,0.0,0.0,0.0,0.0,1.0,0.0,0.0,0.0,1.0,0.0,0.0,1.0,3.0,shortcut,2,"(2,3)",,5
140,P_bc0.5,0.0,0.0,0.0,0.0,1.0,0.0,0.0,0.0,1.0,0.0,0.0,1.0,1.0,shortcut,2,"(2,3)",,3
141,P_bc0.5,0.0,0.0,0.0,0.0,1.0,0.0,0.0,0.0,1.0,0.0,0.0,1.0,2.0,shortcut,2,"(2,3)",,4
142,P_bc0.5,1.0,1.0,11.72950912024697,42.0,0.0,1.0,1.0,1.0,0.0,0.0,1.0,0.0,0.0,lower,2,"(1,2)",9,
143,P_bc0.5,1.0,1.0,13.16293830696572,44.0,0.0,0.0,0.0,0.0,1.0,0.0,0.0,1.0,3.0,shortcut,2,"(2,3)",7,
144,P_bc0.5,0.0,0.0,0.0,0.0,1.0,0.0,0.0,0.0,1.0,0.0,0.0,1.0,1.0,shortcut,2,"(2,3)",,3
145,P_bc0.5,1.0,1.0,9.268302247718463,38.0,0.0,1.0,1.0,0.0,0.0,0.0,1.0,0.0,3.0,lower,4,"(1,2)",13,
146,P_bc0.5,1.0,1.0,11.72950912024697,42.0,0.0,0.0,0.0,0.0,1.0,0.0,0.0,1.0,5.0,shortcut,2,"(2,3)",9,
147,P_bc0.5,0.0,0.0,0.0,0.0,1.0,0.0,0.0,0.0,1.0,0.0,0.0,1.0,2.0,shortcut,2,"(2,3)",,4
148,P_bc0.5,1.0,1.0,13.16293830696572,44.0,0.0,0.0,0.0,0.0,1.0,0.0,0.0,1.0,3.0,shortcut,2,"(2,3)",7,
149,P_bc0.5,1.0,1.0,0.9028314692026955,9.0,0.0,1.0,1.0,1.0,0.0,0.0,1.0,0.0,0.0,lower,2,"(1,2)",42,
150,P_bc0.5,0.0,0.0,0.0,0.0,1.0,0.0,0.0,0.0,1.0,0.0,0.0,1.0,2.0,shortcut,5,"(2,3)",,8
151,P_bc0.5,0.0,0.0,0.0,0.0,1.0,0.0,0.0,0.0,1.0,0.0,0.0,1.0,2.0,shortcut,2,"(2,3)",,4
152,P_bc0.5,1.0,1.0,1.7827681742178785,15.0,0.0,1.0,1.0,1.0,0.0,0.0,0.0,1.0,0.0,lower,3,"(2,3)",36,
153,P_bc0.5,0.0,0.0,0.0,0.0,1.0,0.0,0.0,0.0,1.0,0.0,0.0,1.0,1.0,shortcut,2,"(2,3)",,5
154,P_bc0.5,1.0,1.0,11.72950912024697,42.0,0.0,1.0,1.0,1.0,0.0,0.0,1.0,0.0,0.0,lower,2,"(1,2)",9,
155,P_bc0.5,0.0,0.0,0.0,0.0,1.0,0.0,0.0,0.0,1.0,0.0,0.0,1.0,1.0,shortcut,3,"(2,3)",,4
156,P_bc0.5,0.0,0.0,0.0,0.0,0.0,1.0,1.0,1.0,0.0,0.0,1.0,0.0,0.0,lower,2,"(1,2)",,
157,P_bc0.5,1.0,1.0,4.608237848966204,27.0,0.0,1.0,1.0,1.0,0.0,0.0,1.0,0.0,0.0,lower,7,"(1,2)",24,
158,P_bc0.5,0.0,0.0,0.0,0.0,1.0,0.0,0.0,0.0,1.0,0.0,0.0,1.0,1.0,shortcut,2,"(2,3)",,5
159,P_bc0.5,1.0,1.0,2.9798113143170455,21.0,0.0,1.0,1.0,0.0,0.0,0.0,1.0,0.0,3.0,lower,14,"(1,2)",30,
160,P_bc0.5,0.0,0.0,0.0,0.0,1.0,0.0,0.0,0.0,1.0,0.0,0.0,1.0,3.0,shortcut,8,"(2,3)",,13
161,P_bc0.5,1.0,1.0,11.72950912024697,42.0,0.0,1.0,1.0,1.0,0.0,0.0,1.0,0.0,0.0,lower,2,"(1,2)",9,
162,P_bc0.5,0.0,0.0,0.0,0.0,1.0,0.0,0.0,0.0,1.0,0.0,0.0,1.0,1.0,shortcut,2,"(2,3)",,3
163,P_bc0.5,1.0,1.0,10.4358392792333,40.0,0.0,1.0,1.0,1.0,0.0,0.0,1.0,0.0,0.0,lower,2,"(1,2)",11,
164,P_bc0.5,0.0,0.0,0.0,0.0,1.0,0.0,0.0,0.0,1.0,0.0,0.0,1.0,3.0,shortcut,6,"(2,3)",,11
165,P_bc0.5,1.0,1.0,11.066088688957908,41.0,0.0,1.0,1.0,1.0,0.0,0.0,1.0,0.0,0.0,lower,2,"(1,2)",10,
166,P_bc0.5,0.0,0.0,0.0,0.0,1.0,0.0,0.0,0.0,1.0,0.0,0.0,1.0,1.0,shortcut,2,"(2,3)",,3
167,P_bc0.5,0.0,0.0,0.0,0.0,1.0,0.0,0.0,0.0,1.0,0.0,0.0,1.0,1.0,shortcut,2,"(2,3)",,3
168,P_bc0.5,0.0,0.0,0.0,0.0,1.0,1.0,1.0,0.0,0.0,0.0,1.0,0.0,1.0,lower,7,"(1,2)",,14
169,P_bc0.5,0.0,0.0,0.0,0.0,1.0,0.0,0.0,0.0,1.0,0.0,0.0,1.0,5.0,shortcut,2,"(2,3)",,10
170,P_bc0.5,1.0,1.0,11.72950912024697,42.0,0.0,1.0,1.0,1.0,0.0,0.0,1.0,0.0,0.0,lower,2,"(1,2)",9,
171,P_bc0.5,1.0,1.0,13.16293830696572,44.0,0.0,0.0,0.0,0.0,1.0,0.0,0.0,1.0,4.0,shortcut,2,"(2,3)",7,
172,P_bc0.5,0.0,0.0,0.0,0.0,1.0,0.0,0.0,0.0,1.0,0.0,0.0,1.0,4.0,shortcut,2,"(2,3)",,6
173,P_bc0.5,0.0,0.0,0.0,0.0,1.0,0.0,0.0,0.0,1.0,0.0,0.0,1.0,1.0,shortcut,6,"(2,3)",,9
174,P_bc0.5,0.0,0.0,0.0,0.0,1.0,0.0,0.0,0.0,1.0,0.0,0.0,1.0,6.0,shortcut,2,"(2,3)",,9
175,P_bc0.5,1.0,1.0,5.272333020228028,29.0,0.0,1.0,1.0,1.0,0.0,0.0,1.0,0.0,0.0,lower,2,"(1,2)",22,
176,P_bc0.5,0.0,0.0,0.0,0.0,1.0,0.0,0.0,0.0,1.0,0.0,0.0,1.0,1.0,shortcut,4,"(2,3)",,5
177,P_bc0.5,0.0,0.0,0.0,0.0,1.0,0.0,0.0,0.0,1.0,0.0,0.0,1.0,2.0,shortcut,2,"(2,3)",,6
178,P_bc0.5,1.0,1.0,12.42784641634072,43.0,0.0,0.0,0.0,0.0,1.0,0.0,0.0,1.0,4.0,shortcut,2,"(2,3)",8,
179,P_bc0.5,0.0,0.0,0.0,0.0,1.0,1.0,1.0,1.0,0.0,0.0,1.0,0.0,1.0,lower,2,"(1,2)",,19
180,P_bc0.5,1.0,1.0,8.727942160055825,37.0,0.0,1.0,1.0,1.0,0.0,0.0,1.0,0.0,0.0,lower,2,"(1,2)",14,
181,P_bc0.5,0.0,0.0,0.0,0.0,1.0,0.0,0.0,0.0,1.0,0.0,0.0,1.0,3.0,shortcut,4,"(2,3)",,7
182,P_bc0.5,0.0,0.0,0.0,0.0,1.0,0.0,0.0,0.0,1.0,0.0,0.0,1.0,1.0,shortcut,2,"(2,3)",,6
183,P_bc0.5,0.0,0.0,0.0,0.0,1.0,0.0,0.0,0.0,1.0,0.0,0.0,1.0,2.0,shortcut,2,"(2,3)",,5
184,P_bc0.5,0.0,0.0,0.0,0.0,1.0,0.0,0.0,0.0,1.0,0.0,0.0,1.0,2.0,shortcut,2,"(2,3)",,5
185,P_bc0.5,0.0,0.0,0.0,0.0,1.0,0.0,0.0,0.0,1.0,0.0,0.0,1.0,2.0,shortcut,2,"(2,3)",,5
186,P_bc0.5,0.0,0.0,0.0,0.0,1.0,0.0,0.0,0.0,1.0,0.0,0.0,1.0,3.0,shortcut,2,"(2,3)",,5
187,P_bc0.5,0.0,0.0,0.0,0.0,1.0,1.0,1.0,0.0,0.0,0.0,1.0,0.0,4.0,lower,14,"(1,2)",,22
188,P_bc0.5,1.0,1.0,13.16293830696572,44.0,0.0,0.0,0.0,0.0,1.0,0.0,0.0,1.0,3.0,shortcut,2,"(2,3)",7,
189,P_bc0.5,0.0,0.0,0.0,0.0,1.0,0.0,0.0,0.0,1.0,0.0,0.0,1.0,1.0,shortcut,2,"(2,3)",,3
190,P_bc0.5,0.0,0.0,0.0,0.0,1.0,1.0,1.0,0.0,0.0,0.0,0.0,1.0,1.0,lower,2,"(2,3)",,12
191,P_bc0.5,1.0,1.0,13.16293830696572,44.0,0.0,0.0,0.0,0.0,1.0,0.0,0.0,1.0,3.0,shortcut,2,"(2,3)",7,
192,P_bc0.5,1.0,0.0,0.6983372960937497,1.0,1.0,0.0,0.0,0.0,1.0,0.0,0.0,1.0,8.0,shortcut,2,"(2,3)",8,12
193,P_bc0.5,0.0,0.0,0.0,0.0,1.0,0.0,0.0,0.0,1.0,0.0,0.0,1.0,2.0,shortcut,2,"(2,3)",,4
194,P_bc0.5,1.0,1.0,4.931771393939913,28.0,0.0,1.0,1.0,1.0,0.0,0.0,1.0,0.0,0.0,lower,8,"(1,2)",23,
195,P_bc0.5,1.0,1.0,4.931771393939913,28.0,0.0,1.0,1.0,0.0,0.0,0.0,0.0,1.0,3.0,lower,2,"(2,3)",23,
196,P_bc0.5,0.0,0.0,0.0,0.0,1.0,0.0,0.0,0.0,1.0,0.0,0.0,1.0,1.0,shortcut,2,"(2,3)",,8
197,P_bc0.5,0.0,0.0,0.0,0.0,1.0,0.0,0.0,0.0,1.0,0.0,0.0,1.0,1.0,shortcut,2,"(2,3)",,3
198,P_bc0.5,0.0,0.0,0.0,0.0,1.0,0.0,0.0,0.0,1.0,0.0,0.0,1.0,1.0,shortcut,4,"(2,3)",,5
199,P_bc0.5,0.0,0.0,0.0,0.0,1.0,0.0,0.0,0.0,1.0,0.0,0.0,1.0,1.0,shortcut,2,"(2,3)",,3
0,O_bc0.5,1.0,1.0,9.268302247718463,38.0,0.0,1.0,1.0,1.0,0.0,0.0,0.0,1.0,0.0,lower,2,"(2,3)",13,
1,O_bc0.5,0.0,0.0,0.0,0.0,1.0,0.0,0.0,0.0,1.0,0.0,0.0,1.0,3.0,shortcut,2,"(2,3)",,5
2,O_bc0.5,1.0,1.0,11.066088688957908,41.0,0.0,1.0,1.0,1.0,0.0,0.0,1.0,0.0,0.0,lower,1,"(1,2)",10,
3,O_bc0.5,1.0,1.0,13.16293830696572,44.0,0.0,0.0,0.0,0.0,1.0,0.0,0.0,1.0,3.0,shortcut,2,"(2,3)",7,
4,O_bc0.5,0.0,0.0,0.0,0.0,1.0,0.0,0.0,0.0,1.0,0.0,0.0,1.0,1.0,shortcut,4,"(2,3)",,7
5,O_bc0.5,1.0,1.0,12.46460101087197,43.0,0.0,0.0,0.0,0.0,1.0,0.0,0.0,1.0,3.0,shortcut,2,"(2,3)",7,
6,O_bc0.5,0.0,0.0,0.0,0.0,1.0,0.0,0.0,0.0,1.0,0.0,0.0,1.0,2.0,shortcut,2,"(2,3)",,5
7,O_bc0.5,0.0,0.0,0.0,0.0,1.0,0.0,0.0,0.0,1.0,0.0,0.0,1.0,2.0,shortcut,2,"(2,3)",,5
8,O_bc0.5,0.0,0.0,0.0,0.0,1.0,0.0,0.0,0.0,1.0,0.0,0.0,1.0,3.0,shortcut,2,"(2,3)",,6
9,O_bc0.5,1.0,1.0,11.72950912024697,42.0,0.0,1.0,1.0,1.0,0.0,0.0,1.0,0.0,0.0,lower,2,"(1,2)",9,
10,O_bc0.5,0.0,0.0,0.0,0.0,1.0,0.0,0.0,0.0,1.0,0.0,0.0,1.0,1.0,shortcut,2,"(2,3)",,4
11,O_bc0.5,0.0,0.0,0.0,0.0,1.0,0.0,0.0,0.0,1.0,0.0,0.0,1.0,2.0,shortcut,2,"(2,3)",,4
12,O_bc0.5,0.0,0.0,0.0,0.0,1.0,0.0,0.0,0.0,1.0,0.0,0.0,1.0,4.0,shortcut,2,"(2,3)",,6
13,O_bc0.5,0.0,0.0,0.0,0.0,1.0,1.0,1.0,0.0,0.0,0.0,1.0,0.0,4.0,lower,2,"(1,2)",,11
14,O_bc0.5,0.0,0.0,0.0,0.0,1.0,0.0,0.0,0.0,1.0,0.0,0.0,1.0,3.0,shortcut,2,"(2,3)",,6
15,O_bc0.5,1.0,1.0,12.42784641634072,43.0,0.0,0.0,0.0,0.0,1.0,0.0,0.0,1.0,4.0,shortcut,2,"(2,3)",8,
16,O_bc0.5,1.0,1.0,10.4358392792333,40.0,0.0,1.0,1.0,1.0,0.0,0.0,1.0,0.0,0.0,lower,2,"(1,2)",11,
17,O_bc0.5,0.0,0.0,0.0,0.0,1.0,0.0,0.0,0.0,1.0,0.0,0.0,1.0,3.0,shortcut,2,"(2,3)",,7
18,O_bc0.5,0.0,0.0,0.0,0.0,1.0,0.0,0.0,0.0,1.0,0.0,0.0,1.0,1.0,shortcut,2,"(2,3)",,5
19,O_bc0.5,0.0,0.0,0.0,0.0,1.0,0.0,0.0,0.0,1.0,0.0,0.0,1.0,1.0,shortcut,2,"(2,3)",,3
20,O_bc0.5,1.0,1.0,12.42784641634072,43.0,0.0,0.0,0.0,0.0,1.0,0.0,0.0,1.0,5.0,shortcut,2,"(2,3)",8,
21,O_bc0.5,0.0,0.0,0.0,0.0,1.0,0.0,0.0,0.0,1.0,0.0,0.0,1.0,2.0,shortcut,2,"(2,3)",,5
22,O_bc0.5,0.0,0.0,0.0,0.0,1.0,0.0,0.0,0.0,1.0,0.0,0.0,1.0,1.0,shortcut,2,"(2,3)",,3
23,O_bc0.5,0.0,0.0,0.0,0.0,1.0,0.0,1.0,0.0,1.0,0.0,0.0,1.0,5.0,shortcut,2,"(2,3)",,13
24,O_bc0.5,1.0,1.0,8.727942160055825,37.0,0.0,1.0,1.0,1.0,0.0,0.0,1.0,0.0,0.0,lower,1,"(1,2)",14,
25,O_bc0.5,1.0,1.0,9.296742252332283,38.0,0.0,1.0,1.0,1.0,0.0,0.0,1.0,0.0,0.0,lower,2,"(1,2)",12,
26,O_bc0.5,1.0,1.0,13.16293830696572,44.0,0.0,0.0,0.0,0.0,1.0,0.0,0.0,1.0,3.0,shortcut,2,"(2,3)",7,
27,O_bc0.5,1.0,1.0,11.72950912024697,42.0,0.0,0.0,0.0,0.0,1.0,0.0,0.0,1.0,4.0,shortcut,2,"(2,3)",9,
28,O_bc0.5,1.0,1.0,13.16293830696572,44.0,0.0,0.0,0.0,0.0,1.0,0.0,0.0,1.0,3.0,shortcut,2,"(2,3)",7,
29,O_bc0.5,0.0,0.0,0.0,0.0,1.0,0.0,0.0,0.0,1.0,0.0,0.0,1.0,1.0,shortcut,2,"(2,3)",,3
30,O_bc0.5,0.0,0.0,0.0,0.0,1.0,0.0,0.0,0.0,1.0,0.0,0.0,1.0,1.0,shortcut,2,"(2,3)",,3
31,O_bc0.5,0.0,0.0,0.0,0.0,1.0,0.0,0.0,0.0,1.0,0.0,0.0,1.0,1.0,shortcut,2,"(2,3)",,3
32,O_bc0.5,0.0,0.0,0.0,0.0,1.0,0.0,0.0,0.0,1.0,0.0,0.0,1.0,2.0,shortcut,2,"(2,3)",,4
33,O_bc0.5,1.0,1.0,9.268302247718463,38.0,0.0,1.0,1.0,0.0,0.0,0.0,0.0,1.0,5.0,lower,2,"(2,3)",13,
34,O_bc0.5,1.0,1.0,13.16293830696572,44.0,0.0,0.0,0.0,0.0,1.0,0.0,0.0,1.0,3.0,shortcut,2,"(2,3)",7,
35,O_bc0.5,0.0,0.0,0.0,0.0,1.0,0.0,0.0,0.0,1.0,0.0,0.0,1.0,3.0,shortcut,2,"(2,3)",,5
36,O_bc0.5,0.0,0.0,0.0,0.0,1.0,0.0,0.0,0.0,1.0,0.0,0.0,1.0,2.0,shortcut,2,"(2,3)",,4
37,O_bc0.5,0.0,0.0,0.0,0.0,1.0,0.0,0.0,0.0,1.0,0.0,0.0,1.0,2.0,shortcut,2,"(2,3)",,6
38,O_bc0.5,1.0,1.0,11.066088688957908,41.0,0.0,0.0,0.0,0.0,1.0,0.0,0.0,1.0,6.0,shortcut,2,"(2,3)",10,
39,O_bc0.5,1.0,1.0,13.16293830696572,44.0,0.0,0.0,0.0,0.0,1.0,0.0,0.0,1.0,3.0,shortcut,2,"(2,3)",7,
40,O_bc0.5,1.0,1.0,13.16293830696572,44.0,0.0,0.0,0.0,0.0,1.0,0.0,0.0,1.0,3.0,shortcut,2,"(2,3)",7,
41,O_bc0.5,1.0,1.0,13.16293830696572,44.0,0.0,0.0,0.0,0.0,1.0,0.0,0.0,1.0,3.0,shortcut,2,"(2,3)",7,
42,O_bc0.5,1.0,1.0,9.837102339994921,39.0,0.0,0.0,0.0,0.0,1.0,0.0,0.0,1.0,4.0,shortcut,5,"(2,3)",12,
43,O_bc0.5,1.0,1.0,13.16293830696572,44.0,0.0,0.0,0.0,0.0,1.0,0.0,0.0,1.0,3.0,shortcut,2,"(2,3)",7,
44,O_bc0.5,0.0,0.0,0.0,0.0,1.0,0.0,0.0,0.0,1.0,0.0,0.0,1.0,3.0,shortcut,2,"(2,3)",,5
45,O_bc0.5,1.0,1.0,9.837102339994921,39.0,0.0,1.0,1.0,1.0,0.0,0.0,1.0,0.0,0.0,lower,2,"(1,2)",12,
46,O_bc0.5,0.0,0.0,0.0,0.0,1.0,0.0,0.0,0.0,1.0,0.0,0.0,1.0,3.0,shortcut,2,"(2,3)",,5
47,O_bc0.5,1.0,1.0,10.4358392792333,40.0,0.0,1.0,1.0,1.0,0.0,0.0,1.0,0.0,0.0,lower,2,"(1,2)",11,
48,O_bc0.5,0.0,0.0,0.0,0.0,1.0,0.0,0.0,0.0,1.0,0.0,0.0,1.0,1.0,shortcut,2,"(2,3)",,3
49,O_bc0.5,1.0,1.0,13.16293830696572,44.0,0.0,0.0,0.0,0.0,1.0,0.0,0.0,1.0,3.0,shortcut,2,"(2,3)",7,
50,O_bc0.5,1.0,1.0,13.16293830696572,44.0,0.0,0.0,0.0,0.0,1.0,0.0,0.0,1.0,3.0,shortcut,2,"(2,3)",7,
51,O_bc0.5,1.0,1.0,13.16293830696572,44.0,0.0,0.0,0.0,0.0,1.0,0.0,0.0,1.0,3.0,shortcut,2,"(2,3)",7,
52,O_bc0.5,0.0,0.0,0.0,0.0,1.0,0.0,0.0,0.0,1.0,0.0,0.0,1.0,3.0,shortcut,2,"(2,3)",,5
53,O_bc0.5,0.0,0.0,0.0,0.0,1.0,0.0,0.0,0.0,1.0,0.0,0.0,1.0,1.0,shortcut,2,"(2,3)",,3
54,O_bc0.5,0.0,0.0,0.0,0.0,1.0,0.0,0.0,0.0,1.0,0.0,0.0,1.0,1.0,shortcut,2,"(2,3)",,3
55,O_bc0.5,0.0,0.0,0.0,0.0,1.0,0.0,0.0,0.0,1.0,0.0,0.0,1.0,2.0,shortcut,2,"(2,3)",,5
56,O_bc0.5,0.0,0.0,0.0,0.0,1.0,1.0,1.0,0.0,0.0,0.0,1.0,0.0,1.0,lower,2,"(1,2)",,7
57,O_bc0.5,0.0,0.0,0.0,0.0,1.0,0.0,0.0,0.0,1.0,0.0,0.0,1.0,1.0,shortcut,2,"(2,3)",,3
58,O_bc0.5,0.0,0.0,0.0,0.0,1.0,0.0,0.0,0.0,1.0,0.0,0.0,1.0,3.0,shortcut,2,"(2,3)",,5
59,O_bc0.5,0.0,0.0,0.0,0.0,1.0,0.0,0.0,0.0,1.0,0.0,0.0,1.0,2.0,shortcut,2,"(2,3)",,4
60,O_bc0.5,1.0,1.0,8.214600076776321,36.0,0.0,1.0,1.0,1.0,0.0,0.0,1.0,0.0,0.0,lower,5,"(1,2)",15,
61,O_bc0.5,0.0,0.0,0.0,0.0,1.0,0.0,0.0,0.0,1.0,0.0,0.0,1.0,3.0,shortcut,2,"(2,3)",,5
62,O_bc0.5,1.0,1.0,11.72950912024697,42.0,0.0,1.0,1.0,1.0,0.0,0.0,1.0,0.0,0.0,lower,1,"(1,2)",9,
63,O_bc0.5,0.0,0.0,0.0,0.0,1.0,0.0,0.0,0.0,1.0,0.0,0.0,1.0,2.0,shortcut,2,"(2,3)",,5
64,O_bc0.5,0.0,0.0,0.0,0.0,1.0,0.0,0.0,0.0,1.0,0.0,0.0,1.0,5.0,shortcut,2,"(2,3)",,13
65,O_bc0.5,0.0,0.0,0.0,0.0,1.0,0.0,0.0,0.0,1.0,0.0,0.0,1.0,2.0,shortcut,2,"(2,3)",,4
66,O_bc0.5,0.0,0.0,0.0,0.0,1.0,0.0,0.0,0.0,1.0,0.0,0.0,1.0,2.0,shortcut,2,"(2,3)",,5
67,O_bc0.5,0.0,0.0,0.0,0.0,1.0,1.0,1.0,0.0,0.0,0.0,1.0,0.0,1.0,lower,1,"(1,2)",,6
68,O_bc0.5,1.0,1.0,13.16293830696572,44.0,0.0,0.0,0.0,0.0,1.0,0.0,0.0,1.0,3.0,shortcut,2,"(2,3)",7,
69,O_bc0.5,0.0,0.0,0.0,0.0,1.0,0.0,0.0,0.0,1.0,0.0,0.0,1.0,3.0,shortcut,2,"(2,3)",,5
70,O_bc0.5,1.0,1.0,13.16293830696572,44.0,0.0,0.0,0.0,0.0,1.0,0.0,0.0,1.0,3.0,shortcut,2,"(2,3)",7,
71,O_bc0.5,0.0,0.0,0.0,0.0,1.0,0.0,0.0,0.0,1.0,0.0,0.0,1.0,3.0,shortcut,2,"(2,3)",,5
72,O_bc0.5,0.0,0.0,0.0,0.0,1.0,0.0,0.0,0.0,1.0,0.0,0.0,1.0,6.0,shortcut,2,"(2,3)",,8
73,O_bc0.5,1.0,1.0,13.16293830696572,44.0,0.0,0.0,0.0,0.0,1.0,0.0,0.0,1.0,3.0,shortcut,2,"(2,3)",7,
74,O_bc0.5,1.0,1.0,6.4053868636300955,32.0,0.0,1.0,1.0,1.0,0.0,0.0,1.0,0.0,0.0,lower,2,"(1,2)",19,
75,O_bc0.5,1.0,1.0,11.72950912024697,42.0,0.0,1.0,1.0,1.0,0.0,0.0,1.0,0.0,0.0,lower,1,"(1,2)",9,
76,O_bc0.5,0.0,0.0,0.0,0.0,1.0,0.0,0.0,0.0,1.0,0.0,0.0,1.0,1.0,shortcut,2,"(2,3)",,3
77,O_bc0.5,0.0,0.0,0.0,0.0,1.0,1.0,1.0,0.0,0.0,0.0,0.0,1.0,2.0,lower,2,"(2,3)",,6
78,O_bc0.5,0.0,0.0,0.0,0.0,1.0,0.0,0.0,0.0,1.0,0.0,0.0,1.0,5.0,shortcut,2,"(2,3)",,10
79,O_bc0.5,0.0,0.0,0.0,0.0,1.0,0.0,0.0,0.0,1.0,0.0,0.0,1.0,2.0,shortcut,2,"(2,3)",,4
80,O_bc0.5,0.0,0.0,0.0,0.0,1.0,0.0,0.0,0.0,1.0,0.0,0.0,1.0,5.0,shortcut,2,"(2,3)",,8
81,O_bc0.5,1.0,1.0,13.16293830696572,44.0,0.0,0.0,0.0,0.0,1.0,0.0,0.0,1.0,3.0,shortcut,2,"(2,3)",7,
82,O_bc0.5,1.0,1.0,9.268302247718463,38.0,0.0,0.0,0.0,0.0,1.0,0.0,0.0,1.0,3.0,shortcut,8,"(2,3)",13,
83,O_bc0.5,0.0,0.0,0.0,0.0,1.0,0.0,0.0,0.0,1.0,0.0,0.0,1.0,3.0,shortcut,2,"(2,3)",,5
84,O_bc0.5,1.0,1.0,11.72950912024697,42.0,0.0,1.0,1.0,1.0,0.0,0.0,1.0,0.0,0.0,lower,1,"(1,2)",9,
85,O_bc0.5,1.0,1.0,13.16293830696572,44.0,0.0,0.0,0.0,0.0,1.0,0.0,0.0,1.0,3.0,shortcut,2,"(2,3)",7,
86,O_bc0.5,0.0,0.0,0.0,0.0,1.0,0.0,0.0,0.0,1.0,0.0,0.0,1.0,1.0,shortcut,2,"(2,3)",,4
87,O_bc0.5,0.0,0.0,0.0,0.0,1.0,0.0,0.0,0.0,1.0,0.0,0.0,1.0,3.0,shortcut,2,"(2,3)",,8
88,O_bc0.5,1.0,1.0,11.72950912024697,42.0,0.0,0.0,0.0,0.0,1.0,0.0,0.0,1.0,3.0,shortcut,2,"(2,3)",9,
89,O_bc0.5,1.0,1.0,8.214600076776321,36.0,0.0,1.0,1.0,1.0,0.0,0.0,0.0,1.0,0.0,lower,2,"(2,3)",15,
90,O_bc0.5,1.0,1.0,11.72950912024697,42.0,0.0,1.0,1.0,1.0,0.0,0.0,1.0,0.0,0.0,lower,2,"(1,2)",9,
91,O_bc0.5,0.0,0.0,0.0,0.0,1.0,0.0,0.0,0.0,1.0,0.0,0.0,1.0,7.0,shortcut,2,"(2,3)",,9
92,O_bc0.5,0.0,0.0,0.0,0.0,1.0,0.0,0.0,0.0,1.0,0.0,0.0,1.0,1.0,shortcut,2,"(2,3)",,3
93,O_bc0.5,0.0,0.0,0.0,0.0,1.0,0.0,0.0,0.0,1.0,0.0,0.0,1.0,1.0,shortcut,4,"(2,3)",,5
94,O_bc0.5,0.0,0.0,0.0,0.0,1.0,0.0,0.0,0.0,1.0,0.0,0.0,1.0,1.0,shortcut,2,"(2,3)",,3
95,O_bc0.5,0.0,0.0,0.0,0.0,1.0,0.0,0.0,0.0,1.0,0.0,0.0,1.0,1.0,shortcut,2,"(2,3)",,4
96,O_bc0.5,1.0,0.0,0.6983372960937497,1.0,1.0,0.0,0.0,0.0,1.0,0.0,0.0,1.0,4.0,shortcut,2,"(2,3)",8,10
97,O_bc0.5,0.0,0.0,0.0,0.0,1.0,0.0,0.0,0.0,1.0,0.0,0.0,1.0,3.0,shortcut,2,"(2,3)",,5
98,O_bc0.5,1.0,1.0,13.16293830696572,44.0,0.0,0.0,0.0,0.0,1.0,0.0,0.0,1.0,3.0,shortcut,2,"(2,3)",7,
99,O_bc0.5,0.0,0.0,0.0,0.0,1.0,0.0,0.0,0.0,1.0,0.0,0.0,1.0,1.0,shortcut,2,"(2,3)",,3
100,O_bc0.5,1.0,1.0,8.214600076776321,36.0,0.0,1.0,1.0,1.0,0.0,0.0,0.0,1.0,0.0,lower,2,"(2,3)",15,
101,O_bc0.5,0.0,0.0,0.0,0.0,1.0,0.0,0.0,0.0,1.0,0.0,0.0,1.0,1.0,shortcut,2,"(2,3)",,3
102,O_bc0.5,0.0,0.0,0.0,0.0,1.0,0.0,0.0,0.0,1.0,0.0,0.0,1.0,2.0,shortcut,2,"(2,3)",,4
103,O_bc0.5,1.0,1.0,12.42784641634072,43.0,0.0,0.0,0.0,0.0,1.0,0.0,0.0,1.0,3.0,shortcut,2,"(2,3)",8,
104,O_bc0.5,0.0,0.0,0.0,0.0,1.0,0.0,0.0,0.0,1.0,0.0,0.0,1.0,2.0,shortcut,2,"(2,3)",,4
105,O_bc0.5,0.0,0.0,0.0,0.0,1.0,0.0,0.0,0.0,1.0,0.0,0.0,1.0,5.0,shortcut,3,"(2,3)",,9
106,O_bc0.5,0.0,0.0,0.0,0.0,1.0,0.0,0.0,0.0,1.0,0.0,0.0,1.0,2.0,shortcut,2,"(2,3)",,4
107,O_bc0.5,0.0,0.0,0.0,0.0,1.0,1.0,1.0,0.0,0.0,0.0,1.0,0.0,3.0,lower,2,"(1,2)",,13
108,O_bc0.5,0.0,0.0,0.0,0.0,1.0,0.0,0.0,0.0,1.0,0.0,0.0,1.0,3.0,shortcut,2,"(2,3)",,5
109,O_bc0.5,0.0,0.0,0.0,0.0,1.0,0.0,0.0,0.0,1.0,0.0,0.0,1.0,4.0,shortcut,2,"(2,3)",,7
110,O_bc0.5,0.0,0.0,0.0,0.0,1.0,0.0,0.0,0.0,1.0,0.0,0.0,1.0,4.0,shortcut,2,"(2,3)",,8
111,O_bc0.5,0.0,0.0,0.0,0.0,1.0,0.0,0.0,0.0,1.0,0.0,0.0,1.0,1.0,shortcut,2,"(2,3)",,3
112,O_bc0.5,0.0,0.0,0.0,0.0,1.0,0.0,0.0,0.0,1.0,0.0,0.0,1.0,3.0,shortcut,2,"(2,3)",,5
113,O_bc0.5,1.0,1.0,13.16293830696572,44.0,0.0,0.0,0.0,0.0,1.0,0.0,0.0,1.0,4.0,shortcut,2,"(2,3)",7,
114,O_bc0.5,0.0,0.0,0.0,0.0,1.0,0.0,0.0,0.0,1.0,0.0,0.0,1.0,3.0,shortcut,2,"(2,3)",,7
115,O_bc0.5,0.0,0.0,0.0,0.0,1.0,0.0,0.0,0.0,1.0,0.0,0.0,1.0,1.0,shortcut,2,"(2,3)",,3
116,O_bc0.5,1.0,1.0,13.16293830696572,44.0,0.0,0.0,0.0,0.0,1.0,0.0,0.0,1.0,3.0,shortcut,2,"(2,3)",7,
117,O_bc0.5,0.0,0.0,0.0,0.0,1.0,0.0,0.0,0.0,1.0,0.0,0.0,1.0,2.0,shortcut,2,"(2,3)",,4
118,O_bc0.5,1.0,1.0,13.16293830696572,44.0,0.0,0.0,0.0,0.0,1.0,0.0,0.0,1.0,3.0,shortcut,2,"(2,3)",7,
119,O_bc0.5,0.0,0.0,0.0,0.0,1.0,0.0,0.0,0.0,1.0,0.0,0.0,1.0,2.0,shortcut,2,"(2,3)",,7
120,O_bc0.5,0.0,0.0,0.0,0.0,1.0,0.0,0.0,0.0,1.0,0.0,0.0,1.0,2.0,shortcut,2,"(2,3)",,6
121,O_bc0.5,1.0,1.0,13.16293830696572,44.0,0.0,0.0,0.0,0.0,1.0,0.0,0.0,1.0,3.0,shortcut,2,"(2,3)",7,
122,O_bc0.5,0.0,0.0,0.0,0.0,1.0,0.0,0.0,0.0,1.0,0.0,0.0,1.0,1.0,shortcut,2,"(2,3)",,3
123,O_bc0.5,0.0,0.0,0.0,0.0,1.0,0.0,0.0,0.0,1.0,0.0,0.0,1.0,1.0,shortcut,2,"(2,3)",,6
124,O_bc0.5,1.0,1.0,8.390345528949851,36.0,0.0,0.0,0.0,0.0,1.0,0.0,0.0,1.0,9.0,shortcut,2,"(2,3)",9,
125,O_bc0.5,1.0,1.0,13.16293830696572,44.0,0.0,0.0,0.0,0.0,1.0,0.0,0.0,1.0,3.0,shortcut,2,"(2,3)",7,
126,O_bc0.5,0.0,0.0,0.0,0.0,1.0,0.0,0.0,0.0,1.0,0.0,0.0,1.0,2.0,shortcut,2,"(2,3)",,4
127,O_bc0.5,1.0,1.0,10.4358392792333,40.0,0.0,1.0,1.0,1.0,0.0,0.0,1.0,0.0,0.0,lower,2,"(1,2)",11,
128,O_bc0.5,1.0,1.0,9.268302247718463,38.0,0.0,0.0,0.0,0.0,1.0,0.0,0.0,1.0,6.0,shortcut,2,"(2,3)",13,
129,O_bc0.5,1.0,1.0,13.16293830696572,44.0,0.0,0.0,0.0,0.0,1.0,0.0,0.0,1.0,3.0,shortcut,2,"(2,3)",7,
130,O_bc0.5,1.0,1.0,11.72950912024697,42.0,0.0,1.0,1.0,1.0,0.0,0.0,1.0,0.0,0.0,lower,2,"(1,2)",9,
131,O_bc0.5,0.0,0.0,0.0,0.0,1.0,0.0,0.0,0.0,1.0,0.0,0.0,1.0,2.0,shortcut,2,"(2,3)",,4
132,O_bc0.5,0.0,0.0,0.0,0.0,1.0,0.0,0.0,0.0,1.0,0.0,0.0,1.0,3.0,shortcut,2,"(2,3)",,5
133,O_bc0.5,0.0,0.0,0.0,0.0,1.0,0.0,0.0,0.0,1.0,0.0,0.0,1.0,3.0,shortcut,2,"(2,3)",,5
134,O_bc0.5,0.0,0.0,0.0,0.0,1.0,0.0,0.0,0.0,1.0,0.0,0.0,1.0,2.0,shortcut,2,"(2,3)",,4
135,O_bc0.5,0.0,0.0,0.0,0.0,1.0,1.0,1.0,0.0,0.0,0.0,1.0,0.0,2.0,lower,1,"(1,2)",,10
136,O_bc0.5,0.0,0.0,0.0,0.0,1.0,0.0,0.0,0.0,1.0,0.0,0.0,1.0,4.0,shortcut,2,"(2,3)",,8
137,O_bc0.5,1.0,1.0,11.72950912024697,42.0,0.0,1.0,1.0,1.0,0.0,0.0,1.0,0.0,0.0,lower,2,"(1,2)",9,
138,O_bc0.5,1.0,1.0,4.300880981241181,26.0,0.0,1.0,1.0,1.0,0.0,0.0,0.0,1.0,3.0,lower,2,"(2,3)",25,
139,O_bc0.5,0.0,0.0,0.0,0.0,1.0,0.0,0.0,0.0,1.0,0.0,0.0,1.0,3.0,shortcut,2,"(2,3)",,5
140,O_bc0.5,0.0,0.0,0.0,0.0,1.0,0.0,0.0,0.0,1.0,0.0,0.0,1.0,1.0,shortcut,2,"(2,3)",,3
141,O_bc0.5,0.0,0.0,0.0,0.0,1.0,0.0,0.0,0.0,1.0,0.0,0.0,1.0,2.0,shortcut,2,"(2,3)",,4
142,O_bc0.5,1.0,1.0,11.72950912024697,42.0,0.0,1.0,1.0,1.0,0.0,0.0,1.0,0.0,0.0,lower,2,"(1,2)",9,
143,O_bc0.5,1.0,1.0,13.16293830696572,44.0,0.0,0.0,0.0,0.0,1.0,0.0,0.0,1.0,3.0,shortcut,2,"(2,3)",7,
144,O_bc0.5,0.0,0.0,0.0,0.0,1.0,0.0,0.0,0.0,1.0,0.0,0.0,1.0,1.0,shortcut,2,"(2,3)",,3
145,O_bc0.5,1.0,1.0,11.066088688957908,41.0,0.0,1.0,1.0,1.0,0.0,0.0,1.0,0.0,0.0,lower,2,"(1,2)",10,
146,O_bc0.5,0.0,0.0,0.0,0.0,1.0,0.0,0.0,0.0,1.0,0.0,0.0,1.0,5.0,shortcut,2,"(2,3)",,8
147,O_bc0.5,0.0,0.0,0.0,0.0,1.0,0.0,0.0,0.0,1.0,0.0,0.0,1.0,2.0,shortcut,2,"(2,3)",,4
148,O_bc0.5,1.0,1.0,13.16293830696572,44.0,0.0,0.0,0.0,0.0,1.0,0.0,0.0,1.0,3.0,shortcut,2,"(2,3)",7,
149,O_bc0.5,1.0,1.0,11.066088688957908,41.0,0.0,1.0,1.0,1.0,0.0,0.0,1.0,0.0,0.0,lower,2,"(1,2)",10,
150,O_bc0.5,0.0,0.0,0.0,0.0,1.0,0.0,0.0,0.0,1.0,0.0,0.0,1.0,2.0,shortcut,2,"(2,3)",,6
151,O_bc0.5,0.0,0.0,0.0,0.0,1.0,0.0,0.0,0.0,1.0,0.0,0.0,1.0,2.0,shortcut,2,"(2,3)",,4
152,O_bc0.5,0.0,0.0,0.0,0.0,1.0,0.0,0.0,0.0,1.0,0.0,0.0,1.0,2.0,shortcut,2,"(2,3)",,5
153,O_bc0.5,0.0,0.0,0.0,0.0,1.0,0.0,0.0,0.0,1.0,0.0,0.0,1.0,1.0,shortcut,2,"(2,3)",,5
154,O_bc0.5,1.0,1.0,11.72950912024697,42.0,0.0,1.0,1.0,1.0,0.0,0.0,1.0,0.0,0.0,lower,2,"(1,2)",9,
155,O_bc0.5,0.0,0.0,0.0,0.0,1.0,0.0,0.0,0.0,1.0,0.0,0.0,1.0,1.0,shortcut,2,"(2,3)",,3
156,O_bc0.5,1.0,1.0,8.727942160055825,37.0,0.0,1.0,1.0,1.0,0.0,0.0,1.0,0.0,0.0,lower,2,"(1,2)",14,
157,O_bc0.5,1.0,1.0,8.214600076776321,36.0,0.0,1.0,1.0,1.0,0.0,0.0,1.0,0.0,0.0,lower,7,"(1,2)",15,
158,O_bc0.5,0.0,0.0,0.0,0.0,1.0,0.0,0.0,0.0,1.0,0.0,0.0,1.0,1.0,shortcut,2,"(2,3)",,5
159,O_bc0.5,0.0,0.0,0.0,0.0,1.0,1.0,1.0,0.0,0.0,0.0,0.0,1.0,1.0,lower,2,"(2,3)",,5
160,O_bc0.5,0.0,0.0,0.0,0.0,1.0,1.0,1.0,0.0,0.0,0.0,1.0,0.0,3.0,lower,2,"(1,2)",,10
161,O_bc0.5,0.0,0.0,0.0,0.0,1.0,0.0,0.0,0.0,1.0,0.0,0.0,1.0,2.0,shortcut,2,"(2,3)",,4
162,O_bc0.5,0.0,0.0,0.0,0.0,1.0,0.0,0.0,0.0,1.0,0.0,0.0,1.0,1.0,shortcut,2,"(2,3)",,3
163,O_bc0.5,1.0,1.0,11.066088688957908,41.0,0.0,1.0,1.0,1.0,0.0,0.0,1.0,0.0,0.0,lower,2,"(1,2)",10,
164,O_bc0.5,0.0,0.0,0.0,0.0,1.0,0.0,0.0,0.0,1.0,0.0,0.0,1.0,2.0,shortcut,5,"(2,3)",,7
165,O_bc0.5,1.0,1.0,11.72950912024697,42.0,0.0,1.0,1.0,1.0,0.0,0.0,1.0,0.0,0.0,lower,2,"(1,2)",9,
166,O_bc0.5,0.0,0.0,0.0,0.0,1.0,0.0,0.0,0.0,1.0,0.0,0.0,1.0,1.0,shortcut,2,"(2,3)",,3
167,O_bc0.5,0.0,0.0,0.0,0.0,1.0,0.0,0.0,0.0,1.0,0.0,0.0,1.0,1.0,shortcut,2,"(2,3)",,3
168,O_bc0.5,0.0,0.0,0.0,0.0,1.0,1.0,1.0,0.0,0.0,0.0,1.0,0.0,1.0,lower,7,"(1,2)",,14
169,O_bc0.5,0.0,0.0,0.0,0.0,1.0,0.0,0.0,0.0,1.0,0.0,0.0,1.0,9.0,shortcut,2,"(2,3)",,13
170,O_bc0.5,1.0,1.0,11.72950912024697,42.0,0.0,1.0,1.0,1.0,0.0,0.0,1.0,0.0,0.0,lower,2,"(1,2)",9,
171,O_bc0.5,1.0,1.0,13.16293830696572,44.0,0.0,0.0,0.0,0.0,1.0,0.0,0.0,1.0,4.0,shortcut,2,"(2,3)",7,
172,O_bc0.5,0.0,0.0,0.0,0.0,1.0,0.0,0.0,0.0,1.0,0.0,0.0,1.0,2.0,shortcut,2,"(2,3)",,4
173,O_bc0.5,1.0,1.0,11.72950912024697,42.0,0.0,0.0,0.0,0.0,1.0,0.0,0.0,1.0,3.0,shortcut,2,"(2,3)",9,
174,O_bc0.5,0.0,0.0,0.0,0.0,1.0,0.0,0.0,0.0,1.0,0.0,0.0,1.0,6.0,shortcut,2,"(2,3)",,9
175,O_bc0.5,0.0,0.0,0.0,0.0,1.0,0.0,0.0,0.0,1.0,0.0,0.0,1.0,1.0,shortcut,2,"(2,3)",,3
176,O_bc0.5,0.0,0.0,0.0,0.0,1.0,0.0,0.0,0.0,1.0,0.0,0.0,1.0,1.0,shortcut,3,"(2,3)",,4
177,O_bc0.5,0.0,0.0,0.0,0.0,1.0,0.0,0.0,0.0,1.0,0.0,0.0,1.0,2.0,shortcut,2,"(2,3)",,6
178,O_bc0.5,1.0,1.0,12.42784641634072,43.0,0.0,0.0,0.0,0.0,1.0,0.0,0.0,1.0,4.0,shortcut,2,"(2,3)",8,
179,O_bc0.5,1.0,1.0,10.4358392792333,40.0,0.0,1.0,1.0,1.0,0.0,0.0,1.0,0.0,0.0,lower,2,"(1,2)",11,
180,O_bc0.5,1.0,1.0,10.4358392792333,40.0,0.0,1.0,1.0,1.0,0.0,0.0,1.0,0.0,0.0,lower,2,"(1,2)",11,
181,O_bc0.5,0.0,0.0,0.0,0.0,1.0,0.0,0.0,0.0,1.0,0.0,0.0,1.0,4.0,shortcut,2,"(2,3)",,6
182,O_bc0.5,1.0,1.0,12.42784641634072,43.0,0.0,0.0,0.0,0.0,1.0,0.0,0.0,1.0,4.0,shortcut,2,"(2,3)",8,
183,O_bc0.5,0.0,0.0,0.0,0.0,1.0,0.0,0.0,0.0,1.0,0.0,0.0,1.0,2.0,shortcut,2,"(2,3)",,5
184,O_bc0.5,1.0,1.0,11.72950912024697,42.0,0.0,0.0,0.0,0.0,1.0,0.0,0.0,1.0,5.0,shortcut,2,"(2,3)",9,
185,O_bc0.5,0.0,0.0,0.0,0.0,1.0,0.0,0.0,0.0,1.0,0.0,0.0,1.0,1.0,shortcut,2,"(2,3)",,3
186,O_bc0.5,1.0,1.0,13.16293830696572,44.0,0.0,0.0,0.0,0.0,1.0,0.0,0.0,1.0,3.0,shortcut,2,"(2,3)",7,
187,O_bc0.5,1.0,1.0,6.823507198849272,33.0,0.0,1.0,1.0,1.0,0.0,0.0,1.0,0.0,0.0,lower,2,"(1,2)",18,
188,O_bc0.5,1.0,1.0,13.16293830696572,44.0,0.0,0.0,0.0,0.0,1.0,0.0,0.0,1.0,3.0,shortcut,2,"(2,3)",7,
189,O_bc0.5,0.0,0.0,0.0,0.0,1.0,0.0,0.0,0.0,1.0,0.0,0.0,1.0,1.0,shortcut,2,"(2,3)",,3
190,O_bc0.5,0.0,0.0,0.0,0.0,1.0,0.0,0.0,0.0,1.0,0.0,0.0,1.0,2.0,shortcut,2,"(2,3)",,6
191,O_bc0.5,1.0,1.0,13.16293830696572,44.0,0.0,0.0,0.0,0.0,1.0,0.0,0.0,1.0,3.0,shortcut,2,"(2,3)",7,
192,O_bc0.5,0.0,0.0,0.0,0.0,1.0,0.0,0.0,0.0,1.0,0.0,0.0,1.0,8.0,shortcut,2,"(2,3)",,17
193,O_bc0.5,0.0,0.0,0.0,0.0,1.0,0.0,0.0,0.0,1.0,0.0,0.0,1.0,2.0,shortcut,2,"(2,3)",,4
194,O_bc0.5,0.0,0.0,0.0,0.0,1.0,0.0,0.0,0.0,1.0,0.0,0.0,1.0,2.0,shortcut,2,"(2,3)",,6
195,O_bc0.5,0.0,0.0,0.0,0.0,1.0,0.0,0.0,0.0,1.0,0.0,0.0,1.0,1.0,shortcut,2,"(2,3)",,5
196,O_bc0.5,0.0,0.0,0.0,0.0,1.0,0.0,0.0,0.0,1.0,0.0,0.0,1.0,2.0,shortcut,2,"(2,3)",,5
197,O_bc0.5,0.0,0.0,0.0,0.0,1.0,0.0,0.0,0.0,1.0,0.0,0.0,1.0,1.0,shortcut,2,"(2,3)",,3
198,O_bc0.5,0.0,0.0,0.0,0.0,1.0,0.0,0.0,0.0,1.0,0.0,0.0,1.0,3.0,shortcut,2,"(2,3)",,6
199,O_bc0.5,0.0,0.0,0.0,0.0,1.0,0.0,0.0,0.0,1.0,0.0,0.0,1.0,1.0,shortcut,2,"(2,3)",,3
