model_seed,reset_seed,time,action_distance,rectangle,current_class_min_y,endpoint_ball_min_y,all_maps_min_y,corner_distance,upper_rectangle,vertical_contains_anchor,anchor_down,correction_down,proposal_down,emitted_down,proposal_enters_descent,emitted_enters_descent,clipping_raises_y,clipping_blocks_entry,proposal_wrong_x,current_class_can_move_down,current_class_can_enter,endpoint_ball_can_enter,full_map_can_enter,fixed_vertical_matrix_enters,fixed_vertical_matrix_moves_down
0,51000001,1,1.1984959547138934,0,3.0,2.545813798904419,2.545813798904419,0.5370805697550676,True,False,True,False,True,True,False,False,False,False,False,True,False,True,True,False,True
0,51000002,1,1.7113700828704415,0,3.0,2.3243863582611084,2.3243863582611084,0.8934459094186104,True,False,False,False,False,False,False,False,False,False,False,True,False,True,True,False,True
0,51000004,1,1.0003532946364648,0,3.0,2.5145623683929443,2.5145623683929443,0.5025842189788818,True,True,True,False,False,False,False,False,False,False,False,True,False,True,True,False,True
0,51000004,2,1.4633795073538298,0,3.0,2.5835959911346436,2.5835959911346436,0.8261821149399252,True,False,False,False,False,False,False,False,False,False,False,True,False,True,True,False,True
0,51000005,1,1.2994681037765208,0,3.0,2.311246633529663,2.311246633529663,0.43877024735492326,True,False,False,False,False,False,False,False,False,False,False,True,False,True,True,False,True
0,51000006,1,1.3574290265096232,0,3.0,2.5466232299804688,2.5466232299804688,0.6916741989030851,True,False,True,False,True,True,False,False,False,False,False,True,False,True,True,False,True
0,51000007,1,1.0973692788326073,0,3.0,2.6358587741851807,2.6358587741851807,0.47167419915420494,True,False,True,False,True,True,False,False,False,False,False,True,False,True,True,False,True
0,51000008,1,1.477741056705923,0,3.0,2.4606335163116455,2.4606335163116455,0.7484514935615446,True,False,False,False,False,False,False,False,False,False,False,True,False,True,True,False,True
0,51000009,1,1.3192448527808702,0,3.0,2.6211647987365723,2.6211647987365723,0.7028800647851178,True,False,True,False,True,True,False,False,False,False,False,True,False,True,True,False,True
0,51000011,2,1.6463560104265282,0,3.0,2.324591875076294,2.324591875076294,0.8377234401801954,True,False,False,False,False,False,False,False,False,False,False,True,False,True,True,False,True
0,51000012,1,1.4855886530756472,0,3.0,2.407606601715088,2.407606601715088,0.7257857767248087,True,False,False,False,False,False,False,False,False,False,False,True,False,True,True,False,True
0,51000014,1,1.3803283920681186,0,3.0,2.654362916946411,2.654362916946411,0.8121665024784522,True,False,False,False,False,False,False,False,False,False,False,True,False,True,True,False,True
0,51000015,2,1.4286131772243367,0,3.0,2.435304880142212,2.435304880142212,0.7071393127732608,True,False,False,False,False,False,False,False,False,False,False,True,False,True,True,False,True
0,51000016,1,1.2965909451428799,0,3.0,2.3980605602264404,2.3980605602264404,0.5219807088549276,True,False,False,False,False,False,False,False,False,False,False,True,False,True,True,False,True
0,51000017,1,1.3912155671658528,0,3.0,2.7227795124053955,2.7227795124053955,0.8527446275851108,True,False,True,False,False,False,False,False,False,False,False,True,False,True,True,False,True
0,51000018,1,1.6608473058757465,0,3.0,2.275477409362793,2.275477409362793,0.7755536021013962,True,False,False,False,False,False,False,False,False,False,False,True,False,True,True,False,True
0,51000019,1,1.1981203816451806,0,3.0,2.6582658290863037,2.6582658290863037,0.5965945156570953,True,False,True,False,True,True,False,False,False,False,False,True,False,True,True,False,True
0,51000020,1,1.2627163489267301,0,3.0,2.6284875869750977,2.6284875869750977,0.6880946202384061,True,False,False,False,False,False,False,False,False,False,False,True,False,True,True,False,True
0,51000021,1,1.4584951408480515,0,3.0,2.592255115509033,2.592255115509033,0.8387595507755012,True,False,False,False,False,False,False,False,False,False,False,True,False,True,True,False,True
0,51000022,1,1.2533172203711844,0,3.0,2.749347686767578,2.749347686767578,0.7013719725496576,True,False,True,False,True,True,False,False,False,False,False,True,False,True,True,False,True
0,51000023,1,1.7150238816274375,0,3.0,2.4681477546691895,2.4681477546691895,1.036789605348321,True,False,False,False,False,False,False,False,False,False,False,True,False,True,True,False,True
0,51000023,10,1.2330390318746087,0,3.0,2.822577476501465,2.822577476501465,0.7676217669931905,True,False,True,False,True,True,False,False,False,False,True,True,False,True,True,False,True
0,51000024,1,1.292847198576449,0,3.0,2.6432530879974365,2.6432530879974365,0.6943858749475497,True,False,True,False,True,True,False,False,False,False,False,True,False,True,True,False,True
0,51000025,1,1.322302619643735,0,3.0,2.561339855194092,2.561339855194092,0.6837194595099273,True,False,False,False,False,False,False,False,False,False,False,True,False,True,True,False,True
0,51000026,1,1.4365264099582624,0,3.0,2.4313347339630127,2.4313347339630127,0.6752647598797726,True,False,False,False,False,False,False,False,False,False,False,True,False,True,True,False,True
0,51000027,1,1.6686016108730404,0,3.0,2.4138758182525635,2.4138758182525635,0.9232560061070134,True,False,False,False,False,False,False,False,False,False,False,True,False,True,True,False,True
0,51000028,1,1.7394752045436177,0,3.0,2.3180835247039795,2.3180835247039795,0.8864702550807172,True,False,False,False,False,False,False,False,False,False,False,True,False,True,True,False,True
0,51000029,1,1.2124425990106193,0,3.0,2.7109572887420654,2.7109572887420654,0.6361206781611799,True,False,True,False,True,True,False,False,False,False,False,True,False,True,True,False,True
0,51000030,1,1.1791269197565717,0,3.0,2.6978976726531982,2.6978976726531982,0.6660566840824507,True,False,True,False,True,True,False,False,False,False,False,True,False,True,True,False,True
0,51000030,6,1.5516780335435703,0,3.0,2.6045775413513184,2.6045775413513184,0.6045775413513184,True,True,False,False,False,False,False,False,False,False,False,True,False,True,True,False,True
0,51000030,7,1.053313045832755,0,3.0,2.636319875717163,2.636319875717163,0.6259360313415527,True,True,True,False,False,False,False,False,False,False,True,True,False,True,True,False,True
0,51000030,8,1.6372060484910649,0,3.0,2.703000783920288,2.703000783920288,1.0749839426764793,True,False,False,True,False,False,False,False,False,False,True,True,False,True,True,False,True
0,51000030,10,1.4220115822099337,0,3.0,2.9196815490722656,2.9196815490722656,0.9661242414924046,True,False,True,False,True,True,False,False,False,False,True,True,False,True,True,False,True
0,51000031,1,1.355780550012563,0,3.0,2.602421522140503,2.602421522140503,0.7228991070569182,True,False,True,False,True,True,False,False,False,False,False,True,False,True,True,False,True
0,51000033,1,1.3680346310342468,0,3.0,2.5057220458984375,2.5057220458984375,0.7184261051253023,True,False,False,False,False,False,False,False,False,False,False,True,False,True,True,False,True
0,51000034,2,1.6013568412372525,0,3.0,2.575378179550171,2.575378179550171,0.9583307006881282,True,False,False,False,False,False,False,False,False,False,True,True,False,True,True,False,True
0,51000035,1,1.2643328309629778,0,3.0,2.648050546646118,2.648050546646118,0.6423380477934804,True,False,True,False,True,True,False,False,False,False,False,True,False,True,True,False,True
0,51000036,1,1.4869795061302442,0,3.0,2.444920301437378,2.444920301437378,0.7422591482617791,True,False,False,False,False,False,False,False,False,False,False,True,False,True,True,False,True
0,51000037,1,1.2757084456132988,0,3.0,2.637523651123047,2.637523651123047,0.7127074447869367,True,False,False,False,False,False,False,False,False,False,False,True,False,True,True,False,True
0,51000038,1,1.3611277929561072,0,3.0,2.4574010372161865,2.4574010372161865,0.6399819383657446,True,False,False,False,False,False,False,False,False,False,False,True,False,True,True,False,True
0,51000039,1,1.4742974615448674,0,3.0,2.4540185928344727,2.4540185928344727,0.7510158567794195,True,False,False,False,False,False,False,False,False,False,False,True,False,True,True,False,True
0,51000041,1,1.3866930525120553,0,3.0,2.560023069381714,2.560023069381714,0.7240032376015209,True,False,False,False,False,False,False,False,False,False,False,True,False,True,True,False,True
0,51000042,1,1.0221257268499178,0,3.0,2.678602457046509,2.678602457046509,0.5982887744903564,True,True,True,False,True,True,False,False,False,False,False,True,False,True,True,False,True
0,51000042,2,1.5887606179238773,0,3.0,2.672146797180176,2.672146797180176,0.9951933742112039,True,False,False,False,False,False,False,False,False,False,True,True,False,True,True,False,True
0,51000043,1,1.3716817740432123,0,3.0,2.7223377227783203,2.7223377227783203,0.8374629000066958,True,False,True,False,False,False,False,False,False,False,False,True,False,True,True,False,True
0,51000044,1,1.4256747410546788,0,3.0,2.566166400909424,2.566166400909424,0.7720058250960243,True,False,False,False,False,False,False,False,False,False,False,True,False,True,True,False,True
0,51000045,1,1.3469333991407946,0,3.0,2.4517664909362793,2.4517664909362793,0.6161993710722917,True,False,False,False,False,False,False,False,False,False,False,True,False,True,True,False,True
0,51000047,1,1.1999315593347444,0,3.0,2.5473392009735107,2.5473392009735107,0.571338654775229,True,False,True,False,False,False,False,False,False,False,False,True,False,True,True,False,True
0,51000048,1,1.0730218834908358,0,3.0,2.6906206607818604,2.6906206607818604,0.5267514824169065,True,False,True,False,True,True,False,False,False,False,False,True,False,True,True,False,True
0,51000049,2,0.37289555341840197,2,2.445599720171686,2.445599720171686,2.445599720171686,0.0,False,True,True,False,True,True,True,True,False,False,False,True,True,True,True,True,True
0,51000050,1,1.2770795451210912,0,3.0,2.4958131313323975,2.4958131313323975,0.5685752710530336,True,False,True,False,True,True,False,False,False,False,False,True,False,True,True,False,True
0,51000053,1,1.5742473345294223,0,3.0,2.516757011413574,2.516757011413574,0.8795364197835976,True,False,False,False,False,False,False,False,False,False,False,True,False,True,True,False,True
0,51000054,1,1.012398219574507,0,3.0,2.747764825820923,2.747764825820923,0.7468793392181396,True,True,True,False,False,False,False,False,False,False,False,True,False,True,True,False,True
0,51000054,2,1.0878507000190933,0,3.0,2.8509693145751953,2.8509693145751953,0.5734813243371438,True,False,True,False,True,True,False,False,False,False,True,True,False,True,True,False,True
0,51000055,1,1.3076716485160036,0,3.0,2.58019757270813,2.58019757270813,0.643196649025616,True,False,True,False,True,True,False,False,False,False,False,True,False,True,True,False,True
0,51000056,1,1.4452551877092754,0,3.0,2.533006429672241,2.533006429672241,0.774563354390135,True,False,False,False,False,False,False,False,False,False,False,True,False,True,True,False,True
0,51000057,1,1.4148140903130169,0,3.0,2.589327096939087,2.589327096939087,0.814233992971127,True,False,False,False,False,False,False,False,False,False,False,True,False,True,True,False,True
0,51000058,1,0.19586188394970708,2,2.35127854347229,2.35127854347229,2.35127854347229,0.0,False,True,True,False,True,True,True,True,False,False,False,True,True,True,True,True,True
0,51000059,1,1.3750401139596335,0,3.0,2.4949095249176025,2.4949095249176025,0.7001913283677024,True,False,False,False,False,False,False,False,False,False,False,True,False,True,True,False,True
0,51000061,1,1.1375668326642836,0,3.0,2.725154399871826,2.725154399871826,0.6236357522595869,True,False,True,False,True,True,False,False,False,False,False,True,False,True,True,False,True
0,51000062,1,1.3449663998277637,0,3.0,2.5108096599578857,2.5108096599578857,0.7083024509598166,True,False,False,False,False,False,False,False,False,False,False,True,False,True,True,False,True
0,51000062,3,1.2482870394534382,0,3.0,2.6046736240386963,2.6046736240386963,0.6544272110219457,True,False,True,False,False,False,False,False,False,False,True,True,False,True,True,False,True
0,51000063,1,1.6979552561373765,0,3.0,2.4526937007904053,2.4526937007904053,0.9717537597509814,True,False,False,False,False,False,False,False,False,False,False,True,False,True,True,False,True
0,51000065,1,1.4282810165751085,0,3.0,2.4787817001342773,2.4787817001342773,0.7125931806052558,True,False,False,False,False,False,False,False,False,False,False,True,False,True,True,False,True
0,51000066,1,1.274343244298535,0,3.0,2.6844351291656494,2.6844351291656494,0.6826702815502956,True,False,True,False,True,True,False,False,False,False,False,True,False,True,True,False,True
0,51000067,1,1.3618863706001783,0,3.0,2.519568681716919,2.519568681716919,0.6807126738347269,True,False,True,False,True,True,False,False,False,False,False,True,False,True,True,False,True
0,51000070,1,1.2291448299499352,0,3.0,2.556683301925659,2.556683301925659,0.558157877840303,True,False,True,False,True,True,False,False,False,False,False,True,False,True,True,False,True
0,51000072,1,1.5639073105759744,0,3.0,2.422122001647949,2.422122001647949,0.7930539573625927,True,False,False,False,False,False,False,False,False,False,False,True,False,True,True,False,True
0,51000073,1,1.2470087605994484,0,3.0,2.6795945167541504,2.6795945167541504,0.681914183671314,True,False,True,False,True,True,False,False,False,False,False,True,False,True,True,False,True
0,51000076,2,1.3672407354212421,0,3.0,2.5918846130371094,2.5918846130371094,0.7368426977756515,True,False,True,False,True,True,False,False,False,False,True,True,False,True,True,False,True
0,51000076,12,1.2482192080333427,0,3.0,2.8152647018432617,2.8152647018432617,0.8152647018432617,True,True,False,False,False,False,False,False,False,False,False,True,False,True,True,False,True
0,51000076,13,1.7561323532709827,0,3.0,2.849168062210083,2.849168062210083,1.2940489960503225,True,False,False,False,False,False,False,False,False,False,True,True,False,True,True,False,True
0,51000077,1,1.101270579047458,0,3.0,2.65950083732605,2.65950083732605,0.5156265274118076,True,False,True,False,True,True,False,False,False,False,False,True,False,True,True,False,True
0,51000078,1,1.276621021067421,0,3.0,2.5561325550079346,2.5561325550079346,0.6388068132972166,True,False,False,False,False,False,False,False,False,False,False,True,False,True,True,False,True
0,51000079,1,1.4553415403832446,0,3.0,2.5023040771484375,2.5023040771484375,0.7487432189093052,True,False,False,False,False,False,False,False,False,False,False,True,False,True,True,False,True
0,51000080,1,1.3563745601246628,0,3.0,2.539356231689453,2.539356231689453,0.6740223412779754,True,False,True,False,True,True,False,False,False,False,False,True,False,True,True,False,True
0,51000081,1,0.003137350082397461,2,2.5213370323181152,2.5213370323181152,2.5213370323181152,0.0,False,True,True,False,True,True,True,True,False,False,False,True,True,True,True,True,True
0,51000082,1,1.3283224426820237,0,3.0,2.435353994369507,2.435353994369507,0.5809457240688684,True,False,True,False,True,True,False,False,False,False,False,True,False,True,True,False,True
0,51000083,1,1.3748158781446327,0,3.0,2.6555168628692627,2.6555168628692627,0.7884715402023762,True,False,True,False,False,False,False,False,False,False,False,True,False,True,True,False,True
0,51000084,1,1.2736780026833858,0,3.0,2.5807671546936035,2.5807671546936035,0.6362909187859013,True,False,True,False,False,False,False,False,False,False,False,True,False,True,True,False,True
0,51000085,1,1.451534545237372,0,3.0,2.568979024887085,2.568979024887085,0.7894883192816973,True,False,False,False,False,False,False,False,False,False,False,True,False,True,True,False,True
0,51000086,1,1.010693726020527,0,3.0,2.514150857925415,2.514150857925415,0.5109715461730957,True,True,True,False,False,False,False,False,False,False,False,True,False,True,True,False,True
0,51000086,2,0.9497979123533515,0,3.0,2.5925776958465576,2.5925776958465576,0.5376384258270264,True,True,True,False,False,False,False,False,False,False,False,True,False,True,True,False,True
0,51000086,3,1.4067850079057018,0,3.0,2.614119291305542,2.614119291305542,0.7819238481256443,True,False,True,False,True,True,False,False,False,False,True,True,False,True,True,False,True
0,51000087,1,1.4348467789573685,0,3.0,2.513178586959839,2.513178586959839,0.7198937757393203,True,False,False,False,False,False,False,False,False,False,False,True,False,True,True,False,True
0,51000088,1,1.378898925640191,0,3.0,2.4481618404388428,2.4481618404388428,0.6575915955031384,True,False,False,False,False,False,False,False,False,False,False,True,False,True,True,False,True
0,51000090,1,1.3249893363081193,0,3.0,2.6981565952301025,2.6981565952301025,0.7762044116955102,True,False,True,False,False,False,False,False,False,False,False,True,False,True,True,False,True
0,51000091,1,0.9852751976834844,0,3.0,2.493609737695544,2.493609737695544,0.4788849353790283,True,True,True,False,False,False,False,False,False,False,False,True,False,True,True,False,True
0,51000091,2,1.0202063706367672,0,3.0,2.562389373779297,2.562389373779297,0.5659375190734863,True,True,False,False,False,False,False,False,False,False,False,True,False,True,True,False,True
0,51000091,3,0.9066137140774642,0,3.0,2.6528093814849854,2.6528093814849854,0.3122829387361876,True,False,True,False,True,True,False,False,False,False,True,True,False,True,True,False,True
0,51000092,1,1.1614707439114071,0,3.0,2.5598905086517334,2.5598905086517334,0.5064401189686732,True,False,True,False,True,True,False,False,False,False,False,True,False,True,True,False,True
0,51000093,1,1.0953223221888064,0,3.0,2.6673145294189453,2.6673145294189453,0.5061830072968959,True,False,True,False,True,True,False,False,False,False,False,True,False,True,True,False,True
0,51000094,1,1.6371552034147672,0,3.0,2.6459600925445557,2.6459600925445557,1.0697456203719973,True,False,False,False,False,False,False,False,False,False,False,True,False,True,True,False,True
0,51000095,1,1.4853723284000202,0,3.0,2.5721662044525146,2.5721662044525146,0.8773737464222634,True,False,False,False,False,False,False,False,False,False,False,True,False,True,True,False,True
0,51000096,1,1.2921939936597648,0,3.0,2.480466604232788,2.480466604232788,0.5975760995865528,True,False,False,False,False,False,False,False,False,False,False,True,False,True,True,False,True
0,51000097,1,1.2870216833834447,0,3.0,2.741910457611084,2.741910457611084,0.75145114264408,True,False,True,False,True,True,False,False,False,False,False,True,False,True,True,False,True
0,51000098,1,1.5882077831846073,0,3.0,2.3330676555633545,2.3330676555633545,0.7649887900069734,True,False,False,False,False,False,False,False,False,False,False,True,False,True,True,False,True
0,51000099,1,1.3424342637610447,0,3.0,2.5740694999694824,2.5740694999694824,0.7184799833312565,True,False,False,False,False,False,False,False,False,False,False,True,False,True,True,False,True
0,51000100,1,1.0730673683183518,0,3.0,2.669346809387207,2.669346809387207,0.4801602328550749,True,False,True,False,True,True,False,False,False,False,False,True,False,True,True,False,True
0,51000101,1,1.1936215660454188,0,3.0,2.5757720470428467,2.5757720470428467,0.5309673129894761,True,False,True,False,True,True,False,False,False,False,False,True,False,True,True,False,True
0,51000102,1,1.3766143743758197,0,3.0,2.5427935123443604,2.5427935123443604,0.6859028520023764,True,False,True,False,False,False,False,False,False,False,False,True,False,True,True,False,True
0,51000105,1,1.222525902301073,0,3.0,2.548954486846924,2.548954486846924,0.5617171436766784,True,False,True,False,True,True,False,False,False,False,False,True,False,True,True,False,True
0,51000106,1,1.5522334680579832,0,3.0,2.292597770690918,2.292597770690918,0.68594261674955,True,False,False,False,False,False,False,False,False,False,False,True,False,True,True,False,True
0,51000108,1,1.0747901896007563,0,3.0,2.677572727203369,2.677572727203369,0.5138396480427373,True,False,True,False,True,True,False,False,False,False,False,True,False,True,True,False,True
0,51000109,1,1.239255192348764,0,3.0,2.530292510986328,2.530292510986328,0.6438307228695923,True,False,False,False,False,False,False,False,False,False,False,True,False,True,True,False,True
0,51000110,1,1.5627741759455747,0,3.0,2.452383041381836,2.452383041381836,0.8772411647723691,True,False,False,False,False,False,False,False,False,False,False,True,False,True,True,False,True
0,51000111,1,1.4423159133155368,0,3.0,2.4653565883636475,2.4653565883636475,0.6983488661832231,True,False,False,False,False,False,False,False,False,False,False,True,False,True,True,False,True
0,51000112,1,0.9812607790128968,0,3.0,2.647127628326416,2.647127628326416,0.3947136559341497,True,False,True,False,True,True,False,False,False,False,False,True,False,True,True,False,True
0,51000112,5,1.0853688229315743,0,3.0,2.8983070850372314,2.8983070850372314,0.8871886730194092,True,True,True,False,False,False,False,False,False,False,True,True,False,True,True,False,True
0,51000112,6,1.6011132329742712,0,3.0,2.999999761581421,2.999999761581421,1.1687888941591216,True,False,True,False,True,True,False,False,False,False,True,True,False,True,True,False,True
0,51000113,1,1.3894744824437928,0,3.0,2.4738340377807617,2.4738340377807617,0.6748102889191673,True,False,False,False,False,False,False,False,False,False,False,True,False,True,True,False,True
0,51000114,1,1.5755055663764426,0,3.0,2.420579195022583,2.420579195022583,0.7873086610766732,True,False,False,False,False,False,False,False,False,False,False,True,False,True,True,False,True
0,51000116,1,1.3196537866984128,0,3.0,2.6247239112854004,2.6247239112854004,0.7823015798011947,True,False,False,False,False,False,False,False,False,False,False,True,False,True,True,False,True
0,51000117,1,1.3405600687690464,0,3.0,2.515799045562744,2.515799045562744,0.6384520565067604,True,False,True,False,True,True,False,False,False,False,False,True,False,True,True,False,True
0,51000118,1,1.443310145379479,0,3.0,2.5013582706451416,2.5013582706451416,0.7358123871503881,True,False,False,False,False,False,False,False,False,False,False,True,False,True,True,False,True
0,51000119,1,1.3087505385383418,0,3.0,2.6257455348968506,2.6257455348968506,0.6971414034666384,True,False,True,False,True,True,False,False,False,False,False,True,False,True,True,False,True
0,51000121,1,1.1416377465447511,0,3.0,2.525658130645752,2.525658130645752,0.471736901743344,True,False,True,False,True,True,False,False,False,False,False,True,False,True,True,False,True
0,51000122,1,1.2852066661583508,0,3.0,2.506099224090576,2.506099224090576,0.6632739725237888,True,False,False,False,False,False,False,False,False,False,False,True,False,True,True,False,True
0,51000123,1,1.3479286778040327,0,3.0,2.5706822872161865,2.5706822872161865,0.7048641057019414,True,False,True,False,False,False,False,False,False,False,False,True,False,True,True,False,True
0,51000125,1,1.6186504347638602,0,3.0,2.3281960487365723,2.3281960487365723,0.7862409015154171,True,False,False,False,False,False,False,False,False,False,False,True,False,True,True,False,True
0,51000126,1,1.6727243073995495,0,3.0,2.562256336212158,2.562256336212158,1.0509250331606883,True,False,False,False,False,False,False,False,False,False,False,True,False,True,True,False,True
0,51000127,1,1.2250934311910093,0,3.0,2.5279858112335205,2.5279858112335205,0.5502672559998011,True,False,True,False,False,False,False,False,False,False,False,True,False,True,True,False,True
1,51000001,1,1.1958200433272808,0,3.0,2.546924591064453,2.546924591064453,0.535126212175807,True,False,True,False,True,True,False,False,False,False,False,True,False,True,True,False,True
1,51000002,1,1.7199441673925056,0,3.0,2.317725658416748,2.317725658416748,0.8954670077211047,True,False,False,False,False,False,False,False,False,False,False,True,False,True,True,False,True
1,51000004,1,1.002184430223944,0,3.0,2.5142405033111572,2.5142405033111572,0.5023136138916016,True,True,True,False,True,True,False,False,False,False,False,True,False,True,True,False,True
1,51000004,2,1.4682719916664928,0,3.0,2.5040526390075684,2.5040526390075684,0.7787755852994901,True,False,False,False,False,False,False,False,False,False,False,True,False,True,True,False,True
1,51000005,1,1.3075960867374885,0,3.0,2.3036375045776367,2.3036375045776367,0.440592783966189,True,False,False,False,False,False,False,False,False,False,False,True,False,True,True,False,True
1,51000006,1,1.3538152358761582,0,3.0,2.548128604888916,2.548128604888916,0.6891510809707506,True,False,True,False,False,False,False,False,False,False,False,True,False,True,True,False,True
1,51000007,1,1.0697845562098833,0,3.0,2.6376051902770996,2.6376051902770996,0.44619769102431595,True,False,True,False,True,True,False,False,False,False,False,True,False,True,True,False,True
1,51000008,1,1.4804556629285597,0,3.0,2.4594509601593018,2.4594509601593018,0.7502573019947021,True,False,False,False,False,False,False,False,False,False,False,True,False,True,True,False,True
1,51000009,1,1.3110473712271358,0,3.0,2.624556303024292,2.624556303024292,0.6973817853168374,True,False,True,False,True,True,False,False,False,False,False,True,False,True,True,False,True
1,51000012,1,1.4840589333163716,0,3.0,2.402437686920166,2.402437686920166,0.7207659158675241,True,False,False,False,False,False,False,False,False,False,False,True,False,True,True,False,True
1,51000014,1,1.3629665174190664,0,3.0,2.6584019660949707,2.6584019660949707,0.8009713683815329,True,False,False,False,False,False,False,False,False,False,False,True,False,True,True,False,True
1,51000015,2,1.3670803650933088,0,3.0,2.430617332458496,2.430617332458496,0.6763310391677821,True,False,False,False,False,False,False,False,False,False,False,True,False,True,True,False,True
1,51000016,1,1.2883389796381486,0,3.0,2.3924062252044678,2.3924062252044678,0.5104050291961917,True,False,False,False,False,False,False,False,False,False,False,True,False,True,True,False,True
1,51000017,1,1.3766228816292687,0,3.0,2.7299680709838867,2.7299680709838867,0.8451236178435759,True,False,True,False,False,False,False,False,False,False,False,True,False,True,True,False,True
1,51000018,1,1.6711471675322704,0,3.0,2.268781900405884,2.268781900405884,0.7808586752999863,True,False,False,False,False,False,False,False,False,False,False,True,False,True,True,False,True
1,51000019,1,1.1900027443873151,0,3.0,2.6632730960845947,2.6632730960845947,0.5912553660192347,True,False,True,False,True,True,False,False,False,False,False,True,False,True,True,False,True
1,51000020,1,1.254082693313616,0,3.0,2.6326744556427,2.6326744556427,0.6847893977365664,True,False,False,False,False,False,False,False,False,False,False,True,False,True,True,False,True
1,51000021,1,1.4501443460674825,0,3.0,2.5958831310272217,2.5958831310272217,0.8341421680598752,True,False,False,False,False,False,False,False,False,False,False,True,False,True,True,False,True
1,51000023,1,1.7166196396096722,0,3.0,2.4669580459594727,2.4669580459594727,1.0371632815144125,True,False,False,False,False,False,False,False,False,False,False,True,False,True,True,False,True
1,51000024,1,1.2835747359409981,0,3.0,2.6470930576324463,2.6470930576324463,0.6885486083750488,True,False,True,False,True,True,False,False,False,False,False,True,False,True,True,False,True
1,51000025,1,1.3138968461248546,0,3.0,2.5618650913238525,2.5618650913238525,0.6783239429307427,True,False,False,False,False,False,False,False,False,False,False,True,False,True,True,False,True
1,51000026,1,1.442207533491996,0,3.0,2.428023338317871,2.428023338317871,0.6786909521973937,True,False,False,False,False,False,False,False,False,False,False,True,False,True,True,False,True
1,51000027,1,1.672097102822924,0,3.0,2.411391258239746,2.411391258239746,0.9245881850291817,True,False,False,False,False,False,False,False,False,False,False,True,False,True,True,False,True
1,51000028,1,1.7527618945494656,0,3.0,2.3118069171905518,2.3118069171905518,0.8942403585868153,True,False,False,False,False,False,False,False,False,False,False,True,False,True,True,False,True
1,51000029,1,1.1990210621005633,0,3.0,2.7174782752990723,2.7174782752990723,0.6270197095904652,True,False,True,False,True,True,False,False,False,False,False,True,False,True,True,False,True
1,51000030,1,1.161396046737898,0,3.0,2.704782485961914,2.704782485961914,0.6584318112233438,True,False,True,False,True,True,False,False,False,False,False,True,False,True,True,False,True
1,51000030,10,1.3116010604378279,0,3.0,2.896165609359741,2.896165609359741,0.8961656093597412,True,True,False,False,False,False,False,False,False,False,True,True,False,True,True,False,True
1,51000030,11,0.9659478206988757,0,3.011490390742164,3.011490390742164,3.011490390742164,0.97743821144104,True,True,False,False,False,False,False,False,False,False,True,True,False,False,False,False,True
1,51000030,12,1.4394552416764461,0,3.0,2.999999761581421,2.999999761581421,0.9825910834076389,True,False,True,False,True,True,False,False,False,False,True,True,False,True,True,False,True
1,51000031,1,1.350215389377026,0,3.0,2.605870008468628,2.605870008468628,0.720031179237477,True,False,True,False,False,False,False,False,False,False,False,True,False,True,True,False,True
1,51000033,1,1.355191677971248,0,3.0,2.503434181213379,2.503434181213379,0.7104077399439914,True,False,False,False,False,False,False,False,False,False,False,True,False,True,True,False,True
1,51000034,2,1.5161042565934284,0,3.0,2.5735769271850586,2.5735769271850586,0.889273676746735,True,False,False,False,False,False,False,False,False,False,False,True,False,True,True,False,True
1,51000035,1,1.2526393284371156,0,3.0,2.6527957916259766,2.6527957916259766,0.6339635276804508,True,False,True,False,True,True,False,False,False,False,False,True,False,True,True,False,True
1,51000036,1,1.4920113284718175,0,3.0,2.442584753036499,2.442584753036499,0.7450181702699341,True,False,False,False,False,False,False,False,False,False,False,True,False,True,True,False,True
1,51000037,1,1.261990411872538,0,3.0,2.6415207386016846,2.6415207386016846,0.7068411387891815,True,False,False,False,False,False,False,False,False,False,False,True,False,True,True,False,True
1,51000039,1,1.476238022980329,0,3.0,2.452646493911743,2.452646493911743,0.7518689405197994,True,False,False,False,False,False,False,False,False,False,False,True,False,True,True,False,True
1,51000041,1,1.383269358327734,0,3.0,2.562211275100708,2.562211275100708,0.722623936875787,True,False,False,False,False,False,False,False,False,False,False,True,False,True,True,False,True
1,51000042,1,1.0134434764835256,0,3.0,2.6844308376312256,2.6844308376312256,0.5985653400421143,True,True,True,False,True,True,False,False,False,False,False,True,False,True,True,False,True
1,51000042,2,1.6201429738934514,0,3.0,2.6415131092071533,2.6415131092071533,1.0047551029958983,True,False,False,False,False,False,False,False,False,False,True,True,False,True,True,False,True
1,51000043,1,1.3595765940825049,0,3.0,2.7297987937927246,2.7297987937927246,0.8323765161439248,True,False,True,False,False,False,False,False,False,False,False,True,False,True,True,False,True
1,51000044,1,1.4182084994516044,0,3.0,2.5677225589752197,2.5677225589752197,0.7663240735487256,True,False,False,False,False,False,False,False,False,False,False,True,False,True,True,False,True
1,51000045,1,1.3454683569553956,0,3.0,2.4493367671966553,2.4493367671966553,0.6131330768116097,True,False,False,False,False,False,False,False,False,False,False,True,False,True,True,False,True
1,51000047,1,1.1829882736793123,0,3.0,2.546790838241577,2.546790838241577,0.5626344745589444,True,False,True,False,False,False,False,False,False,False,False,True,False,True,True,False,True
1,51000049,2,0.3728527631508187,2,2.457213440920226,2.457213440920226,2.457213440920226,0.0,False,True,True,False,True,True,True,True,False,False,False,True,True,True,True,True,True
1,51000050,1,1.2720853901275853,0,3.0,2.494596242904663,2.494596242904663,0.5627917110139214,True,False,True,False,True,True,False,False,False,False,False,True,False,True,True,False,True
1,51000053,1,1.5743998565613195,0,3.0,2.5166494846343994,2.5166494846343994,0.8795973482618223,True,False,False,False,False,False,False,False,False,False,False,True,False,True,True,False,True
1,51000055,1,1.3008266491653113,0,3.0,2.5831568241119385,2.5831568241119385,0.63912942932772,True,False,True,False,False,False,False,False,False,False,False,True,False,True,True,False,True
1,51000056,1,1.4440802188453958,0,3.0,2.53351092338562,2.53351092338562,0.7738261038296662,True,False,False,False,False,False,False,False,False,False,False,True,False,True,True,False,True
1,51000057,1,1.4064330668051854,0,3.0,2.5912840366363525,2.5912840366363525,0.8103487736686843,True,False,False,False,False,False,False,False,False,False,False,True,False,True,True,False,True
1,51000058,1,0.19306173134603621,2,2.3455965518951416,2.3455965518951416,2.3455965518951416,0.0,False,True,True,True,True,True,True,True,False,False,False,True,True,True,True,True,True
1,51000059,1,1.37181911150791,0,3.0,2.493587017059326,2.493587017059326,0.6970129726025934,True,False,False,False,False,False,False,False,False,False,False,True,False,True,True,False,True
1,51000061,1,1.1138538782092333,0,3.0,2.732056140899658,2.732056140899658,0.6128099685212604,True,False,True,False,True,True,False,False,False,False,False,True,False,True,True,False,True
1,51000062,1,1.3371960927515094,0,3.0,2.509758472442627,2.509758472442627,0.7051483421047348,True,False,False,False,False,False,False,False,False,False,False,True,False,True,True,False,True
1,51000062,3,1.3148990583518372,0,3.0,2.4992899894714355,2.4992899894714355,0.642130971354621,True,False,False,False,False,False,False,False,False,False,True,True,False,True,True,False,True
1,51000063,1,1.699569290023702,0,3.0,2.4515438079833984,2.4515438079833984,0.9723319643428763,True,False,False,False,False,False,False,False,False,False,False,True,False,True,True,False,True
1,51000065,1,1.4181324821237127,0,3.0,2.4760806560516357,2.4760806560516357,0.7027513346863103,True,False,False,False,False,False,False,False,False,False,False,True,False,True,True,False,True
1,51000066,1,1.262351579333303,0,3.0,2.6906981468200684,2.6906981468200684,0.6754042983670485,True,False,True,False,True,True,False,False,False,False,False,True,False,True,True,False,True
1,51000067,1,1.359874434054769,0,3.0,2.5204076766967773,2.5204076766967773,0.679273594137231,True,False,True,False,False,False,False,False,False,False,False,True,False,True,True,False,True
1,51000070,1,1.21748282852204,0,3.0,2.5575578212738037,2.5575578212738037,0.5468117031957608,True,False,True,False,True,True,False,False,False,False,False,True,False,True,True,False,True
1,51000072,1,1.566671445862869,0,3.0,2.420137882232666,2.420137882232666,0.7941067399894903,True,False,False,False,False,False,False,False,False,False,False,True,False,True,True,False,True
1,51000076,2,1.2662358296823544,0,3.0,2.592458963394165,2.592458963394165,0.6472584651731672,True,False,True,False,False,False,False,False,False,False,False,True,False,True,True,False,True
1,51000077,1,1.0836778944395518,0,3.0,2.664675235748291,2.664675235748291,0.5032141525334133,True,False,True,False,True,True,False,False,False,False,False,True,False,True,True,False,True
1,51000078,1,1.2615241377855497,0,3.0,2.555647134780884,2.555647134780884,0.6296424892094132,True,False,False,False,False,False,False,False,False,False,False,True,False,True,True,False,True
1,51000079,1,1.4485263070282652,0,3.0,2.5019235610961914,2.5019235610961914,0.7424430984560526,True,False,False,False,False,False,False,False,False,False,False,True,False,True,True,False,True
1,51000080,1,1.35362635428282,0,3.0,2.5410614013671875,2.5410614013671875,0.6724846128824383,True,False,True,False,False,False,False,False,False,False,False,True,False,True,True,False,True
1,51000081,1,0.016224928200244904,2,2.520291566848755,2.520291566848755,2.520291566848755,0.0,False,True,True,True,True,True,True,True,True,False,False,True,True,True,True,True,True
1,51000082,1,1.3323144928507566,0,3.0,2.432950735092163,2.432950735092163,0.5837029954124194,True,False,True,False,True,True,False,False,False,False,False,True,False,True,True,False,True
1,51000083,1,1.360871145240195,0,3.0,2.66042423248291,2.66042423248291,0.7796982783845852,True,False,True,False,False,False,False,False,False,False,False,True,False,True,True,False,True
1,51000084,1,1.2668663669278248,0,3.0,2.583770275115967,2.583770275115967,0.6327515850636865,True,False,True,False,False,False,False,False,False,False,False,True,False,True,True,False,True
1,51000085,1,1.4479207787696824,0,3.0,2.571240186691284,2.571240186691284,0.7877493932505255,True,False,False,False,False,False,False,False,False,False,False,True,False,True,True,False,True
1,51000086,1,1.0119749475016575,0,3.0,2.5132153034210205,2.5132153034210205,0.5100972652435303,True,True,True,False,False,False,False,False,False,False,False,True,False,True,True,False,True
1,51000086,2,0.9523909959307342,0,3.0,2.5137786865234375,2.5137786865234375,0.4593970775604248,True,True,True,False,True,True,False,False,False,False,False,True,False,True,True,False,True
1,51000086,3,1.4149066530044383,0,3.0,2.4639852046966553,2.4639852046966553,0.6858261170852128,True,False,False,False,False,False,False,False,False,False,False,True,False,True,True,False,True
1,51000087,1,1.4306346104160976,0,3.0,2.513448476791382,2.513448476791382,0.7159264375391527,True,False,False,False,False,False,False,False,False,False,False,True,False,True,True,False,True
1,51000088,1,1.3805597881476714,0,3.0,2.4464125633239746,2.4464125633239746,0.6577241192888437,True,False,False,False,False,False,False,False,False,False,False,True,False,True,True,False,True
1,51000090,1,1.3027796345637948,0,3.0,2.702993154525757,2.702993154525757,0.7622428804153347,True,False,True,False,False,False,False,False,False,False,False,True,False,True,True,False,True
1,51000091,1,0.9863313438236058,0,3.0,2.4911428688228785,2.4911428688228785,0.4774742126464844,True,True,True,False,True,True,False,False,False,False,False,True,False,True,True,False,True
1,51000091,2,1.3755274523761918,0,3.0,2.483449697494507,2.483449697494507,0.677482962497081,True,False,False,False,False,False,False,False,False,False,False,True,False,True,True,False,True
1,51000093,1,1.080579523207172,0,3.0,2.6732993125915527,2.6732993125915527,0.497139626292874,True,False,True,False,True,True,False,False,False,False,False,True,False,True,True,False,True
1,51000094,1,1.6296611139981823,0,3.0,2.650798797607422,2.650798797607422,1.0671395943390711,True,False,False,False,False,False,False,False,False,False,False,True,False,True,True,False,True
1,51000095,1,1.481633932138266,0,3.0,2.574643135070801,2.574643135070801,0.8764319048937721,True,False,False,False,False,False,False,False,False,False,False,True,False,True,True,False,True
1,51000096,1,1.2814239268731948,0,3.0,2.4774930477142334,2.4774930477142334,0.5887409156067435,True,False,False,False,False,False,False,False,False,False,False,True,False,True,True,False,True
1,51000098,1,1.5956158324101781,0,3.0,2.327815294265747,2.327815294265747,0.7684405774797769,True,False,False,False,False,False,False,False,False,False,False,True,False,True,True,False,True
1,51000099,1,1.3208138214413838,0,3.0,2.573934555053711,2.573934555053711,0.7038808361844441,True,False,False,False,False,False,False,False,False,False,False,True,False,True,True,False,True
1,51000100,1,1.0426120536858547,0,3.0,2.673046112060547,2.673046112060547,0.45426539519608367,True,False,True,False,True,True,False,False,False,False,False,True,False,True,True,False,True
1,51000101,1,1.174740023680314,0,3.0,2.5766892433166504,2.5766892433166504,0.5154667744975706,True,False,True,False,True,True,False,False,False,False,False,True,False,True,True,False,True
1,51000102,1,1.3738736991942857,0,3.0,2.5444984436035156,2.5444984436035156,0.6844444673505986,True,False,True,False,False,False,False,False,False,False,False,True,False,True,True,False,True
1,51000105,1,1.2153156929045694,0,3.0,2.550743579864502,2.550743579864502,0.5550018316985159,True,False,True,False,True,True,False,False,False,False,False,True,False,True,True,False,True
1,51000109,1,1.2383312147103283,0,3.0,2.530778169631958,2.530778169631958,0.6437259504726192,True,False,False,False,False,False,False,False,False,False,False,True,False,True,True,False,True
1,51000110,1,1.5579597346611491,0,3.0,2.4483754634857178,2.4483754634857178,0.8730253596820694,True,False,False,False,False,False,False,False,False,False,False,True,False,True,True,False,True
1,51000111,1,1.4459718588675505,0,3.0,2.463785171508789,2.463785171508789,0.7008095897913962,True,False,False,False,False,False,False,False,False,False,False,True,False,True,True,False,True
1,51000112,1,0.9622137109455277,0,3.0,2.651380777359009,2.651380777359009,0.38142422833657763,True,False,True,False,True,True,False,False,False,False,False,True,False,True,True,False,True
1,51000113,1,1.390476739653802,0,3.0,2.473127841949463,2.473127841949463,0.6753130455656605,True,False,False,False,False,False,False,False,False,False,False,True,False,True,True,False,True
1,51000114,1,1.5801958312526747,0,3.0,2.4181172847747803,2.4181172847747803,0.7900836727497121,True,False,False,False,False,False,False,False,False,False,False,True,False,True,True,False,True
1,51000116,1,1.309405111041782,0,3.0,2.629568338394165,2.629568338394165,0.779050531742785,True,False,False,False,False,False,False,False,False,False,False,True,False,True,True,False,True
1,51000117,1,1.3398020320419262,0,3.0,2.5161139965057373,2.5161139965057373,0.6378920284071006,True,False,True,False,True,True,False,False,False,False,False,True,False,True,True,False,True
1,51000118,1,1.4435242359988054,0,3.0,2.5012667179107666,2.5012667179107666,0.7359571242594788,True,False,False,False,False,False,False,False,False,False,False,True,False,True,True,False,True
1,51000119,1,1.2970119181351334,0,3.0,2.629763603210449,2.629763603210449,0.6887650425633549,True,False,True,False,True,True,False,False,False,False,False,True,False,True,True,False,True
1,51000121,1,1.1328279942002206,0,3.0,2.5240933895111084,2.5240933895111084,0.4667844716659721,True,False,True,False,True,True,False,False,False,False,False,True,False,True,True,False,True
1,51000123,1,1.3447517053711056,0,3.0,2.572662830352783,2.572662830352783,0.7033009770729186,True,False,True,False,False,False,False,False,False,False,False,True,False,True,True,False,True
1,51000125,1,1.6264624255890128,0,3.0,2.3214311599731445,2.3214311599731445,0.7885059771047557,True,False,False,False,False,False,False,False,False,False,False,True,False,True,True,False,True
1,51000126,1,1.6620677410773843,0,3.0,2.562833547592163,2.562833547592163,1.0441314826249153,True,False,False,False,False,False,False,False,False,False,False,True,False,True,True,False,True
1,51000127,1,1.2241593778870599,0,3.0,2.528416156768799,2.528416156768799,0.5498658118027647,True,False,True,False,False,False,False,False,False,False,False,True,False,True,True,False,True
