episode,policy,reach,strict_success,discounted_return,undiscounted_return,absorbed,lower_route,reached_y_below_2,shortcut,stuck_other,first_departure_1_2,first_departure_2_3,hazard_landings,route_class,first_departure_cell,time_to_goal,death_time
0,C0_a0,1.0,1.0,11.72950912024697,42.0,0.0,1.0,1.0,0.0,0.0,1.0,0.0,0.0,lower,"(1, 2)",9,
1,C0_a0,0.0,0.0,0.0,0.0,1.0,0.0,0.0,1.0,0.0,0.0,1.0,1.0,shortcut,"(2, 3)",,3
2,C0_a0,0.0,0.0,0.0,0.0,1.0,0.0,0.0,1.0,0.0,0.0,1.0,2.0,shortcut,"(2, 3)",,4
3,C0_a0,1.0,1.0,11.72950912024697,42.0,0.0,1.0,1.0,0.0,0.0,1.0,0.0,0.0,lower,"(1, 2)",9,
4,C0_a0,1.0,1.0,11.72950912024697,42.0,0.0,1.0,1.0,0.0,0.0,1.0,0.0,0.0,lower,"(1, 2)",9,
5,C0_a0,1.0,1.0,11.72950912024697,42.0,0.0,1.0,1.0,0.0,0.0,1.0,0.0,0.0,lower,"(1, 2)",9,
6,C0_a0,1.0,1.0,13.16293830696572,44.0,0.0,0.0,0.0,1.0,0.0,0.0,1.0,3.0,shortcut,"(2, 3)",7,
7,C0_a0,1.0,1.0,13.16293830696572,44.0,0.0,0.0,0.0,1.0,0.0,0.0,1.0,3.0,shortcut,"(2, 3)",7,
8,C0_a0,0.0,0.0,0.0,0.0,1.0,0.0,0.0,1.0,0.0,0.0,1.0,1.0,shortcut,"(2, 3)",,3
9,C0_a0,0.0,0.0,0.0,0.0,1.0,0.0,0.0,1.0,0.0,0.0,1.0,2.0,shortcut,"(2, 3)",,4
10,C0_a0,1.0,1.0,11.72950912024697,42.0,0.0,1.0,1.0,0.0,0.0,1.0,0.0,0.0,lower,"(1, 2)",9,
11,C0_a0,0.0,0.0,0.0,0.0,1.0,0.0,0.0,1.0,0.0,0.0,1.0,2.0,shortcut,"(2, 3)",,4
12,C0_a0,1.0,1.0,13.16293830696572,44.0,0.0,0.0,0.0,1.0,0.0,0.0,1.0,3.0,shortcut,"(2, 3)",7,
13,C0_a0,1.0,1.0,11.72950912024697,42.0,0.0,1.0,1.0,0.0,0.0,1.0,0.0,0.0,lower,"(1, 2)",9,
14,C0_a0,1.0,1.0,13.16293830696572,44.0,0.0,0.0,0.0,1.0,0.0,0.0,1.0,3.0,shortcut,"(2, 3)",7,
15,C0_a0,0.0,0.0,0.0,0.0,1.0,0.0,0.0,1.0,0.0,0.0,1.0,1.0,shortcut,"(2, 3)",,3
16,C0_a0,0.0,0.0,0.0,0.0,1.0,0.0,0.0,1.0,0.0,0.0,1.0,1.0,shortcut,"(2, 3)",,3
17,C0_a0,1.0,1.0,13.16293830696572,44.0,0.0,0.0,0.0,1.0,0.0,0.0,1.0,3.0,shortcut,"(2, 3)",7,
18,C0_a0,0.0,0.0,0.0,0.0,1.0,0.0,0.0,1.0,0.0,0.0,1.0,3.0,shortcut,"(2, 3)",,5
19,C0_a0,1.0,1.0,11.72950912024697,42.0,0.0,1.0,1.0,0.0,0.0,1.0,0.0,0.0,lower,"(1, 2)",9,
20,C0_a0,0.0,0.0,0.0,0.0,1.0,0.0,0.0,1.0,0.0,0.0,1.0,1.0,shortcut,"(2, 3)",,3
21,C0_a0,1.0,1.0,13.16293830696572,44.0,0.0,0.0,0.0,1.0,0.0,0.0,1.0,3.0,shortcut,"(2, 3)",7,
22,C0_a0,1.0,1.0,13.16293830696572,44.0,0.0,0.0,0.0,1.0,0.0,0.0,1.0,3.0,shortcut,"(2, 3)",7,
23,C0_a0,1.0,1.0,11.72950912024697,42.0,0.0,1.0,1.0,0.0,0.0,1.0,0.0,0.0,lower,"(1, 2)",9,
24,C0_a0,0.0,0.0,0.0,0.0,1.0,0.0,0.0,1.0,0.0,0.0,1.0,1.0,shortcut,"(2, 3)",,3
25,C0_a0,1.0,1.0,13.16293830696572,44.0,0.0,0.0,0.0,1.0,0.0,0.0,1.0,3.0,shortcut,"(2, 3)",7,
26,C0_a0,1.0,1.0,13.16293830696572,44.0,0.0,0.0,0.0,1.0,0.0,0.0,1.0,3.0,shortcut,"(2, 3)",7,
27,C0_a0,0.0,0.0,0.0,0.0,1.0,0.0,0.0,1.0,0.0,0.0,1.0,3.0,shortcut,"(2, 3)",,5
28,C0_a0,1.0,1.0,13.16293830696572,44.0,0.0,0.0,0.0,1.0,0.0,0.0,1.0,3.0,shortcut,"(2, 3)",7,
29,C0_a0,0.0,0.0,0.0,0.0,1.0,0.0,0.0,1.0,0.0,0.0,1.0,2.0,shortcut,"(2, 3)",,4
30,C0_a0,0.0,0.0,0.0,0.0,1.0,0.0,0.0,1.0,0.0,0.0,1.0,3.0,shortcut,"(2, 3)",,5
31,C0_a0,1.0,1.0,11.72950912024697,42.0,0.0,1.0,1.0,0.0,0.0,1.0,0.0,0.0,lower,"(1, 2)",9,
32,C0_a0,1.0,1.0,13.16293830696572,44.0,0.0,0.0,0.0,1.0,0.0,0.0,1.0,3.0,shortcut,"(2, 3)",7,
33,C0_a0,0.0,0.0,0.0,0.0,1.0,0.0,0.0,1.0,0.0,0.0,1.0,2.0,shortcut,"(2, 3)",,4
34,C0_a0,1.0,1.0,11.72950912024697,42.0,0.0,1.0,1.0,0.0,0.0,1.0,0.0,0.0,lower,"(1, 2)",9,
35,C0_a0,0.0,0.0,0.0,0.0,1.0,0.0,0.0,1.0,0.0,0.0,1.0,2.0,shortcut,"(2, 3)",,4
36,C0_a0,0.0,0.0,0.0,0.0,1.0,0.0,0.0,1.0,0.0,0.0,1.0,1.0,shortcut,"(2, 3)",,3
37,C0_a0,0.0,0.0,0.0,0.0,1.0,0.0,0.0,1.0,0.0,0.0,1.0,2.0,shortcut,"(2, 3)",,4
38,C0_a0,0.0,0.0,0.0,0.0,1.0,0.0,0.0,1.0,0.0,0.0,1.0,3.0,shortcut,"(2, 3)",,5
39,C0_a0,0.0,0.0,0.0,0.0,1.0,0.0,0.0,1.0,0.0,0.0,1.0,3.0,shortcut,"(2, 3)",,5
40,C0_a0,1.0,1.0,11.72950912024697,42.0,0.0,1.0,1.0,0.0,0.0,1.0,0.0,0.0,lower,"(1, 2)",9,
41,C0_a0,1.0,1.0,13.16293830696572,44.0,0.0,0.0,0.0,1.0,0.0,0.0,1.0,3.0,shortcut,"(2, 3)",7,
42,C0_a0,0.0,0.0,0.0,0.0,1.0,0.0,0.0,1.0,0.0,0.0,1.0,3.0,shortcut,"(2, 3)",,5
43,C0_a0,0.0,0.0,0.0,0.0,1.0,0.0,0.0,1.0,0.0,0.0,1.0,1.0,shortcut,"(2, 3)",,3
44,C0_a0,1.0,1.0,11.72950912024697,42.0,0.0,1.0,1.0,0.0,0.0,1.0,0.0,0.0,lower,"(1, 2)",9,
45,C0_a0,1.0,1.0,11.72950912024697,42.0,0.0,1.0,1.0,0.0,0.0,1.0,0.0,0.0,lower,"(1, 2)",9,
46,C0_a0,1.0,1.0,13.16293830696572,44.0,0.0,0.0,0.0,1.0,0.0,0.0,1.0,3.0,shortcut,"(2, 3)",7,
47,C0_a0,0.0,0.0,0.0,0.0,1.0,0.0,0.0,1.0,0.0,0.0,1.0,2.0,shortcut,"(2, 3)",,4
48,C0_a0,0.0,0.0,0.0,0.0,1.0,0.0,0.0,1.0,0.0,0.0,1.0,2.0,shortcut,"(2, 3)",,4
49,C0_a0,1.0,1.0,11.72950912024697,42.0,0.0,1.0,1.0,0.0,0.0,1.0,0.0,0.0,lower,"(1, 2)",9,
50,C0_a0,1.0,1.0,11.72950912024697,42.0,0.0,1.0,1.0,0.0,0.0,1.0,0.0,0.0,lower,"(1, 2)",9,
51,C0_a0,1.0,1.0,11.72950912024697,42.0,0.0,1.0,1.0,0.0,0.0,1.0,0.0,0.0,lower,"(1, 2)",9,
52,C0_a0,0.0,0.0,0.0,0.0,1.0,0.0,0.0,1.0,0.0,0.0,1.0,3.0,shortcut,"(2, 3)",,5
53,C0_a0,0.0,0.0,0.0,0.0,1.0,0.0,0.0,1.0,0.0,0.0,1.0,2.0,shortcut,"(2, 3)",,4
54,C0_a0,0.0,0.0,0.0,0.0,1.0,0.0,0.0,1.0,0.0,0.0,1.0,3.0,shortcut,"(2, 3)",,5
55,C0_a0,1.0,1.0,13.16293830696572,44.0,0.0,0.0,0.0,1.0,0.0,0.0,1.0,3.0,shortcut,"(2, 3)",7,
56,C0_a0,1.0,1.0,13.16293830696572,44.0,0.0,0.0,0.0,1.0,0.0,0.0,1.0,3.0,shortcut,"(2, 3)",7,
57,C0_a0,1.0,1.0,13.16293830696572,44.0,0.0,0.0,0.0,1.0,0.0,0.0,1.0,3.0,shortcut,"(2, 3)",7,
58,C0_a0,1.0,1.0,11.72950912024697,42.0,0.0,1.0,1.0,0.0,0.0,1.0,0.0,0.0,lower,"(1, 2)",9,
59,C0_a0,1.0,1.0,11.72950912024697,42.0,0.0,1.0,1.0,0.0,0.0,1.0,0.0,0.0,lower,"(1, 2)",9,
60,C0_a0,1.0,1.0,11.72950912024697,42.0,0.0,1.0,1.0,0.0,0.0,1.0,0.0,0.0,lower,"(1, 2)",9,
61,C0_a0,1.0,1.0,13.16293830696572,44.0,0.0,0.0,0.0,1.0,0.0,0.0,1.0,3.0,shortcut,"(2, 3)",7,
62,C0_a0,0.0,0.0,0.0,0.0,1.0,0.0,0.0,1.0,0.0,0.0,1.0,2.0,shortcut,"(2, 3)",,4
63,C0_a0,1.0,1.0,11.72950912024697,42.0,0.0,1.0,1.0,0.0,0.0,1.0,0.0,0.0,lower,"(1, 2)",9,
64,C0_a0,0.0,0.0,0.0,0.0,1.0,0.0,0.0,1.0,0.0,0.0,1.0,1.0,shortcut,"(2, 3)",,3
65,C0_a0,0.0,0.0,0.0,0.0,1.0,0.0,0.0,1.0,0.0,0.0,1.0,2.0,shortcut,"(2, 3)",,4
66,C0_a0,1.0,1.0,13.16293830696572,44.0,0.0,0.0,0.0,1.0,0.0,0.0,1.0,3.0,shortcut,"(2, 3)",7,
67,C0_a0,0.0,0.0,0.0,0.0,1.0,0.0,0.0,1.0,0.0,0.0,1.0,1.0,shortcut,"(2, 3)",,3
68,C0_a0,1.0,1.0,13.16293830696572,44.0,0.0,0.0,0.0,1.0,0.0,0.0,1.0,3.0,shortcut,"(2, 3)",7,
69,C0_a0,0.0,0.0,0.0,0.0,1.0,0.0,0.0,1.0,0.0,0.0,1.0,1.0,shortcut,"(2, 3)",,3
70,C0_a0,0.0,0.0,0.0,0.0,1.0,0.0,0.0,1.0,0.0,0.0,1.0,1.0,shortcut,"(2, 3)",,3
71,C0_a0,0.0,0.0,0.0,0.0,1.0,0.0,0.0,1.0,0.0,0.0,1.0,1.0,shortcut,"(2, 3)",,3
72,C0_a0,0.0,0.0,0.0,0.0,1.0,0.0,0.0,1.0,0.0,0.0,1.0,1.0,shortcut,"(2, 3)",,3
73,C0_a0,0.0,0.0,0.0,0.0,1.0,0.0,0.0,1.0,0.0,0.0,1.0,2.0,shortcut,"(2, 3)",,4
74,C0_a0,1.0,1.0,11.72950912024697,42.0,0.0,1.0,1.0,0.0,0.0,1.0,0.0,0.0,lower,"(1, 2)",9,
75,C0_a0,0.0,0.0,0.0,0.0,1.0,0.0,0.0,1.0,0.0,0.0,1.0,1.0,shortcut,"(2, 3)",,3
76,C0_a0,1.0,1.0,11.72950912024697,42.0,0.0,1.0,1.0,0.0,0.0,1.0,0.0,0.0,lower,"(1, 2)",9,
77,C0_a0,1.0,1.0,11.72950912024697,42.0,0.0,1.0,1.0,0.0,0.0,1.0,0.0,0.0,lower,"(1, 2)",9,
78,C0_a0,1.0,1.0,13.16293830696572,44.0,0.0,0.0,0.0,1.0,0.0,0.0,1.0,3.0,shortcut,"(2, 3)",7,
79,C0_a0,0.0,0.0,0.0,0.0,1.0,0.0,0.0,1.0,0.0,0.0,1.0,1.0,shortcut,"(2, 3)",,3
80,C0_a0,0.0,0.0,0.0,0.0,1.0,0.0,0.0,1.0,0.0,0.0,1.0,2.0,shortcut,"(2, 3)",,4
81,C0_a0,0.0,0.0,0.0,0.0,1.0,0.0,0.0,1.0,0.0,0.0,1.0,3.0,shortcut,"(2, 3)",,5
82,C0_a0,0.0,0.0,0.0,0.0,1.0,0.0,0.0,1.0,0.0,0.0,1.0,3.0,shortcut,"(2, 3)",,5
83,C0_a0,0.0,0.0,0.0,0.0,1.0,0.0,0.0,1.0,0.0,0.0,1.0,1.0,shortcut,"(2, 3)",,3
84,C0_a0,0.0,0.0,0.0,0.0,1.0,0.0,0.0,1.0,0.0,0.0,1.0,2.0,shortcut,"(2, 3)",,4
85,C0_a0,0.0,0.0,0.0,0.0,1.0,0.0,0.0,1.0,0.0,0.0,1.0,2.0,shortcut,"(2, 3)",,4
86,C0_a0,0.0,0.0,0.0,0.0,1.0,0.0,0.0,1.0,0.0,0.0,1.0,1.0,shortcut,"(2, 3)",,3
87,C0_a0,1.0,1.0,13.16293830696572,44.0,0.0,0.0,0.0,1.0,0.0,0.0,1.0,3.0,shortcut,"(2, 3)",7,
88,C0_a0,0.0,0.0,0.0,0.0,1.0,0.0,0.0,1.0,0.0,0.0,1.0,1.0,shortcut,"(2, 3)",,3
89,C0_a0,1.0,1.0,13.16293830696572,44.0,0.0,0.0,0.0,1.0,0.0,0.0,1.0,3.0,shortcut,"(2, 3)",7,
90,C0_a0,1.0,1.0,11.72950912024697,42.0,0.0,1.0,1.0,0.0,0.0,1.0,0.0,0.0,lower,"(1, 2)",9,
91,C0_a0,0.0,0.0,0.0,0.0,1.0,0.0,0.0,1.0,0.0,0.0,1.0,1.0,shortcut,"(2, 3)",,3
92,C0_a0,1.0,1.0,11.72950912024697,42.0,0.0,1.0,1.0,0.0,0.0,1.0,0.0,0.0,lower,"(1, 2)",9,
93,C0_a0,0.0,0.0,0.0,0.0,1.0,0.0,0.0,1.0,0.0,0.0,1.0,2.0,shortcut,"(2, 3)",,4
94,C0_a0,0.0,0.0,0.0,0.0,1.0,0.0,0.0,1.0,0.0,0.0,1.0,2.0,shortcut,"(2, 3)",,4
95,C0_a0,0.0,0.0,0.0,0.0,1.0,0.0,0.0,1.0,0.0,0.0,1.0,2.0,shortcut,"(2, 3)",,4
96,C0_a0,0.0,0.0,0.0,0.0,1.0,0.0,0.0,1.0,0.0,0.0,1.0,2.0,shortcut,"(2, 3)",,4
97,C0_a0,0.0,0.0,0.0,0.0,1.0,0.0,0.0,1.0,0.0,0.0,1.0,1.0,shortcut,"(2, 3)",,3
98,C0_a0,0.0,0.0,0.0,0.0,1.0,0.0,0.0,1.0,0.0,0.0,1.0,2.0,shortcut,"(2, 3)",,4
99,C0_a0,0.0,0.0,0.0,0.0,1.0,0.0,0.0,1.0,0.0,0.0,1.0,3.0,shortcut,"(2, 3)",,5
100,C0_a0,0.0,0.0,0.0,0.0,1.0,0.0,0.0,1.0,0.0,0.0,1.0,1.0,shortcut,"(2, 3)",,3
101,C0_a0,0.0,0.0,0.0,0.0,1.0,0.0,0.0,1.0,0.0,0.0,1.0,1.0,shortcut,"(2, 3)",,3
102,C0_a0,0.0,0.0,0.0,0.0,1.0,0.0,0.0,1.0,0.0,0.0,1.0,1.0,shortcut,"(2, 3)",,3
103,C0_a0,1.0,1.0,11.72950912024697,42.0,0.0,1.0,1.0,0.0,0.0,1.0,0.0,0.0,lower,"(1, 2)",9,
104,C0_a0,1.0,1.0,11.72950912024697,42.0,0.0,1.0,1.0,0.0,0.0,1.0,0.0,0.0,lower,"(1, 2)",9,
105,C0_a0,0.0,0.0,0.0,0.0,1.0,0.0,0.0,1.0,0.0,0.0,1.0,3.0,shortcut,"(2, 3)",,5
106,C0_a0,1.0,1.0,11.72950912024697,42.0,0.0,1.0,1.0,0.0,0.0,1.0,0.0,0.0,lower,"(1, 2)",9,
107,C0_a0,0.0,0.0,0.0,0.0,1.0,0.0,0.0,1.0,0.0,0.0,1.0,1.0,shortcut,"(2, 3)",,3
108,C0_a0,1.0,1.0,13.16293830696572,44.0,0.0,0.0,0.0,1.0,0.0,0.0,1.0,3.0,shortcut,"(2, 3)",7,
109,C0_a0,1.0,1.0,11.72950912024697,42.0,0.0,1.0,1.0,0.0,0.0,1.0,0.0,0.0,lower,"(1, 2)",9,
110,C0_a0,0.0,0.0,0.0,0.0,1.0,0.0,0.0,1.0,0.0,0.0,1.0,1.0,shortcut,"(2, 3)",,3
111,C0_a0,1.0,1.0,11.72950912024697,42.0,0.0,1.0,1.0,0.0,0.0,1.0,0.0,0.0,lower,"(1, 2)",9,
112,C0_a0,0.0,0.0,0.0,0.0,1.0,0.0,0.0,1.0,0.0,0.0,1.0,1.0,shortcut,"(2, 3)",,3
113,C0_a0,0.0,0.0,0.0,0.0,1.0,0.0,0.0,1.0,0.0,0.0,1.0,1.0,shortcut,"(2, 3)",,3
114,C0_a0,1.0,1.0,13.16293830696572,44.0,0.0,0.0,0.0,1.0,0.0,0.0,1.0,3.0,shortcut,"(2, 3)",7,
115,C0_a0,1.0,1.0,11.72950912024697,42.0,0.0,1.0,1.0,0.0,0.0,1.0,0.0,0.0,lower,"(1, 2)",9,
116,C0_a0,0.0,0.0,0.0,0.0,1.0,0.0,0.0,1.0,0.0,0.0,1.0,2.0,shortcut,"(2, 3)",,4
117,C0_a0,0.0,0.0,0.0,0.0,1.0,0.0,0.0,1.0,0.0,0.0,1.0,3.0,shortcut,"(2, 3)",,5
118,C0_a0,0.0,0.0,0.0,0.0,1.0,0.0,0.0,1.0,0.0,0.0,1.0,1.0,shortcut,"(2, 3)",,3
119,C0_a0,0.0,0.0,0.0,0.0,1.0,0.0,0.0,1.0,0.0,0.0,1.0,2.0,shortcut,"(2, 3)",,4
120,C0_a0,0.0,0.0,0.0,0.0,1.0,0.0,0.0,1.0,0.0,0.0,1.0,3.0,shortcut,"(2, 3)",,5
121,C0_a0,1.0,1.0,13.16293830696572,44.0,0.0,0.0,0.0,1.0,0.0,0.0,1.0,3.0,shortcut,"(2, 3)",7,
122,C0_a0,1.0,1.0,13.16293830696572,44.0,0.0,0.0,0.0,1.0,0.0,0.0,1.0,3.0,shortcut,"(2, 3)",7,
123,C0_a0,0.0,0.0,0.0,0.0,1.0,0.0,0.0,1.0,0.0,0.0,1.0,3.0,shortcut,"(2, 3)",,5
124,C0_a0,0.0,0.0,0.0,0.0,1.0,0.0,0.0,1.0,0.0,0.0,1.0,2.0,shortcut,"(2, 3)",,4
125,C0_a0,1.0,1.0,13.16293830696572,44.0,0.0,0.0,0.0,1.0,0.0,0.0,1.0,3.0,shortcut,"(2, 3)",7,
126,C0_a0,1.0,1.0,11.72950912024697,42.0,0.0,1.0,1.0,0.0,0.0,1.0,0.0,0.0,lower,"(1, 2)",9,
127,C0_a0,1.0,1.0,13.16293830696572,44.0,0.0,0.0,0.0,1.0,0.0,0.0,1.0,3.0,shortcut,"(2, 3)",7,
128,C0_a0,0.0,0.0,0.0,0.0,1.0,0.0,0.0,1.0,0.0,0.0,1.0,1.0,shortcut,"(2, 3)",,3
129,C0_a0,0.0,0.0,0.0,0.0,1.0,0.0,0.0,1.0,0.0,0.0,1.0,2.0,shortcut,"(2, 3)",,4
130,C0_a0,1.0,1.0,13.16293830696572,44.0,0.0,0.0,0.0,1.0,0.0,0.0,1.0,3.0,shortcut,"(2, 3)",7,
131,C0_a0,0.0,0.0,0.0,0.0,1.0,0.0,0.0,1.0,0.0,0.0,1.0,2.0,shortcut,"(2, 3)",,4
132,C0_a0,0.0,0.0,0.0,0.0,1.0,0.0,0.0,1.0,0.0,0.0,1.0,2.0,shortcut,"(2, 3)",,4
133,C0_a0,0.0,0.0,0.0,0.0,1.0,0.0,0.0,1.0,0.0,0.0,1.0,1.0,shortcut,"(2, 3)",,3
134,C0_a0,1.0,1.0,11.72950912024697,42.0,0.0,1.0,1.0,0.0,0.0,1.0,0.0,0.0,lower,"(1, 2)",9,
135,C0_a0,1.0,1.0,13.16293830696572,44.0,0.0,0.0,0.0,1.0,0.0,0.0,1.0,3.0,shortcut,"(2, 3)",7,
136,C0_a0,0.0,0.0,0.0,0.0,1.0,0.0,0.0,1.0,0.0,0.0,1.0,1.0,shortcut,"(2, 3)",,3
137,C0_a0,0.0,0.0,0.0,0.0,1.0,0.0,0.0,1.0,0.0,0.0,1.0,1.0,shortcut,"(2, 3)",,3
138,C0_a0,1.0,1.0,13.16293830696572,44.0,0.0,0.0,0.0,1.0,0.0,0.0,1.0,3.0,shortcut,"(2, 3)",7,
139,C0_a0,1.0,1.0,11.72950912024697,42.0,0.0,1.0,1.0,0.0,0.0,1.0,0.0,0.0,lower,"(1, 2)",9,
140,C0_a0,1.0,1.0,13.16293830696572,44.0,0.0,0.0,0.0,1.0,0.0,0.0,1.0,3.0,shortcut,"(2, 3)",7,
141,C0_a0,1.0,1.0,11.72950912024697,42.0,0.0,1.0,1.0,0.0,0.0,1.0,0.0,0.0,lower,"(1, 2)",9,
142,C0_a0,0.0,0.0,0.0,0.0,1.0,0.0,0.0,1.0,0.0,0.0,1.0,2.0,shortcut,"(2, 3)",,4
143,C0_a0,1.0,1.0,11.72950912024697,42.0,0.0,1.0,1.0,0.0,0.0,1.0,0.0,0.0,lower,"(1, 2)",9,
144,C0_a0,0.0,0.0,0.0,0.0,1.0,0.0,0.0,1.0,0.0,0.0,1.0,2.0,shortcut,"(2, 3)",,4
145,C0_a0,1.0,1.0,11.72950912024697,42.0,0.0,1.0,1.0,0.0,0.0,1.0,0.0,0.0,lower,"(1, 2)",9,
146,C0_a0,0.0,0.0,0.0,0.0,1.0,0.0,0.0,1.0,0.0,0.0,1.0,3.0,shortcut,"(2, 3)",,5
147,C0_a0,0.0,0.0,0.0,0.0,1.0,0.0,0.0,1.0,0.0,0.0,1.0,1.0,shortcut,"(2, 3)",,3
148,C0_a0,0.0,0.0,0.0,0.0,1.0,0.0,0.0,1.0,0.0,0.0,1.0,2.0,shortcut,"(2, 3)",,4
149,C0_a0,1.0,1.0,13.16293830696572,44.0,0.0,0.0,0.0,1.0,0.0,0.0,1.0,3.0,shortcut,"(2, 3)",7,
150,C0_a0,0.0,0.0,0.0,0.0,1.0,0.0,0.0,1.0,0.0,0.0,1.0,2.0,shortcut,"(2, 3)",,4
151,C0_a0,0.0,0.0,0.0,0.0,1.0,0.0,0.0,1.0,0.0,0.0,1.0,1.0,shortcut,"(2, 3)",,3
152,C0_a0,1.0,1.0,11.72950912024697,42.0,0.0,1.0,1.0,0.0,0.0,1.0,0.0,0.0,lower,"(1, 2)",9,
153,C0_a0,1.0,1.0,13.16293830696572,44.0,0.0,0.0,0.0,1.0,0.0,0.0,1.0,3.0,shortcut,"(2, 3)",7,
154,C0_a0,0.0,0.0,0.0,0.0,1.0,0.0,0.0,1.0,0.0,0.0,1.0,3.0,shortcut,"(2, 3)",,5
155,C0_a0,0.0,0.0,0.0,0.0,1.0,0.0,0.0,1.0,0.0,0.0,1.0,2.0,shortcut,"(2, 3)",,4
156,C0_a0,0.0,0.0,0.0,0.0,1.0,0.0,0.0,1.0,0.0,0.0,1.0,2.0,shortcut,"(2, 3)",,4
157,C0_a0,1.0,1.0,11.72950912024697,42.0,0.0,1.0,1.0,0.0,0.0,1.0,0.0,0.0,lower,"(1, 2)",9,
158,C0_a0,0.0,0.0,0.0,0.0,1.0,0.0,0.0,1.0,0.0,0.0,1.0,2.0,shortcut,"(2, 3)",,4
159,C0_a0,1.0,1.0,11.72950912024697,42.0,0.0,1.0,1.0,0.0,0.0,1.0,0.0,0.0,lower,"(1, 2)",9,
160,C0_a0,0.0,0.0,0.0,0.0,1.0,0.0,0.0,1.0,0.0,0.0,1.0,3.0,shortcut,"(2, 3)",,5
161,C0_a0,0.0,0.0,0.0,0.0,1.0,0.0,0.0,1.0,0.0,0.0,1.0,3.0,shortcut,"(2, 3)",,5
162,C0_a0,1.0,1.0,11.72950912024697,42.0,0.0,1.0,1.0,0.0,0.0,1.0,0.0,0.0,lower,"(1, 2)",9,
163,C0_a0,1.0,1.0,11.72950912024697,42.0,0.0,1.0,1.0,0.0,0.0,1.0,0.0,0.0,lower,"(1, 2)",9,
164,C0_a0,1.0,1.0,11.72950912024697,42.0,0.0,1.0,1.0,0.0,0.0,1.0,0.0,0.0,lower,"(1, 2)",9,
165,C0_a0,0.0,0.0,0.0,0.0,1.0,0.0,0.0,1.0,0.0,0.0,1.0,1.0,shortcut,"(2, 3)",,3
166,C0_a0,1.0,1.0,11.72950912024697,42.0,0.0,1.0,1.0,0.0,0.0,1.0,0.0,0.0,lower,"(1, 2)",9,
167,C0_a0,1.0,1.0,11.72950912024697,42.0,0.0,1.0,1.0,0.0,0.0,1.0,0.0,0.0,lower,"(1, 2)",9,
168,C0_a0,1.0,1.0,13.16293830696572,44.0,0.0,0.0,0.0,1.0,0.0,0.0,1.0,3.0,shortcut,"(2, 3)",7,
169,C0_a0,1.0,1.0,11.72950912024697,42.0,0.0,1.0,1.0,0.0,0.0,1.0,0.0,0.0,lower,"(1, 2)",9,
170,C0_a0,1.0,1.0,11.72950912024697,42.0,0.0,1.0,1.0,0.0,0.0,1.0,0.0,0.0,lower,"(1, 2)",9,
171,C0_a0,0.0,0.0,0.0,0.0,1.0,0.0,0.0,1.0,0.0,0.0,1.0,1.0,shortcut,"(2, 3)",,3
172,C0_a0,0.0,0.0,0.0,0.0,1.0,0.0,0.0,1.0,0.0,0.0,1.0,1.0,shortcut,"(2, 3)",,3
173,C0_a0,0.0,0.0,0.0,0.0,1.0,0.0,0.0,1.0,0.0,0.0,1.0,1.0,shortcut,"(2, 3)",,3
174,C0_a0,0.0,0.0,0.0,0.0,1.0,0.0,0.0,1.0,0.0,0.0,1.0,2.0,shortcut,"(2, 3)",,4
175,C0_a0,1.0,1.0,13.16293830696572,44.0,0.0,0.0,0.0,1.0,0.0,0.0,1.0,3.0,shortcut,"(2, 3)",7,
176,C0_a0,0.0,0.0,0.0,0.0,1.0,0.0,0.0,1.0,0.0,0.0,1.0,2.0,shortcut,"(2, 3)",,4
177,C0_a0,0.0,0.0,0.0,0.0,1.0,0.0,0.0,1.0,0.0,0.0,1.0,2.0,shortcut,"(2, 3)",,4
178,C0_a0,0.0,0.0,0.0,0.0,1.0,0.0,0.0,1.0,0.0,0.0,1.0,1.0,shortcut,"(2, 3)",,3
179,C0_a0,1.0,1.0,13.16293830696572,44.0,0.0,0.0,0.0,1.0,0.0,0.0,1.0,3.0,shortcut,"(2, 3)",7,
180,C0_a0,1.0,1.0,13.16293830696572,44.0,0.0,0.0,0.0,1.0,0.0,0.0,1.0,3.0,shortcut,"(2, 3)",7,
181,C0_a0,1.0,1.0,13.16293830696572,44.0,0.0,0.0,0.0,1.0,0.0,0.0,1.0,3.0,shortcut,"(2, 3)",7,
182,C0_a0,0.0,0.0,0.0,0.0,1.0,0.0,0.0,1.0,0.0,0.0,1.0,3.0,shortcut,"(2, 3)",,5
183,C0_a0,1.0,1.0,13.16293830696572,44.0,0.0,0.0,0.0,1.0,0.0,0.0,1.0,3.0,shortcut,"(2, 3)",7,
184,C0_a0,0.0,0.0,0.0,0.0,1.0,0.0,0.0,1.0,0.0,0.0,1.0,1.0,shortcut,"(2, 3)",,3
185,C0_a0,1.0,1.0,11.72950912024697,42.0,0.0,1.0,1.0,0.0,0.0,1.0,0.0,0.0,lower,"(1, 2)",9,
186,C0_a0,0.0,0.0,0.0,0.0,1.0,0.0,0.0,1.0,0.0,0.0,1.0,1.0,shortcut,"(2, 3)",,3
187,C0_a0,0.0,0.0,0.0,0.0,1.0,0.0,0.0,1.0,0.0,0.0,1.0,1.0,shortcut,"(2, 3)",,3
188,C0_a0,0.0,0.0,0.0,0.0,1.0,0.0,0.0,1.0,0.0,0.0,1.0,1.0,shortcut,"(2, 3)",,3
189,C0_a0,1.0,1.0,13.16293830696572,44.0,0.0,0.0,0.0,1.0,0.0,0.0,1.0,3.0,shortcut,"(2, 3)",7,
190,C0_a0,1.0,1.0,11.72950912024697,42.0,0.0,1.0,1.0,0.0,0.0,1.0,0.0,0.0,lower,"(1, 2)",9,
191,C0_a0,1.0,1.0,13.16293830696572,44.0,0.0,0.0,0.0,1.0,0.0,0.0,1.0,3.0,shortcut,"(2, 3)",7,
192,C0_a0,1.0,1.0,13.16293830696572,44.0,0.0,0.0,0.0,1.0,0.0,0.0,1.0,3.0,shortcut,"(2, 3)",7,
193,C0_a0,0.0,0.0,0.0,0.0,1.0,0.0,0.0,1.0,0.0,0.0,1.0,1.0,shortcut,"(2, 3)",,3
194,C0_a0,0.0,0.0,0.0,0.0,1.0,0.0,0.0,1.0,0.0,0.0,1.0,1.0,shortcut,"(2, 3)",,3
195,C0_a0,1.0,1.0,13.16293830696572,44.0,0.0,0.0,0.0,1.0,0.0,0.0,1.0,3.0,shortcut,"(2, 3)",7,
196,C0_a0,1.0,1.0,11.72950912024697,42.0,0.0,1.0,1.0,0.0,0.0,1.0,0.0,0.0,lower,"(1, 2)",9,
197,C0_a0,1.0,1.0,13.16293830696572,44.0,0.0,0.0,0.0,1.0,0.0,0.0,1.0,3.0,shortcut,"(2, 3)",7,
198,C0_a0,0.0,0.0,0.0,0.0,1.0,0.0,0.0,1.0,0.0,0.0,1.0,1.0,shortcut,"(2, 3)",,3
199,C0_a0,1.0,1.0,13.16293830696572,44.0,0.0,0.0,0.0,1.0,0.0,0.0,1.0,3.0,shortcut,"(2, 3)",7,
0,C0_a1,1.0,1.0,13.16293830696572,44.0,0.0,0.0,0.0,1.0,0.0,0.0,1.0,3.0,shortcut,"(2, 3)",7,
1,C0_a1,0.0,0.0,0.0,0.0,1.0,0.0,0.0,1.0,0.0,0.0,1.0,1.0,shortcut,"(2, 3)",,3
2,C0_a1,0.0,0.0,0.0,0.0,1.0,0.0,0.0,1.0,0.0,0.0,1.0,2.0,shortcut,"(2, 3)",,4
3,C0_a1,0.0,0.0,0.0,0.0,1.0,0.0,0.0,1.0,0.0,0.0,1.0,3.0,shortcut,"(2, 3)",,5
4,C0_a1,0.0,0.0,0.0,0.0,1.0,0.0,0.0,1.0,0.0,0.0,1.0,1.0,shortcut,"(2, 3)",,3
5,C0_a1,0.0,0.0,0.0,0.0,1.0,0.0,0.0,1.0,0.0,0.0,1.0,2.0,shortcut,"(2, 3)",,4
6,C0_a1,1.0,1.0,13.16293830696572,44.0,0.0,0.0,0.0,1.0,0.0,0.0,1.0,3.0,shortcut,"(2, 3)",7,
7,C0_a1,1.0,1.0,13.16293830696572,44.0,0.0,0.0,0.0,1.0,0.0,0.0,1.0,3.0,shortcut,"(2, 3)",7,
8,C0_a1,0.0,0.0,0.0,0.0,1.0,0.0,0.0,1.0,0.0,0.0,1.0,1.0,shortcut,"(2, 3)",,3
9,C0_a1,0.0,0.0,0.0,0.0,1.0,0.0,0.0,1.0,0.0,0.0,1.0,2.0,shortcut,"(2, 3)",,4
10,C0_a1,0.0,0.0,0.0,0.0,1.0,0.0,0.0,1.0,0.0,0.0,1.0,1.0,shortcut,"(2, 3)",,3
11,C0_a1,0.0,0.0,0.0,0.0,1.0,0.0,0.0,1.0,0.0,0.0,1.0,2.0,shortcut,"(2, 3)",,4
12,C0_a1,1.0,1.0,13.16293830696572,44.0,0.0,0.0,0.0,1.0,0.0,0.0,1.0,3.0,shortcut,"(2, 3)",7,
13,C0_a1,0.0,0.0,0.0,0.0,1.0,0.0,0.0,1.0,0.0,0.0,1.0,1.0,shortcut,"(2, 3)",,3
14,C0_a1,1.0,1.0,13.16293830696572,44.0,0.0,0.0,0.0,1.0,0.0,0.0,1.0,3.0,shortcut,"(2, 3)",7,
15,C0_a1,0.0,0.0,0.0,0.0,1.0,0.0,0.0,1.0,0.0,0.0,1.0,1.0,shortcut,"(2, 3)",,3
16,C0_a1,0.0,0.0,0.0,0.0,1.0,0.0,0.0,1.0,0.0,0.0,1.0,1.0,shortcut,"(2, 3)",,3
17,C0_a1,1.0,1.0,13.16293830696572,44.0,0.0,0.0,0.0,1.0,0.0,0.0,1.0,3.0,shortcut,"(2, 3)",7,
18,C0_a1,0.0,0.0,0.0,0.0,1.0,0.0,0.0,1.0,0.0,0.0,1.0,3.0,shortcut,"(2, 3)",,5
19,C0_a1,1.0,1.0,13.16293830696572,44.0,0.0,0.0,0.0,1.0,0.0,0.0,1.0,3.0,shortcut,"(2, 3)",7,
20,C0_a1,0.0,0.0,0.0,0.0,1.0,0.0,0.0,1.0,0.0,0.0,1.0,1.0,shortcut,"(2, 3)",,3
21,C0_a1,1.0,1.0,13.16293830696572,44.0,0.0,0.0,0.0,1.0,0.0,0.0,1.0,3.0,shortcut,"(2, 3)",7,
22,C0_a1,1.0,1.0,13.16293830696572,44.0,0.0,0.0,0.0,1.0,0.0,0.0,1.0,3.0,shortcut,"(2, 3)",7,
23,C0_a1,0.0,0.0,0.0,0.0,1.0,0.0,0.0,1.0,0.0,0.0,1.0,3.0,shortcut,"(2, 3)",,5
24,C0_a1,0.0,0.0,0.0,0.0,1.0,0.0,0.0,1.0,0.0,0.0,1.0,1.0,shortcut,"(2, 3)",,3
25,C0_a1,1.0,1.0,13.16293830696572,44.0,0.0,0.0,0.0,1.0,0.0,0.0,1.0,3.0,shortcut,"(2, 3)",7,
26,C0_a1,1.0,1.0,13.16293830696572,44.0,0.0,0.0,0.0,1.0,0.0,0.0,1.0,3.0,shortcut,"(2, 3)",7,
27,C0_a1,0.0,0.0,0.0,0.0,1.0,0.0,0.0,1.0,0.0,0.0,1.0,3.0,shortcut,"(2, 3)",,5
28,C0_a1,1.0,1.0,13.16293830696572,44.0,0.0,0.0,0.0,1.0,0.0,0.0,1.0,3.0,shortcut,"(2, 3)",7,
29,C0_a1,0.0,0.0,0.0,0.0,1.0,0.0,0.0,1.0,0.0,0.0,1.0,2.0,shortcut,"(2, 3)",,4
30,C0_a1,0.0,0.0,0.0,0.0,1.0,0.0,0.0,1.0,0.0,0.0,1.0,3.0,shortcut,"(2, 3)",,5
31,C0_a1,0.0,0.0,0.0,0.0,1.0,0.0,0.0,1.0,0.0,0.0,1.0,1.0,shortcut,"(2, 3)",,3
32,C0_a1,1.0,1.0,13.16293830696572,44.0,0.0,0.0,0.0,1.0,0.0,0.0,1.0,3.0,shortcut,"(2, 3)",7,
33,C0_a1,0.0,0.0,0.0,0.0,1.0,0.0,0.0,1.0,0.0,0.0,1.0,2.0,shortcut,"(2, 3)",,4
34,C0_a1,0.0,0.0,0.0,0.0,1.0,0.0,0.0,1.0,0.0,0.0,1.0,1.0,shortcut,"(2, 3)",,3
35,C0_a1,0.0,0.0,0.0,0.0,1.0,0.0,0.0,1.0,0.0,0.0,1.0,2.0,shortcut,"(2, 3)",,4
36,C0_a1,0.0,0.0,0.0,0.0,1.0,0.0,0.0,1.0,0.0,0.0,1.0,1.0,shortcut,"(2, 3)",,3
37,C0_a1,0.0,0.0,0.0,0.0,1.0,0.0,0.0,1.0,0.0,0.0,1.0,2.0,shortcut,"(2, 3)",,4
38,C0_a1,0.0,0.0,0.0,0.0,1.0,0.0,0.0,1.0,0.0,0.0,1.0,3.0,shortcut,"(2, 3)",,5
39,C0_a1,0.0,0.0,0.0,0.0,1.0,0.0,0.0,1.0,0.0,0.0,1.0,3.0,shortcut,"(2, 3)",,5
40,C0_a1,0.0,0.0,0.0,0.0,1.0,0.0,0.0,1.0,0.0,0.0,1.0,3.0,shortcut,"(2, 3)",,5
41,C0_a1,1.0,1.0,13.16293830696572,44.0,0.0,0.0,0.0,1.0,0.0,0.0,1.0,3.0,shortcut,"(2, 3)",7,
42,C0_a1,0.0,0.0,0.0,0.0,1.0,0.0,0.0,1.0,0.0,0.0,1.0,3.0,shortcut,"(2, 3)",,5
43,C0_a1,0.0,0.0,0.0,0.0,1.0,0.0,0.0,1.0,0.0,0.0,1.0,1.0,shortcut,"(2, 3)",,3
44,C0_a1,1.0,1.0,13.16293830696572,44.0,0.0,0.0,0.0,1.0,0.0,0.0,1.0,3.0,shortcut,"(2, 3)",7,
45,C0_a1,0.0,0.0,0.0,0.0,1.0,0.0,0.0,1.0,0.0,0.0,1.0,2.0,shortcut,"(2, 3)",,4
46,C0_a1,1.0,1.0,13.16293830696572,44.0,0.0,0.0,0.0,1.0,0.0,0.0,1.0,3.0,shortcut,"(2, 3)",7,
47,C0_a1,0.0,0.0,0.0,0.0,1.0,0.0,0.0,1.0,0.0,0.0,1.0,2.0,shortcut,"(2, 3)",,4
48,C0_a1,0.0,0.0,0.0,0.0,1.0,0.0,0.0,1.0,0.0,0.0,1.0,2.0,shortcut,"(2, 3)",,4
49,C0_a1,0.0,0.0,0.0,0.0,1.0,0.0,0.0,1.0,0.0,0.0,1.0,2.0,shortcut,"(2, 3)",,4
50,C0_a1,1.0,1.0,13.16293830696572,44.0,0.0,0.0,0.0,1.0,0.0,0.0,1.0,3.0,shortcut,"(2, 3)",7,
51,C0_a1,0.0,0.0,0.0,0.0,1.0,0.0,0.0,1.0,0.0,0.0,1.0,2.0,shortcut,"(2, 3)",,4
52,C0_a1,0.0,0.0,0.0,0.0,1.0,0.0,0.0,1.0,0.0,0.0,1.0,3.0,shortcut,"(2, 3)",,5
53,C0_a1,0.0,0.0,0.0,0.0,1.0,0.0,0.0,1.0,0.0,0.0,1.0,2.0,shortcut,"(2, 3)",,4
54,C0_a1,0.0,0.0,0.0,0.0,1.0,0.0,0.0,1.0,0.0,0.0,1.0,3.0,shortcut,"(2, 3)",,5
55,C0_a1,1.0,1.0,13.16293830696572,44.0,0.0,0.0,0.0,1.0,0.0,0.0,1.0,3.0,shortcut,"(2, 3)",7,
56,C0_a1,1.0,1.0,13.16293830696572,44.0,0.0,0.0,0.0,1.0,0.0,0.0,1.0,3.0,shortcut,"(2, 3)",7,
57,C0_a1,1.0,1.0,13.16293830696572,44.0,0.0,0.0,0.0,1.0,0.0,0.0,1.0,3.0,shortcut,"(2, 3)",7,
58,C0_a1,0.0,0.0,0.0,0.0,1.0,0.0,0.0,1.0,0.0,0.0,1.0,1.0,shortcut,"(2, 3)",,3
59,C0_a1,0.0,0.0,0.0,0.0,1.0,0.0,0.0,1.0,0.0,0.0,1.0,1.0,shortcut,"(2, 3)",,3
60,C0_a1,0.0,0.0,0.0,0.0,1.0,0.0,0.0,1.0,0.0,0.0,1.0,2.0,shortcut,"(2, 3)",,4
61,C0_a1,1.0,1.0,13.16293830696572,44.0,0.0,0.0,0.0,1.0,0.0,0.0,1.0,3.0,shortcut,"(2, 3)",7,
62,C0_a1,0.0,0.0,0.0,0.0,1.0,0.0,0.0,1.0,0.0,0.0,1.0,2.0,shortcut,"(2, 3)",,4
63,C0_a1,0.0,0.0,0.0,0.0,1.0,0.0,0.0,1.0,0.0,0.0,1.0,1.0,shortcut,"(2, 3)",,3
64,C0_a1,0.0,0.0,0.0,0.0,1.0,0.0,0.0,1.0,0.0,0.0,1.0,1.0,shortcut,"(2, 3)",,3
65,C0_a1,0.0,0.0,0.0,0.0,1.0,0.0,0.0,1.0,0.0,0.0,1.0,2.0,shortcut,"(2, 3)",,4
66,C0_a1,1.0,1.0,13.16293830696572,44.0,0.0,0.0,0.0,1.0,0.0,0.0,1.0,3.0,shortcut,"(2, 3)",7,
67,C0_a1,0.0,0.0,0.0,0.0,1.0,0.0,0.0,1.0,0.0,0.0,1.0,1.0,shortcut,"(2, 3)",,3
68,C0_a1,1.0,1.0,13.16293830696572,44.0,0.0,0.0,0.0,1.0,0.0,0.0,1.0,3.0,shortcut,"(2, 3)",7,
69,C0_a1,0.0,0.0,0.0,0.0,1.0,0.0,0.0,1.0,0.0,0.0,1.0,1.0,shortcut,"(2, 3)",,3
70,C0_a1,0.0,0.0,0.0,0.0,1.0,0.0,0.0,1.0,0.0,0.0,1.0,1.0,shortcut,"(2, 3)",,3
71,C0_a1,0.0,0.0,0.0,0.0,1.0,0.0,0.0,1.0,0.0,0.0,1.0,1.0,shortcut,"(2, 3)",,3
72,C0_a1,0.0,0.0,0.0,0.0,1.0,0.0,0.0,1.0,0.0,0.0,1.0,1.0,shortcut,"(2, 3)",,3
73,C0_a1,0.0,0.0,0.0,0.0,1.0,0.0,0.0,1.0,0.0,0.0,1.0,2.0,shortcut,"(2, 3)",,4
74,C0_a1,0.0,0.0,0.0,0.0,1.0,0.0,0.0,1.0,0.0,0.0,1.0,2.0,shortcut,"(2, 3)",,4
75,C0_a1,0.0,0.0,0.0,0.0,1.0,0.0,0.0,1.0,0.0,0.0,1.0,1.0,shortcut,"(2, 3)",,3
76,C0_a1,0.0,0.0,0.0,0.0,1.0,0.0,0.0,1.0,0.0,0.0,1.0,1.0,shortcut,"(2, 3)",,3
77,C0_a1,0.0,0.0,0.0,0.0,1.0,0.0,0.0,1.0,0.0,0.0,1.0,2.0,shortcut,"(2, 3)",,4
78,C0_a1,1.0,1.0,13.16293830696572,44.0,0.0,0.0,0.0,1.0,0.0,0.0,1.0,3.0,shortcut,"(2, 3)",7,
79,C0_a1,0.0,0.0,0.0,0.0,1.0,0.0,0.0,1.0,0.0,0.0,1.0,1.0,shortcut,"(2, 3)",,3
80,C0_a1,0.0,0.0,0.0,0.0,1.0,0.0,0.0,1.0,0.0,0.0,1.0,2.0,shortcut,"(2, 3)",,4
81,C0_a1,0.0,0.0,0.0,0.0,1.0,0.0,0.0,1.0,0.0,0.0,1.0,3.0,shortcut,"(2, 3)",,5
82,C0_a1,0.0,0.0,0.0,0.0,1.0,0.0,0.0,1.0,0.0,0.0,1.0,3.0,shortcut,"(2, 3)",,5
83,C0_a1,0.0,0.0,0.0,0.0,1.0,0.0,0.0,1.0,0.0,0.0,1.0,1.0,shortcut,"(2, 3)",,3
84,C0_a1,0.0,0.0,0.0,0.0,1.0,0.0,0.0,1.0,0.0,0.0,1.0,2.0,shortcut,"(2, 3)",,4
85,C0_a1,0.0,0.0,0.0,0.0,1.0,0.0,0.0,1.0,0.0,0.0,1.0,2.0,shortcut,"(2, 3)",,4
86,C0_a1,0.0,0.0,0.0,0.0,1.0,0.0,0.0,1.0,0.0,0.0,1.0,1.0,shortcut,"(2, 3)",,3
87,C0_a1,1.0,1.0,13.16293830696572,44.0,0.0,0.0,0.0,1.0,0.0,0.0,1.0,3.0,shortcut,"(2, 3)",7,
88,C0_a1,0.0,0.0,0.0,0.0,1.0,0.0,0.0,1.0,0.0,0.0,1.0,1.0,shortcut,"(2, 3)",,3
89,C0_a1,1.0,1.0,13.16293830696572,44.0,0.0,0.0,0.0,1.0,0.0,0.0,1.0,3.0,shortcut,"(2, 3)",7,
90,C0_a1,0.0,0.0,0.0,0.0,1.0,0.0,0.0,1.0,0.0,0.0,1.0,1.0,shortcut,"(2, 3)",,3
91,C0_a1,0.0,0.0,0.0,0.0,1.0,0.0,0.0,1.0,0.0,0.0,1.0,1.0,shortcut,"(2, 3)",,3
92,C0_a1,0.0,0.0,0.0,0.0,1.0,0.0,0.0,1.0,0.0,0.0,1.0,2.0,shortcut,"(2, 3)",,4
93,C0_a1,0.0,0.0,0.0,0.0,1.0,0.0,0.0,1.0,0.0,0.0,1.0,2.0,shortcut,"(2, 3)",,4
94,C0_a1,0.0,0.0,0.0,0.0,1.0,0.0,0.0,1.0,0.0,0.0,1.0,2.0,shortcut,"(2, 3)",,4
95,C0_a1,0.0,0.0,0.0,0.0,1.0,0.0,0.0,1.0,0.0,0.0,1.0,2.0,shortcut,"(2, 3)",,4
96,C0_a1,0.0,0.0,0.0,0.0,1.0,0.0,0.0,1.0,0.0,0.0,1.0,2.0,shortcut,"(2, 3)",,4
97,C0_a1,0.0,0.0,0.0,0.0,1.0,0.0,0.0,1.0,0.0,0.0,1.0,1.0,shortcut,"(2, 3)",,3
98,C0_a1,0.0,0.0,0.0,0.0,1.0,0.0,0.0,1.0,0.0,0.0,1.0,2.0,shortcut,"(2, 3)",,4
99,C0_a1,0.0,0.0,0.0,0.0,1.0,0.0,0.0,1.0,0.0,0.0,1.0,3.0,shortcut,"(2, 3)",,5
100,C0_a1,0.0,0.0,0.0,0.0,1.0,0.0,0.0,1.0,0.0,0.0,1.0,1.0,shortcut,"(2, 3)",,3
101,C0_a1,0.0,0.0,0.0,0.0,1.0,0.0,0.0,1.0,0.0,0.0,1.0,1.0,shortcut,"(2, 3)",,3
102,C0_a1,0.0,0.0,0.0,0.0,1.0,0.0,0.0,1.0,0.0,0.0,1.0,1.0,shortcut,"(2, 3)",,3
103,C0_a1,0.0,0.0,0.0,0.0,1.0,0.0,0.0,1.0,0.0,0.0,1.0,2.0,shortcut,"(2, 3)",,4
104,C0_a1,0.0,0.0,0.0,0.0,1.0,0.0,0.0,1.0,0.0,0.0,1.0,3.0,shortcut,"(2, 3)",,5
105,C0_a1,0.0,0.0,0.0,0.0,1.0,0.0,0.0,1.0,0.0,0.0,1.0,3.0,shortcut,"(2, 3)",,5
106,C0_a1,1.0,1.0,13.16293830696572,44.0,0.0,0.0,0.0,1.0,0.0,0.0,1.0,3.0,shortcut,"(2, 3)",7,
107,C0_a1,0.0,0.0,0.0,0.0,1.0,0.0,0.0,1.0,0.0,0.0,1.0,1.0,shortcut,"(2, 3)",,3
108,C0_a1,1.0,1.0,13.16293830696572,44.0,0.0,0.0,0.0,1.0,0.0,0.0,1.0,3.0,shortcut,"(2, 3)",7,
109,C0_a1,0.0,0.0,0.0,0.0,1.0,0.0,0.0,1.0,0.0,0.0,1.0,2.0,shortcut,"(2, 3)",,4
110,C0_a1,0.0,0.0,0.0,0.0,1.0,0.0,0.0,1.0,0.0,0.0,1.0,1.0,shortcut,"(2, 3)",,3
111,C0_a1,0.0,0.0,0.0,0.0,1.0,0.0,0.0,1.0,0.0,0.0,1.0,3.0,shortcut,"(2, 3)",,5
112,C0_a1,0.0,0.0,0.0,0.0,1.0,0.0,0.0,1.0,0.0,0.0,1.0,1.0,shortcut,"(2, 3)",,3
113,C0_a1,0.0,0.0,0.0,0.0,1.0,0.0,0.0,1.0,0.0,0.0,1.0,1.0,shortcut,"(2, 3)",,3
114,C0_a1,1.0,1.0,13.16293830696572,44.0,0.0,0.0,0.0,1.0,0.0,0.0,1.0,3.0,shortcut,"(2, 3)",7,
115,C0_a1,1.0,1.0,13.16293830696572,44.0,0.0,0.0,0.0,1.0,0.0,0.0,1.0,3.0,shortcut,"(2, 3)",7,
116,C0_a1,0.0,0.0,0.0,0.0,1.0,0.0,0.0,1.0,0.0,0.0,1.0,2.0,shortcut,"(2, 3)",,4
117,C0_a1,0.0,0.0,0.0,0.0,1.0,0.0,0.0,1.0,0.0,0.0,1.0,3.0,shortcut,"(2, 3)",,5
118,C0_a1,0.0,0.0,0.0,0.0,1.0,0.0,0.0,1.0,0.0,0.0,1.0,1.0,shortcut,"(2, 3)",,3
119,C0_a1,0.0,0.0,0.0,0.0,1.0,0.0,0.0,1.0,0.0,0.0,1.0,2.0,shortcut,"(2, 3)",,4
120,C0_a1,0.0,0.0,0.0,0.0,1.0,0.0,0.0,1.0,0.0,0.0,1.0,3.0,shortcut,"(2, 3)",,5
121,C0_a1,1.0,1.0,13.16293830696572,44.0,0.0,0.0,0.0,1.0,0.0,0.0,1.0,3.0,shortcut,"(2, 3)",7,
122,C0_a1,1.0,1.0,13.16293830696572,44.0,0.0,0.0,0.0,1.0,0.0,0.0,1.0,3.0,shortcut,"(2, 3)",7,
123,C0_a1,0.0,0.0,0.0,0.0,1.0,0.0,0.0,1.0,0.0,0.0,1.0,3.0,shortcut,"(2, 3)",,5
124,C0_a1,0.0,0.0,0.0,0.0,1.0,0.0,0.0,1.0,0.0,0.0,1.0,2.0,shortcut,"(2, 3)",,4
125,C0_a1,1.0,1.0,13.16293830696572,44.0,0.0,0.0,0.0,1.0,0.0,0.0,1.0,3.0,shortcut,"(2, 3)",7,
126,C0_a1,1.0,1.0,13.16293830696572,44.0,0.0,0.0,0.0,1.0,0.0,0.0,1.0,3.0,shortcut,"(2, 3)",7,
127,C0_a1,1.0,1.0,13.16293830696572,44.0,0.0,0.0,0.0,1.0,0.0,0.0,1.0,3.0,shortcut,"(2, 3)",7,
128,C0_a1,0.0,0.0,0.0,0.0,1.0,0.0,0.0,1.0,0.0,0.0,1.0,1.0,shortcut,"(2, 3)",,3
129,C0_a1,0.0,0.0,0.0,0.0,1.0,0.0,0.0,1.0,0.0,0.0,1.0,2.0,shortcut,"(2, 3)",,4
130,C0_a1,1.0,1.0,13.16293830696572,44.0,0.0,0.0,0.0,1.0,0.0,0.0,1.0,3.0,shortcut,"(2, 3)",7,
131,C0_a1,0.0,0.0,0.0,0.0,1.0,0.0,0.0,1.0,0.0,0.0,1.0,2.0,shortcut,"(2, 3)",,4
132,C0_a1,0.0,0.0,0.0,0.0,1.0,0.0,0.0,1.0,0.0,0.0,1.0,2.0,shortcut,"(2, 3)",,4
133,C0_a1,0.0,0.0,0.0,0.0,1.0,0.0,0.0,1.0,0.0,0.0,1.0,1.0,shortcut,"(2, 3)",,3
134,C0_a1,0.0,0.0,0.0,0.0,1.0,0.0,0.0,1.0,0.0,0.0,1.0,1.0,shortcut,"(2, 3)",,3
135,C0_a1,1.0,1.0,13.16293830696572,44.0,0.0,0.0,0.0,1.0,0.0,0.0,1.0,3.0,shortcut,"(2, 3)",7,
136,C0_a1,0.0,0.0,0.0,0.0,1.0,0.0,0.0,1.0,0.0,0.0,1.0,1.0,shortcut,"(2, 3)",,3
137,C0_a1,0.0,0.0,0.0,0.0,1.0,0.0,0.0,1.0,0.0,0.0,1.0,1.0,shortcut,"(2, 3)",,3
138,C0_a1,1.0,1.0,13.16293830696572,44.0,0.0,0.0,0.0,1.0,0.0,0.0,1.0,3.0,shortcut,"(2, 3)",7,
139,C0_a1,1.0,1.0,13.16293830696572,44.0,0.0,0.0,0.0,1.0,0.0,0.0,1.0,3.0,shortcut,"(2, 3)",7,
140,C0_a1,1.0,1.0,13.16293830696572,44.0,0.0,0.0,0.0,1.0,0.0,0.0,1.0,3.0,shortcut,"(2, 3)",7,
141,C0_a1,0.0,0.0,0.0,0.0,1.0,0.0,0.0,1.0,0.0,0.0,1.0,2.0,shortcut,"(2, 3)",,4
142,C0_a1,0.0,0.0,0.0,0.0,1.0,0.0,0.0,1.0,0.0,0.0,1.0,2.0,shortcut,"(2, 3)",,4
143,C0_a1,1.0,1.0,13.16293830696572,44.0,0.0,0.0,0.0,1.0,0.0,0.0,1.0,3.0,shortcut,"(2, 3)",7,
144,C0_a1,0.0,0.0,0.0,0.0,1.0,0.0,0.0,1.0,0.0,0.0,1.0,2.0,shortcut,"(2, 3)",,4
145,C0_a1,1.0,1.0,13.16293830696572,44.0,0.0,0.0,0.0,1.0,0.0,0.0,1.0,3.0,shortcut,"(2, 3)",7,
146,C0_a1,0.0,0.0,0.0,0.0,1.0,0.0,0.0,1.0,0.0,0.0,1.0,3.0,shortcut,"(2, 3)",,5
147,C0_a1,0.0,0.0,0.0,0.0,1.0,0.0,0.0,1.0,0.0,0.0,1.0,1.0,shortcut,"(2, 3)",,3
148,C0_a1,0.0,0.0,0.0,0.0,1.0,0.0,0.0,1.0,0.0,0.0,1.0,2.0,shortcut,"(2, 3)",,4
149,C0_a1,1.0,1.0,13.16293830696572,44.0,0.0,0.0,0.0,1.0,0.0,0.0,1.0,3.0,shortcut,"(2, 3)",7,
150,C0_a1,0.0,0.0,0.0,0.0,1.0,0.0,0.0,1.0,0.0,0.0,1.0,2.0,shortcut,"(2, 3)",,4
151,C0_a1,0.0,0.0,0.0,0.0,1.0,0.0,0.0,1.0,0.0,0.0,1.0,1.0,shortcut,"(2, 3)",,3
152,C0_a1,0.0,0.0,0.0,0.0,1.0,0.0,0.0,1.0,0.0,0.0,1.0,2.0,shortcut,"(2, 3)",,4
153,C0_a1,1.0,1.0,13.16293830696572,44.0,0.0,0.0,0.0,1.0,0.0,0.0,1.0,3.0,shortcut,"(2, 3)",7,
154,C0_a1,0.0,0.0,0.0,0.0,1.0,0.0,0.0,1.0,0.0,0.0,1.0,3.0,shortcut,"(2, 3)",,5
155,C0_a1,0.0,0.0,0.0,0.0,1.0,0.0,0.0,1.0,0.0,0.0,1.0,2.0,shortcut,"(2, 3)",,4
156,C0_a1,0.0,0.0,0.0,0.0,1.0,0.0,0.0,1.0,0.0,0.0,1.0,2.0,shortcut,"(2, 3)",,4
157,C0_a1,0.0,0.0,0.0,0.0,1.0,0.0,0.0,1.0,0.0,0.0,1.0,1.0,shortcut,"(2, 3)",,3
158,C0_a1,0.0,0.0,0.0,0.0,1.0,0.0,0.0,1.0,0.0,0.0,1.0,2.0,shortcut,"(2, 3)",,4
159,C0_a1,0.0,0.0,0.0,0.0,1.0,0.0,0.0,1.0,0.0,0.0,1.0,1.0,shortcut,"(2, 3)",,3
160,C0_a1,0.0,0.0,0.0,0.0,1.0,0.0,0.0,1.0,0.0,0.0,1.0,3.0,shortcut,"(2, 3)",,5
161,C0_a1,0.0,0.0,0.0,0.0,1.0,0.0,0.0,1.0,0.0,0.0,1.0,3.0,shortcut,"(2, 3)",,5
162,C0_a1,1.0,1.0,13.16293830696572,44.0,0.0,0.0,0.0,1.0,0.0,0.0,1.0,3.0,shortcut,"(2, 3)",7,
163,C0_a1,1.0,1.0,13.16293830696572,44.0,0.0,0.0,0.0,1.0,0.0,0.0,1.0,3.0,shortcut,"(2, 3)",7,
164,C0_a1,0.0,0.0,0.0,0.0,1.0,0.0,0.0,1.0,0.0,0.0,1.0,3.0,shortcut,"(2, 3)",,5
165,C0_a1,0.0,0.0,0.0,0.0,1.0,0.0,0.0,1.0,0.0,0.0,1.0,1.0,shortcut,"(2, 3)",,3
166,C0_a1,0.0,0.0,0.0,0.0,1.0,0.0,0.0,1.0,0.0,0.0,1.0,3.0,shortcut,"(2, 3)",,5
167,C0_a1,1.0,1.0,13.16293830696572,44.0,0.0,0.0,0.0,1.0,0.0,0.0,1.0,3.0,shortcut,"(2, 3)",7,
168,C0_a1,1.0,1.0,13.16293830696572,44.0,0.0,0.0,0.0,1.0,0.0,0.0,1.0,3.0,shortcut,"(2, 3)",7,
169,C0_a1,1.0,1.0,13.16293830696572,44.0,0.0,0.0,0.0,1.0,0.0,0.0,1.0,3.0,shortcut,"(2, 3)",7,
170,C0_a1,0.0,0.0,0.0,0.0,1.0,0.0,0.0,1.0,0.0,0.0,1.0,2.0,shortcut,"(2, 3)",,4
171,C0_a1,0.0,0.0,0.0,0.0,1.0,0.0,0.0,1.0,0.0,0.0,1.0,1.0,shortcut,"(2, 3)",,3
172,C0_a1,0.0,0.0,0.0,0.0,1.0,0.0,0.0,1.0,0.0,0.0,1.0,1.0,shortcut,"(2, 3)",,3
173,C0_a1,0.0,0.0,0.0,0.0,1.0,0.0,0.0,1.0,0.0,0.0,1.0,1.0,shortcut,"(2, 3)",,3
174,C0_a1,0.0,0.0,0.0,0.0,1.0,0.0,0.0,1.0,0.0,0.0,1.0,2.0,shortcut,"(2, 3)",,4
175,C0_a1,1.0,1.0,13.16293830696572,44.0,0.0,0.0,0.0,1.0,0.0,0.0,1.0,3.0,shortcut,"(2, 3)",7,
176,C0_a1,0.0,0.0,0.0,0.0,1.0,0.0,0.0,1.0,0.0,0.0,1.0,2.0,shortcut,"(2, 3)",,4
177,C0_a1,0.0,0.0,0.0,0.0,1.0,0.0,0.0,1.0,0.0,0.0,1.0,2.0,shortcut,"(2, 3)",,4
178,C0_a1,0.0,0.0,0.0,0.0,1.0,0.0,0.0,1.0,0.0,0.0,1.0,1.0,shortcut,"(2, 3)",,3
179,C0_a1,1.0,1.0,13.16293830696572,44.0,0.0,0.0,0.0,1.0,0.0,0.0,1.0,3.0,shortcut,"(2, 3)",7,
180,C0_a1,1.0,1.0,13.16293830696572,44.0,0.0,0.0,0.0,1.0,0.0,0.0,1.0,3.0,shortcut,"(2, 3)",7,
181,C0_a1,1.0,1.0,13.16293830696572,44.0,0.0,0.0,0.0,1.0,0.0,0.0,1.0,3.0,shortcut,"(2, 3)",7,
182,C0_a1,0.0,0.0,0.0,0.0,1.0,0.0,0.0,1.0,0.0,0.0,1.0,3.0,shortcut,"(2, 3)",,5
183,C0_a1,1.0,1.0,13.16293830696572,44.0,0.0,0.0,0.0,1.0,0.0,0.0,1.0,3.0,shortcut,"(2, 3)",7,
184,C0_a1,0.0,0.0,0.0,0.0,1.0,0.0,0.0,1.0,0.0,0.0,1.0,1.0,shortcut,"(2, 3)",,3
185,C0_a1,0.0,0.0,0.0,0.0,1.0,0.0,0.0,1.0,0.0,0.0,1.0,1.0,shortcut,"(2, 3)",,3
186,C0_a1,0.0,0.0,0.0,0.0,1.0,0.0,0.0,1.0,0.0,0.0,1.0,1.0,shortcut,"(2, 3)",,3
187,C0_a1,0.0,0.0,0.0,0.0,1.0,0.0,0.0,1.0,0.0,0.0,1.0,1.0,shortcut,"(2, 3)",,3
188,C0_a1,0.0,0.0,0.0,0.0,1.0,0.0,0.0,1.0,0.0,0.0,1.0,1.0,shortcut,"(2, 3)",,3
189,C0_a1,1.0,1.0,13.16293830696572,44.0,0.0,0.0,0.0,1.0,0.0,0.0,1.0,3.0,shortcut,"(2, 3)",7,
190,C0_a1,0.0,0.0,0.0,0.0,1.0,0.0,0.0,1.0,0.0,0.0,1.0,2.0,shortcut,"(2, 3)",,4
191,C0_a1,1.0,1.0,13.16293830696572,44.0,0.0,0.0,0.0,1.0,0.0,0.0,1.0,3.0,shortcut,"(2, 3)",7,
192,C0_a1,1.0,1.0,13.16293830696572,44.0,0.0,0.0,0.0,1.0,0.0,0.0,1.0,3.0,shortcut,"(2, 3)",7,
193,C0_a1,0.0,0.0,0.0,0.0,1.0,0.0,0.0,1.0,0.0,0.0,1.0,1.0,shortcut,"(2, 3)",,3
194,C0_a1,0.0,0.0,0.0,0.0,1.0,0.0,0.0,1.0,0.0,0.0,1.0,1.0,shortcut,"(2, 3)",,3
195,C0_a1,1.0,1.0,13.16293830696572,44.0,0.0,0.0,0.0,1.0,0.0,0.0,1.0,3.0,shortcut,"(2, 3)",7,
196,C0_a1,1.0,1.0,13.16293830696572,44.0,0.0,0.0,0.0,1.0,0.0,0.0,1.0,3.0,shortcut,"(2, 3)",7,
197,C0_a1,1.0,1.0,13.16293830696572,44.0,0.0,0.0,0.0,1.0,0.0,0.0,1.0,3.0,shortcut,"(2, 3)",7,
198,C0_a1,0.0,0.0,0.0,0.0,1.0,0.0,0.0,1.0,0.0,0.0,1.0,1.0,shortcut,"(2, 3)",,3
199,C0_a1,1.0,1.0,13.16293830696572,44.0,0.0,0.0,0.0,1.0,0.0,0.0,1.0,3.0,shortcut,"(2, 3)",7,
0,C0_a2,1.0,1.0,11.72950912024697,42.0,0.0,1.0,1.0,0.0,0.0,1.0,0.0,0.0,lower,"(1, 2)",9,
1,C0_a2,0.0,0.0,0.0,0.0,1.0,0.0,0.0,1.0,0.0,0.0,1.0,1.0,shortcut,"(2, 3)",,3
2,C0_a2,0.0,0.0,0.0,0.0,1.0,0.0,0.0,1.0,0.0,0.0,1.0,2.0,shortcut,"(2, 3)",,4
3,C0_a2,1.0,1.0,11.72950912024697,42.0,0.0,1.0,1.0,0.0,0.0,1.0,0.0,0.0,lower,"(1, 2)",9,
4,C0_a2,1.0,1.0,11.72950912024697,42.0,0.0,1.0,1.0,0.0,0.0,1.0,0.0,0.0,lower,"(1, 2)",9,
5,C0_a2,1.0,1.0,11.72950912024697,42.0,0.0,1.0,1.0,0.0,0.0,1.0,0.0,0.0,lower,"(1, 2)",9,
6,C0_a2,1.0,1.0,13.16293830696572,44.0,0.0,0.0,0.0,1.0,0.0,0.0,1.0,3.0,shortcut,"(2, 3)",7,
7,C0_a2,1.0,1.0,13.16293830696572,44.0,0.0,0.0,0.0,1.0,0.0,0.0,1.0,3.0,shortcut,"(2, 3)",7,
8,C0_a2,0.0,0.0,0.0,0.0,1.0,0.0,0.0,1.0,0.0,0.0,1.0,1.0,shortcut,"(2, 3)",,3
9,C0_a2,1.0,1.0,11.72950912024697,42.0,0.0,1.0,1.0,0.0,0.0,1.0,0.0,0.0,lower,"(1, 2)",9,
10,C0_a2,1.0,1.0,11.72950912024697,42.0,0.0,1.0,1.0,0.0,0.0,1.0,0.0,0.0,lower,"(1, 2)",9,
11,C0_a2,0.0,0.0,0.0,0.0,1.0,0.0,0.0,1.0,0.0,0.0,1.0,2.0,shortcut,"(2, 3)",,4
12,C0_a2,1.0,1.0,13.16293830696572,44.0,0.0,0.0,0.0,1.0,0.0,0.0,1.0,3.0,shortcut,"(2, 3)",7,
13,C0_a2,1.0,1.0,11.72950912024697,42.0,0.0,1.0,1.0,0.0,0.0,1.0,0.0,0.0,lower,"(1, 2)",9,
14,C0_a2,1.0,1.0,13.16293830696572,44.0,0.0,0.0,0.0,1.0,0.0,0.0,1.0,3.0,shortcut,"(2, 3)",7,
15,C0_a2,0.0,0.0,0.0,0.0,1.0,0.0,0.0,1.0,0.0,0.0,1.0,1.0,shortcut,"(2, 3)",,3
16,C0_a2,0.0,0.0,0.0,0.0,1.0,0.0,0.0,1.0,0.0,0.0,1.0,1.0,shortcut,"(2, 3)",,3
17,C0_a2,1.0,1.0,13.16293830696572,44.0,0.0,0.0,0.0,1.0,0.0,0.0,1.0,3.0,shortcut,"(2, 3)",7,
18,C0_a2,0.0,0.0,0.0,0.0,1.0,0.0,0.0,1.0,0.0,0.0,1.0,3.0,shortcut,"(2, 3)",,5
19,C0_a2,1.0,1.0,11.72950912024697,42.0,0.0,1.0,1.0,0.0,0.0,1.0,0.0,0.0,lower,"(1, 2)",9,
20,C0_a2,0.0,0.0,0.0,0.0,1.0,0.0,0.0,1.0,0.0,0.0,1.0,1.0,shortcut,"(2, 3)",,3
21,C0_a2,1.0,1.0,13.16293830696572,44.0,0.0,0.0,0.0,1.0,0.0,0.0,1.0,3.0,shortcut,"(2, 3)",7,
22,C0_a2,1.0,1.0,11.72950912024697,42.0,0.0,1.0,1.0,0.0,0.0,1.0,0.0,0.0,lower,"(1, 2)",9,
23,C0_a2,1.0,1.0,11.72950912024697,42.0,0.0,1.0,1.0,0.0,0.0,1.0,0.0,0.0,lower,"(1, 2)",9,
24,C0_a2,0.0,0.0,0.0,0.0,1.0,0.0,0.0,1.0,0.0,0.0,1.0,1.0,shortcut,"(2, 3)",,3
25,C0_a2,1.0,1.0,13.16293830696572,44.0,0.0,0.0,0.0,1.0,0.0,0.0,1.0,3.0,shortcut,"(2, 3)",7,
26,C0_a2,1.0,1.0,13.16293830696572,44.0,0.0,0.0,0.0,1.0,0.0,0.0,1.0,4.0,shortcut,"(2, 3)",7,
27,C0_a2,0.0,0.0,0.0,0.0,1.0,0.0,0.0,1.0,0.0,0.0,1.0,3.0,shortcut,"(2, 3)",,5
28,C0_a2,1.0,1.0,13.16293830696572,44.0,0.0,0.0,0.0,1.0,0.0,0.0,1.0,3.0,shortcut,"(2, 3)",7,
29,C0_a2,0.0,0.0,0.0,0.0,1.0,0.0,0.0,1.0,0.0,0.0,1.0,2.0,shortcut,"(2, 3)",,4
30,C0_a2,0.0,0.0,0.0,0.0,1.0,0.0,0.0,1.0,0.0,0.0,1.0,3.0,shortcut,"(2, 3)",,5
31,C0_a2,1.0,1.0,11.72950912024697,42.0,0.0,1.0,1.0,0.0,0.0,1.0,0.0,0.0,lower,"(1, 2)",9,
32,C0_a2,1.0,1.0,13.16293830696572,44.0,0.0,0.0,0.0,1.0,0.0,0.0,1.0,3.0,shortcut,"(2, 3)",7,
33,C0_a2,0.0,0.0,0.0,0.0,1.0,0.0,0.0,1.0,0.0,0.0,1.0,2.0,shortcut,"(2, 3)",,4
34,C0_a2,1.0,1.0,11.72950912024697,42.0,0.0,1.0,1.0,0.0,0.0,1.0,0.0,0.0,lower,"(1, 2)",9,
35,C0_a2,0.0,0.0,0.0,0.0,1.0,0.0,0.0,1.0,0.0,0.0,1.0,2.0,shortcut,"(2, 3)",,4
36,C0_a2,0.0,0.0,0.0,0.0,1.0,0.0,0.0,1.0,0.0,0.0,1.0,1.0,shortcut,"(2, 3)",,3
37,C0_a2,0.0,0.0,0.0,0.0,1.0,0.0,0.0,1.0,0.0,0.0,1.0,2.0,shortcut,"(2, 3)",,4
38,C0_a2,0.0,0.0,0.0,0.0,1.0,0.0,0.0,1.0,0.0,0.0,1.0,3.0,shortcut,"(2, 3)",,5
39,C0_a2,1.0,1.0,13.16293830696572,44.0,0.0,0.0,0.0,1.0,0.0,0.0,1.0,4.0,shortcut,"(2, 3)",7,
40,C0_a2,1.0,1.0,11.72950912024697,42.0,0.0,1.0,1.0,0.0,0.0,1.0,0.0,0.0,lower,"(1, 2)",9,
41,C0_a2,1.0,1.0,13.16293830696572,44.0,0.0,0.0,0.0,1.0,0.0,0.0,1.0,3.0,shortcut,"(2, 3)",7,
42,C0_a2,1.0,1.0,11.72950912024697,42.0,0.0,1.0,1.0,0.0,0.0,1.0,0.0,0.0,lower,"(1, 2)",9,
43,C0_a2,0.0,0.0,0.0,0.0,1.0,0.0,0.0,1.0,0.0,0.0,1.0,1.0,shortcut,"(2, 3)",,3
44,C0_a2,1.0,1.0,11.72950912024697,42.0,0.0,1.0,1.0,0.0,0.0,1.0,0.0,0.0,lower,"(1, 2)",9,
45,C0_a2,1.0,1.0,11.72950912024697,42.0,0.0,1.0,1.0,0.0,0.0,1.0,0.0,0.0,lower,"(1, 2)",9,
46,C0_a2,1.0,1.0,11.72950912024697,42.0,0.0,1.0,1.0,0.0,0.0,1.0,0.0,0.0,lower,"(1, 2)",9,
47,C0_a2,0.0,0.0,0.0,0.0,1.0,0.0,0.0,1.0,0.0,0.0,1.0,2.0,shortcut,"(2, 3)",,4
48,C0_a2,0.0,0.0,0.0,0.0,1.0,0.0,0.0,1.0,0.0,0.0,1.0,2.0,shortcut,"(2, 3)",,4
49,C0_a2,1.0,1.0,11.72950912024697,42.0,0.0,1.0,1.0,0.0,0.0,1.0,0.0,0.0,lower,"(1, 2)",9,
50,C0_a2,1.0,1.0,11.72950912024697,42.0,0.0,1.0,1.0,0.0,0.0,1.0,0.0,0.0,lower,"(1, 2)",9,
51,C0_a2,1.0,1.0,11.72950912024697,42.0,0.0,1.0,1.0,0.0,0.0,1.0,0.0,0.0,lower,"(1, 2)",9,
52,C0_a2,0.0,0.0,0.0,0.0,1.0,0.0,0.0,1.0,0.0,0.0,1.0,3.0,shortcut,"(2, 3)",,5
53,C0_a2,0.0,0.0,0.0,0.0,1.0,0.0,0.0,1.0,0.0,0.0,1.0,2.0,shortcut,"(2, 3)",,4
54,C0_a2,0.0,0.0,0.0,0.0,1.0,0.0,0.0,1.0,0.0,0.0,1.0,3.0,shortcut,"(2, 3)",,5
55,C0_a2,1.0,1.0,13.16293830696572,44.0,0.0,0.0,0.0,1.0,0.0,0.0,1.0,3.0,shortcut,"(2, 3)",7,
56,C0_a2,1.0,1.0,13.16293830696572,44.0,0.0,0.0,0.0,1.0,0.0,0.0,1.0,3.0,shortcut,"(2, 3)",7,
57,C0_a2,1.0,1.0,13.16293830696572,44.0,0.0,0.0,0.0,1.0,0.0,0.0,1.0,3.0,shortcut,"(2, 3)",7,
58,C0_a2,1.0,1.0,11.72950912024697,42.0,0.0,1.0,1.0,0.0,0.0,1.0,0.0,0.0,lower,"(1, 2)",9,
59,C0_a2,1.0,1.0,11.72950912024697,42.0,0.0,1.0,1.0,0.0,0.0,1.0,0.0,0.0,lower,"(1, 2)",9,
60,C0_a2,1.0,1.0,11.72950912024697,42.0,0.0,1.0,1.0,0.0,0.0,1.0,0.0,0.0,lower,"(1, 2)",9,
61,C0_a2,1.0,1.0,13.16293830696572,44.0,0.0,0.0,0.0,1.0,0.0,0.0,1.0,3.0,shortcut,"(2, 3)",7,
62,C0_a2,0.0,0.0,0.0,0.0,1.0,0.0,0.0,1.0,0.0,0.0,1.0,2.0,shortcut,"(2, 3)",,4
63,C0_a2,1.0,1.0,11.72950912024697,42.0,0.0,1.0,1.0,0.0,0.0,1.0,0.0,0.0,lower,"(1, 2)",9,
64,C0_a2,0.0,0.0,0.0,0.0,1.0,0.0,0.0,1.0,0.0,0.0,1.0,1.0,shortcut,"(2, 3)",,3
65,C0_a2,0.0,0.0,0.0,0.0,1.0,0.0,0.0,1.0,0.0,0.0,1.0,2.0,shortcut,"(2, 3)",,4
66,C0_a2,1.0,1.0,11.72950912024697,42.0,0.0,1.0,1.0,0.0,0.0,1.0,0.0,0.0,lower,"(1, 2)",9,
67,C0_a2,0.0,0.0,0.0,0.0,1.0,0.0,0.0,1.0,0.0,0.0,1.0,1.0,shortcut,"(2, 3)",,3
68,C0_a2,1.0,1.0,13.16293830696572,44.0,0.0,0.0,0.0,1.0,0.0,0.0,1.0,3.0,shortcut,"(2, 3)",7,
69,C0_a2,0.0,0.0,0.0,0.0,1.0,0.0,0.0,1.0,0.0,0.0,1.0,1.0,shortcut,"(2, 3)",,3
70,C0_a2,1.0,1.0,11.72950912024697,42.0,0.0,1.0,1.0,0.0,0.0,1.0,0.0,0.0,lower,"(1, 2)",9,
71,C0_a2,1.0,1.0,11.72950912024697,42.0,0.0,1.0,1.0,0.0,0.0,1.0,0.0,0.0,lower,"(1, 2)",9,
72,C0_a2,0.0,0.0,0.0,0.0,1.0,0.0,0.0,1.0,0.0,0.0,1.0,1.0,shortcut,"(2, 3)",,3
73,C0_a2,0.0,0.0,0.0,0.0,1.0,0.0,0.0,1.0,0.0,0.0,1.0,2.0,shortcut,"(2, 3)",,4
74,C0_a2,1.0,1.0,11.72950912024697,42.0,0.0,1.0,1.0,0.0,0.0,1.0,0.0,0.0,lower,"(1, 2)",9,
75,C0_a2,0.0,0.0,0.0,0.0,1.0,0.0,0.0,1.0,0.0,0.0,1.0,1.0,shortcut,"(2, 3)",,3
76,C0_a2,1.0,1.0,11.72950912024697,42.0,0.0,1.0,1.0,0.0,0.0,1.0,0.0,0.0,lower,"(1, 2)",9,
77,C0_a2,1.0,1.0,11.72950912024697,42.0,0.0,1.0,1.0,0.0,0.0,1.0,0.0,0.0,lower,"(1, 2)",9,
78,C0_a2,1.0,1.0,13.16293830696572,44.0,0.0,0.0,0.0,1.0,0.0,0.0,1.0,3.0,shortcut,"(2, 3)",7,
79,C0_a2,0.0,0.0,0.0,0.0,1.0,0.0,0.0,1.0,0.0,0.0,1.0,1.0,shortcut,"(2, 3)",,3
80,C0_a2,0.0,0.0,0.0,0.0,1.0,0.0,0.0,1.0,0.0,0.0,1.0,2.0,shortcut,"(2, 3)",,4
81,C0_a2,0.0,0.0,0.0,0.0,1.0,0.0,0.0,1.0,0.0,0.0,1.0,3.0,shortcut,"(2, 3)",,5
82,C0_a2,0.0,0.0,0.0,0.0,1.0,0.0,0.0,1.0,0.0,0.0,1.0,3.0,shortcut,"(2, 3)",,5
83,C0_a2,0.0,0.0,0.0,0.0,1.0,0.0,0.0,1.0,0.0,0.0,1.0,1.0,shortcut,"(2, 3)",,3
84,C0_a2,0.0,0.0,0.0,0.0,1.0,0.0,0.0,1.0,0.0,0.0,1.0,2.0,shortcut,"(2, 3)",,4
85,C0_a2,0.0,0.0,0.0,0.0,1.0,0.0,0.0,1.0,0.0,0.0,1.0,2.0,shortcut,"(2, 3)",,4
86,C0_a2,0.0,0.0,0.0,0.0,1.0,0.0,0.0,1.0,0.0,0.0,1.0,1.0,shortcut,"(2, 3)",,3
87,C0_a2,1.0,1.0,13.16293830696572,44.0,0.0,0.0,0.0,1.0,0.0,0.0,1.0,3.0,shortcut,"(2, 3)",7,
88,C0_a2,0.0,0.0,0.0,0.0,1.0,0.0,0.0,1.0,0.0,0.0,1.0,1.0,shortcut,"(2, 3)",,3
89,C0_a2,1.0,1.0,13.16293830696572,44.0,0.0,0.0,0.0,1.0,0.0,0.0,1.0,3.0,shortcut,"(2, 3)",7,
90,C0_a2,1.0,1.0,11.72950912024697,42.0,0.0,1.0,1.0,0.0,0.0,1.0,0.0,0.0,lower,"(1, 2)",9,
91,C0_a2,0.0,0.0,0.0,0.0,1.0,0.0,0.0,1.0,0.0,0.0,1.0,1.0,shortcut,"(2, 3)",,3
92,C0_a2,1.0,1.0,11.72950912024697,42.0,0.0,1.0,1.0,0.0,0.0,1.0,0.0,0.0,lower,"(1, 2)",9,
93,C0_a2,0.0,0.0,0.0,0.0,1.0,0.0,0.0,1.0,0.0,0.0,1.0,2.0,shortcut,"(2, 3)",,4
94,C0_a2,0.0,0.0,0.0,0.0,1.0,0.0,0.0,1.0,0.0,0.0,1.0,2.0,shortcut,"(2, 3)",,4
95,C0_a2,1.0,1.0,11.72950912024697,42.0,0.0,1.0,1.0,0.0,0.0,1.0,0.0,0.0,lower,"(1, 2)",9,
96,C0_a2,0.0,0.0,0.0,0.0,1.0,0.0,0.0,1.0,0.0,0.0,1.0,2.0,shortcut,"(2, 3)",,4
97,C0_a2,0.0,0.0,0.0,0.0,1.0,0.0,0.0,1.0,0.0,0.0,1.0,1.0,shortcut,"(2, 3)",,3
98,C0_a2,0.0,0.0,0.0,0.0,1.0,0.0,0.0,1.0,0.0,0.0,1.0,2.0,shortcut,"(2, 3)",,4
99,C0_a2,0.0,0.0,0.0,0.0,1.0,0.0,0.0,1.0,0.0,0.0,1.0,3.0,shortcut,"(2, 3)",,5
100,C0_a2,0.0,0.0,0.0,0.0,1.0,0.0,0.0,1.0,0.0,0.0,1.0,1.0,shortcut,"(2, 3)",,3
101,C0_a2,0.0,0.0,0.0,0.0,1.0,0.0,0.0,1.0,0.0,0.0,1.0,1.0,shortcut,"(2, 3)",,3
102,C0_a2,0.0,0.0,0.0,0.0,1.0,0.0,0.0,1.0,0.0,0.0,1.0,1.0,shortcut,"(2, 3)",,3
103,C0_a2,1.0,1.0,11.72950912024697,42.0,0.0,1.0,1.0,0.0,0.0,1.0,0.0,0.0,lower,"(1, 2)",9,
104,C0_a2,1.0,1.0,11.72950912024697,42.0,0.0,1.0,1.0,0.0,0.0,1.0,0.0,0.0,lower,"(1, 2)",9,
105,C0_a2,1.0,1.0,13.16293830696572,44.0,0.0,0.0,0.0,1.0,0.0,0.0,1.0,4.0,shortcut,"(2, 3)",7,
106,C0_a2,1.0,1.0,11.72950912024697,42.0,0.0,1.0,1.0,0.0,0.0,1.0,0.0,0.0,lower,"(1, 2)",9,
107,C0_a2,0.0,0.0,0.0,0.0,1.0,0.0,0.0,1.0,0.0,0.0,1.0,1.0,shortcut,"(2, 3)",,3
108,C0_a2,1.0,1.0,13.16293830696572,44.0,0.0,0.0,0.0,1.0,0.0,0.0,1.0,3.0,shortcut,"(2, 3)",7,
109,C0_a2,1.0,1.0,11.72950912024697,42.0,0.0,1.0,1.0,0.0,0.0,1.0,0.0,0.0,lower,"(1, 2)",9,
110,C0_a2,0.0,0.0,0.0,0.0,1.0,0.0,0.0,1.0,0.0,0.0,1.0,1.0,shortcut,"(2, 3)",,3
111,C0_a2,1.0,1.0,11.72950912024697,42.0,0.0,1.0,1.0,0.0,0.0,1.0,0.0,0.0,lower,"(1, 2)",9,
112,C0_a2,0.0,0.0,0.0,0.0,1.0,0.0,0.0,1.0,0.0,0.0,1.0,1.0,shortcut,"(2, 3)",,3
113,C0_a2,0.0,0.0,0.0,0.0,1.0,0.0,0.0,1.0,0.0,0.0,1.0,1.0,shortcut,"(2, 3)",,3
114,C0_a2,1.0,1.0,13.16293830696572,44.0,0.0,0.0,0.0,1.0,0.0,0.0,1.0,3.0,shortcut,"(2, 3)",7,
115,C0_a2,1.0,1.0,11.72950912024697,42.0,0.0,1.0,1.0,0.0,0.0,1.0,0.0,0.0,lower,"(1, 2)",9,
116,C0_a2,0.0,0.0,0.0,0.0,1.0,0.0,0.0,1.0,0.0,0.0,1.0,2.0,shortcut,"(2, 3)",,4
117,C0_a2,0.0,0.0,0.0,0.0,1.0,0.0,0.0,1.0,0.0,0.0,1.0,3.0,shortcut,"(2, 3)",,5
118,C0_a2,1.0,1.0,11.72950912024697,42.0,0.0,1.0,1.0,0.0,0.0,1.0,0.0,0.0,lower,"(1, 2)",9,
119,C0_a2,0.0,0.0,0.0,0.0,1.0,0.0,0.0,1.0,0.0,0.0,1.0,2.0,shortcut,"(2, 3)",,4
120,C0_a2,0.0,0.0,0.0,0.0,1.0,0.0,0.0,1.0,0.0,0.0,1.0,3.0,shortcut,"(2, 3)",,5
121,C0_a2,1.0,1.0,13.16293830696572,44.0,0.0,0.0,0.0,1.0,0.0,0.0,1.0,3.0,shortcut,"(2, 3)",7,
122,C0_a2,1.0,1.0,13.16293830696572,44.0,0.0,0.0,0.0,1.0,0.0,0.0,1.0,3.0,shortcut,"(2, 3)",7,
123,C0_a2,0.0,0.0,0.0,0.0,1.0,0.0,0.0,1.0,0.0,0.0,1.0,3.0,shortcut,"(2, 3)",,5
124,C0_a2,0.0,0.0,0.0,0.0,1.0,0.0,0.0,1.0,0.0,0.0,1.0,2.0,shortcut,"(2, 3)",,4
125,C0_a2,1.0,1.0,13.16293830696572,44.0,0.0,0.0,0.0,1.0,0.0,0.0,1.0,3.0,shortcut,"(2, 3)",7,
126,C0_a2,1.0,1.0,11.72950912024697,42.0,0.0,1.0,1.0,0.0,0.0,1.0,0.0,0.0,lower,"(1, 2)",9,
127,C0_a2,1.0,1.0,13.16293830696572,44.0,0.0,0.0,0.0,1.0,0.0,0.0,1.0,3.0,shortcut,"(2, 3)",7,
128,C0_a2,0.0,0.0,0.0,0.0,1.0,0.0,0.0,1.0,0.0,0.0,1.0,1.0,shortcut,"(2, 3)",,3
129,C0_a2,0.0,0.0,0.0,0.0,1.0,0.0,0.0,1.0,0.0,0.0,1.0,2.0,shortcut,"(2, 3)",,4
130,C0_a2,1.0,1.0,13.16293830696572,44.0,0.0,0.0,0.0,1.0,0.0,0.0,1.0,3.0,shortcut,"(2, 3)",7,
131,C0_a2,0.0,0.0,0.0,0.0,1.0,0.0,0.0,1.0,0.0,0.0,1.0,2.0,shortcut,"(2, 3)",,4
132,C0_a2,0.0,0.0,0.0,0.0,1.0,0.0,0.0,1.0,0.0,0.0,1.0,2.0,shortcut,"(2, 3)",,4
133,C0_a2,0.0,0.0,0.0,0.0,1.0,0.0,0.0,1.0,0.0,0.0,1.0,1.0,shortcut,"(2, 3)",,3
134,C0_a2,1.0,1.0,11.72950912024697,42.0,0.0,1.0,1.0,0.0,0.0,1.0,0.0,0.0,lower,"(1, 2)",9,
135,C0_a2,0.0,0.0,0.0,0.0,1.0,0.0,0.0,1.0,0.0,0.0,1.0,4.0,shortcut,"(2, 3)",,6
136,C0_a2,0.0,0.0,0.0,0.0,1.0,0.0,0.0,1.0,0.0,0.0,1.0,1.0,shortcut,"(2, 3)",,3
137,C0_a2,0.0,0.0,0.0,0.0,1.0,0.0,0.0,1.0,0.0,0.0,1.0,1.0,shortcut,"(2, 3)",,3
138,C0_a2,1.0,1.0,13.16293830696572,44.0,0.0,0.0,0.0,1.0,0.0,0.0,1.0,3.0,shortcut,"(2, 3)",7,
139,C0_a2,1.0,1.0,11.72950912024697,42.0,0.0,1.0,1.0,0.0,0.0,1.0,0.0,0.0,lower,"(1, 2)",9,
140,C0_a2,1.0,1.0,13.16293830696572,44.0,0.0,0.0,0.0,1.0,0.0,0.0,1.0,3.0,shortcut,"(2, 3)",7,
141,C0_a2,1.0,1.0,11.72950912024697,42.0,0.0,1.0,1.0,0.0,0.0,1.0,0.0,0.0,lower,"(1, 2)",9,
142,C0_a2,0.0,0.0,0.0,0.0,1.0,0.0,0.0,1.0,0.0,0.0,1.0,2.0,shortcut,"(2, 3)",,4
143,C0_a2,1.0,1.0,11.72950912024697,42.0,0.0,1.0,1.0,0.0,0.0,1.0,0.0,0.0,lower,"(1, 2)",9,
144,C0_a2,0.0,0.0,0.0,0.0,1.0,0.0,0.0,1.0,0.0,0.0,1.0,2.0,shortcut,"(2, 3)",,4
145,C0_a2,1.0,1.0,11.72950912024697,42.0,0.0,1.0,1.0,0.0,0.0,1.0,0.0,0.0,lower,"(1, 2)",9,
146,C0_a2,0.0,0.0,0.0,0.0,1.0,0.0,0.0,1.0,0.0,0.0,1.0,3.0,shortcut,"(2, 3)",,5
147,C0_a2,0.0,0.0,0.0,0.0,1.0,0.0,0.0,1.0,0.0,0.0,1.0,1.0,shortcut,"(2, 3)",,3
148,C0_a2,0.0,0.0,0.0,0.0,1.0,0.0,0.0,1.0,0.0,0.0,1.0,2.0,shortcut,"(2, 3)",,4
149,C0_a2,1.0,1.0,13.16293830696572,44.0,0.0,0.0,0.0,1.0,0.0,0.0,1.0,3.0,shortcut,"(2, 3)",7,
150,C0_a2,0.0,0.0,0.0,0.0,1.0,0.0,0.0,1.0,0.0,0.0,1.0,2.0,shortcut,"(2, 3)",,4
151,C0_a2,0.0,0.0,0.0,0.0,1.0,0.0,0.0,1.0,0.0,0.0,1.0,1.0,shortcut,"(2, 3)",,3
152,C0_a2,1.0,1.0,11.72950912024697,42.0,0.0,1.0,1.0,0.0,0.0,1.0,0.0,0.0,lower,"(1, 2)",9,
153,C0_a2,0.0,0.0,0.0,0.0,1.0,0.0,0.0,1.0,0.0,0.0,1.0,2.0,shortcut,"(2, 3)",,4
154,C0_a2,0.0,0.0,0.0,0.0,1.0,0.0,0.0,1.0,0.0,0.0,1.0,3.0,shortcut,"(2, 3)",,5
155,C0_a2,0.0,0.0,0.0,0.0,1.0,0.0,0.0,1.0,0.0,0.0,1.0,2.0,shortcut,"(2, 3)",,4
156,C0_a2,0.0,0.0,0.0,0.0,1.0,0.0,0.0,1.0,0.0,0.0,1.0,2.0,shortcut,"(2, 3)",,4
157,C0_a2,1.0,1.0,11.72950912024697,42.0,0.0,1.0,1.0,0.0,0.0,1.0,0.0,0.0,lower,"(1, 2)",9,
158,C0_a2,0.0,0.0,0.0,0.0,1.0,0.0,0.0,1.0,0.0,0.0,1.0,2.0,shortcut,"(2, 3)",,4
159,C0_a2,1.0,1.0,11.72950912024697,42.0,0.0,1.0,1.0,0.0,0.0,1.0,0.0,0.0,lower,"(1, 2)",9,
160,C0_a2,0.0,0.0,0.0,0.0,1.0,0.0,0.0,1.0,0.0,0.0,1.0,3.0,shortcut,"(2, 3)",,5
161,C0_a2,0.0,0.0,0.0,0.0,1.0,0.0,0.0,1.0,0.0,0.0,1.0,3.0,shortcut,"(2, 3)",,5
162,C0_a2,1.0,1.0,11.72950912024697,42.0,0.0,1.0,1.0,0.0,0.0,1.0,0.0,0.0,lower,"(1, 2)",9,
163,C0_a2,1.0,1.0,11.72950912024697,42.0,0.0,1.0,1.0,0.0,0.0,1.0,0.0,0.0,lower,"(1, 2)",9,
164,C0_a2,1.0,1.0,11.72950912024697,42.0,0.0,1.0,1.0,0.0,0.0,1.0,0.0,0.0,lower,"(1, 2)",9,
165,C0_a2,0.0,0.0,0.0,0.0,1.0,0.0,0.0,1.0,0.0,0.0,1.0,1.0,shortcut,"(2, 3)",,3
166,C0_a2,1.0,1.0,11.72950912024697,42.0,0.0,1.0,1.0,0.0,0.0,1.0,0.0,0.0,lower,"(1, 2)",9,
167,C0_a2,1.0,1.0,11.72950912024697,42.0,0.0,1.0,1.0,0.0,0.0,1.0,0.0,0.0,lower,"(1, 2)",9,
168,C0_a2,1.0,1.0,13.16293830696572,44.0,0.0,0.0,0.0,1.0,0.0,0.0,1.0,3.0,shortcut,"(2, 3)",7,
169,C0_a2,1.0,1.0,11.72950912024697,42.0,0.0,1.0,1.0,0.0,0.0,1.0,0.0,0.0,lower,"(1, 2)",9,
170,C0_a2,1.0,1.0,11.72950912024697,42.0,0.0,1.0,1.0,0.0,0.0,1.0,0.0,0.0,lower,"(1, 2)",9,
171,C0_a2,0.0,0.0,0.0,0.0,1.0,0.0,0.0,1.0,0.0,0.0,1.0,1.0,shortcut,"(2, 3)",,3
172,C0_a2,0.0,0.0,0.0,0.0,1.0,0.0,0.0,1.0,0.0,0.0,1.0,1.0,shortcut,"(2, 3)",,3
173,C0_a2,0.0,0.0,0.0,0.0,1.0,0.0,0.0,1.0,0.0,0.0,1.0,1.0,shortcut,"(2, 3)",,3
174,C0_a2,0.0,0.0,0.0,0.0,1.0,0.0,0.0,1.0,0.0,0.0,1.0,2.0,shortcut,"(2, 3)",,4
175,C0_a2,1.0,1.0,13.16293830696572,44.0,0.0,0.0,0.0,1.0,0.0,0.0,1.0,3.0,shortcut,"(2, 3)",7,
176,C0_a2,0.0,0.0,0.0,0.0,1.0,0.0,0.0,1.0,0.0,0.0,1.0,2.0,shortcut,"(2, 3)",,4
177,C0_a2,0.0,0.0,0.0,0.0,1.0,0.0,0.0,1.0,0.0,0.0,1.0,2.0,shortcut,"(2, 3)",,4
178,C0_a2,0.0,0.0,0.0,0.0,1.0,0.0,0.0,1.0,0.0,0.0,1.0,1.0,shortcut,"(2, 3)",,3
179,C0_a2,1.0,1.0,13.16293830696572,44.0,0.0,0.0,0.0,1.0,0.0,0.0,1.0,3.0,shortcut,"(2, 3)",7,
180,C0_a2,0.0,0.0,0.0,0.0,1.0,0.0,0.0,1.0,0.0,0.0,1.0,4.0,shortcut,"(2, 3)",,6
181,C0_a2,1.0,1.0,13.16293830696572,44.0,0.0,0.0,0.0,1.0,0.0,0.0,1.0,4.0,shortcut,"(2, 3)",7,
182,C0_a2,0.0,0.0,0.0,0.0,1.0,0.0,0.0,1.0,0.0,0.0,1.0,3.0,shortcut,"(2, 3)",,5
183,C0_a2,1.0,1.0,13.16293830696572,44.0,0.0,0.0,0.0,1.0,0.0,0.0,1.0,3.0,shortcut,"(2, 3)",7,
184,C0_a2,0.0,0.0,0.0,0.0,1.0,0.0,0.0,1.0,0.0,0.0,1.0,1.0,shortcut,"(2, 3)",,3
185,C0_a2,1.0,1.0,11.72950912024697,42.0,0.0,1.0,1.0,0.0,0.0,1.0,0.0,0.0,lower,"(1, 2)",9,
186,C0_a2,0.0,0.0,0.0,0.0,1.0,0.0,0.0,1.0,0.0,0.0,1.0,1.0,shortcut,"(2, 3)",,3
187,C0_a2,0.0,0.0,0.0,0.0,1.0,0.0,0.0,1.0,0.0,0.0,1.0,1.0,shortcut,"(2, 3)",,3
188,C0_a2,0.0,0.0,0.0,0.0,1.0,0.0,0.0,1.0,0.0,0.0,1.0,1.0,shortcut,"(2, 3)",,3
189,C0_a2,1.0,1.0,13.16293830696572,44.0,0.0,0.0,0.0,1.0,0.0,0.0,1.0,3.0,shortcut,"(2, 3)",7,
190,C0_a2,1.0,1.0,11.72950912024697,42.0,0.0,1.0,1.0,0.0,0.0,1.0,0.0,0.0,lower,"(1, 2)",9,
191,C0_a2,1.0,1.0,13.16293830696572,44.0,0.0,0.0,0.0,1.0,0.0,0.0,1.0,3.0,shortcut,"(2, 3)",7,
192,C0_a2,1.0,1.0,13.16293830696572,44.0,0.0,0.0,0.0,1.0,0.0,0.0,1.0,3.0,shortcut,"(2, 3)",7,
193,C0_a2,0.0,0.0,0.0,0.0,1.0,0.0,0.0,1.0,0.0,0.0,1.0,1.0,shortcut,"(2, 3)",,3
194,C0_a2,0.0,0.0,0.0,0.0,1.0,0.0,0.0,1.0,0.0,0.0,1.0,1.0,shortcut,"(2, 3)",,3
195,C0_a2,1.0,1.0,13.16293830696572,44.0,0.0,0.0,0.0,1.0,0.0,0.0,1.0,3.0,shortcut,"(2, 3)",7,
196,C0_a2,1.0,1.0,11.72950912024697,42.0,0.0,1.0,1.0,0.0,0.0,1.0,0.0,0.0,lower,"(1, 2)",9,
197,C0_a2,1.0,1.0,13.16293830696572,44.0,0.0,0.0,0.0,1.0,0.0,0.0,1.0,3.0,shortcut,"(2, 3)",7,
198,C0_a2,1.0,1.0,11.72950912024697,42.0,0.0,1.0,1.0,0.0,0.0,1.0,0.0,0.0,lower,"(1, 2)",9,
199,C0_a2,1.0,1.0,13.16293830696572,44.0,0.0,0.0,0.0,1.0,0.0,0.0,1.0,3.0,shortcut,"(2, 3)",7,
