environment,controller,reset_seed,discounted_return,success,passage_adherence,lower_passage,shortcut_passage,waypoint_completion,all_waypoints_complete,final_target_index
native,shortcut,51000000,13.16293830696572,True,True,False,True,111,True,2
native,shortcut,51000001,0.0,False,False,False,False,100,False,1
native,shortcut,51000002,13.16293830696572,True,True,False,True,111,True,2
native,shortcut,51000003,0.0,False,False,False,False,100,False,1
native,shortcut,51000004,13.16293830696572,True,True,False,True,111,True,2
native,shortcut,51000005,0.0,False,False,False,False,100,False,1
native,shortcut,51000006,0.0,False,False,False,False,100,False,1
native,shortcut,51000007,0.0,False,False,False,False,100,False,1
native,shortcut,51000008,0.0,False,False,False,False,100,False,1
native,shortcut,51000009,0.0,False,False,False,False,100,False,1
native,shortcut,51000010,13.16293830696572,True,True,False,True,111,True,2
native,shortcut,51000011,0.0,False,False,False,False,100,False,1
native,shortcut,51000012,0.0,False,False,False,False,100,False,1
native,shortcut,51000013,13.16293830696572,True,True,False,True,111,True,2
native,shortcut,51000014,13.16293830696572,True,True,False,True,111,True,2
native,shortcut,51000015,0.0,False,False,False,False,100,False,1
native,shortcut,51000016,0.0,False,False,False,False,100,False,1
native,shortcut,51000017,0.0,False,False,False,False,100,False,1
native,shortcut,51000018,0.0,False,False,False,False,100,False,1
native,shortcut,51000019,13.16293830696572,True,True,False,True,111,True,2
native,shortcut,51000020,0.0,False,False,False,False,100,False,1
native,shortcut,51000021,0.0,False,False,False,False,100,False,1
native,shortcut,51000022,0.0,False,False,False,False,100,False,1
native,shortcut,51000023,0.0,False,False,False,False,100,False,1
native,shortcut,51000024,13.16293830696572,True,True,False,True,111,True,2
native,shortcut,51000025,13.16293830696572,True,True,False,True,111,True,2
native,shortcut,51000026,0.0,False,False,False,False,100,False,1
native,shortcut,51000027,13.16293830696572,True,True,False,True,111,True,2
native,shortcut,51000028,0.0,False,False,False,False,100,False,1
native,shortcut,51000029,0.0,False,False,False,False,100,False,1
native,shortcut,51000030,0.0,False,False,False,False,100,False,1
native,shortcut,51000031,0.0,False,False,False,False,100,False,1
native,shortcut,51000032,13.16293830696572,True,True,False,True,111,True,2
native,shortcut,51000033,0.0,False,False,False,False,100,False,1
native,shortcut,51000034,0.0,False,False,False,False,100,False,1
native,shortcut,51000035,0.0,False,False,False,False,100,False,1
native,shortcut,51000036,0.0,False,False,False,False,100,False,1
native,shortcut,51000037,0.0,False,False,False,False,100,False,1
native,shortcut,51000038,13.16293830696572,True,True,False,True,111,True,2
native,shortcut,51000039,0.0,False,False,False,False,100,False,1
native,shortcut,51000040,13.16293830696572,True,True,False,True,111,True,2
native,shortcut,51000041,0.0,False,False,False,False,100,False,1
native,shortcut,51000042,13.16293830696572,True,True,False,True,111,True,2
native,shortcut,51000043,13.16293830696572,True,True,False,True,111,True,2
native,shortcut,51000044,0.0,False,False,False,False,100,False,1
native,shortcut,51000045,13.16293830696572,True,True,False,True,111,True,2
native,shortcut,51000046,13.16293830696572,True,True,False,True,111,True,2
native,shortcut,51000047,0.0,False,False,False,False,100,False,1
native,shortcut,51000048,0.0,False,False,False,False,100,False,1
native,shortcut,51000049,13.16293830696572,True,True,False,True,111,True,2
native,shortcut,51000050,0.0,False,False,False,False,100,False,1
native,shortcut,51000051,13.16293830696572,True,True,False,True,111,True,2
native,shortcut,51000052,0.0,False,False,False,False,100,False,1
native,shortcut,51000053,0.0,False,False,False,False,100,False,1
native,shortcut,51000054,0.0,False,False,False,False,100,False,1
native,shortcut,51000055,0.0,False,False,False,False,100,False,1
native,shortcut,51000056,13.16293830696572,True,True,False,True,111,True,2
native,shortcut,51000057,13.16293830696572,True,True,False,True,111,True,2
native,shortcut,51000058,13.16293830696572,True,True,False,True,111,True,2
native,shortcut,51000059,13.16293830696572,True,True,False,True,111,True,2
native,shortcut,51000060,0.0,False,False,False,False,100,False,1
native,shortcut,51000061,0.0,False,False,False,False,100,False,1
native,shortcut,51000062,0.0,False,False,False,False,100,False,1
native,shortcut,51000063,13.16293830696572,True,True,False,True,111,True,2
native,shortcut,51000064,0.0,False,False,False,False,100,False,1
native,shortcut,51000065,13.16293830696572,True,True,False,True,111,True,2
native,shortcut,51000066,13.16293830696572,True,True,False,True,111,True,2
native,shortcut,51000067,13.16293830696572,True,True,False,True,111,True,2
native,shortcut,51000068,0.0,False,False,False,False,100,False,1
native,shortcut,51000069,0.0,False,False,False,False,100,False,1
native,shortcut,51000070,0.0,False,False,False,False,100,False,1
native,shortcut,51000071,0.0,False,False,False,False,100,False,1
native,shortcut,51000072,0.0,False,False,False,False,100,False,1
native,shortcut,51000073,13.16293830696572,True,True,False,True,111,True,2
native,shortcut,51000074,0.0,False,False,False,False,100,False,1
native,shortcut,51000075,0.0,False,False,False,False,100,False,1
native,shortcut,51000076,0.0,False,False,False,False,100,False,1
native,shortcut,51000077,0.0,False,False,False,False,100,False,1
native,shortcut,51000078,13.16293830696572,True,True,False,True,111,True,2
native,shortcut,51000079,0.0,False,False,False,False,100,False,1
native,shortcut,51000080,0.0,False,False,False,False,100,False,1
native,shortcut,51000081,13.16293830696572,True,True,False,True,111,True,2
native,shortcut,51000082,13.16293830696572,True,True,False,True,111,True,2
native,shortcut,51000083,0.0,False,False,False,False,100,False,1
native,shortcut,51000084,0.0,False,False,False,False,100,False,1
native,shortcut,51000085,0.0,False,False,False,False,100,False,1
native,shortcut,51000086,0.0,False,False,False,False,100,False,1
native,shortcut,51000087,0.0,False,False,False,False,100,False,1
native,shortcut,51000088,13.16293830696572,True,True,False,True,111,True,2
native,shortcut,51000089,0.0,False,False,False,False,100,False,1
native,shortcut,51000090,0.0,False,False,False,False,100,False,1
native,shortcut,51000091,0.0,False,False,False,False,100,False,1
native,shortcut,51000092,13.16293830696572,True,True,False,True,111,True,2
native,shortcut,51000093,13.16293830696572,True,True,False,True,111,True,2
native,shortcut,51000094,0.0,False,False,False,False,100,False,1
native,shortcut,51000095,0.0,False,False,False,False,100,False,1
native,shortcut,51000096,13.16293830696572,True,True,False,True,111,True,2
native,shortcut,51000097,0.0,False,False,False,False,100,False,1
native,shortcut,51000098,0.0,False,False,False,False,100,False,1
native,shortcut,51000099,0.0,False,False,False,False,100,False,1
native,shortcut,51000100,0.0,False,False,False,False,100,False,1
native,shortcut,51000101,0.0,False,False,False,False,100,False,1
native,shortcut,51000102,13.16293830696572,True,True,False,True,111,True,2
native,shortcut,51000103,13.16293830696572,True,True,False,True,111,True,2
native,shortcut,51000104,13.16293830696572,True,True,False,True,111,True,2
native,shortcut,51000105,0.0,False,False,False,False,100,False,1
native,shortcut,51000106,0.0,False,False,False,False,100,False,1
native,shortcut,51000107,0.0,False,False,False,False,100,False,1
native,shortcut,51000108,0.0,False,False,False,False,100,False,1
native,shortcut,51000109,0.0,False,False,False,False,100,False,1
native,shortcut,51000110,13.16293830696572,True,True,False,True,111,True,2
native,shortcut,51000111,0.0,False,False,False,False,100,False,1
native,shortcut,51000112,0.0,False,False,False,False,100,False,1
native,shortcut,51000113,0.0,False,False,False,False,100,False,1
native,shortcut,51000114,0.0,False,False,False,False,100,False,1
native,shortcut,51000115,0.0,False,False,False,False,100,False,1
native,shortcut,51000116,0.0,False,False,False,False,100,False,1
native,shortcut,51000117,13.16293830696572,True,True,False,True,111,True,2
native,shortcut,51000118,0.0,False,False,False,False,100,False,1
native,shortcut,51000119,0.0,False,False,False,False,100,False,1
native,shortcut,51000120,0.0,False,False,False,False,100,False,1
native,shortcut,51000121,0.0,False,False,False,False,100,False,1
native,shortcut,51000122,0.0,False,False,False,False,100,False,1
native,shortcut,51000123,0.0,False,False,False,False,100,False,1
native,shortcut,51000124,0.0,False,False,False,False,100,False,1
native,shortcut,51000125,0.0,False,False,False,False,100,False,1
native,shortcut,51000126,13.16293830696572,True,True,False,True,111,True,2
native,shortcut,51000127,0.0,False,False,False,False,100,False,1
native,lower,51000000,11.066088688957908,True,True,True,False,11111,True,4
native,lower,51000001,11.066088688957908,True,True,True,False,11111,True,4
native,lower,51000002,11.066088688957908,True,True,True,False,11111,True,4
native,lower,51000003,11.066088688957908,True,True,True,False,11111,True,4
native,lower,51000004,11.066088688957908,True,True,True,False,11111,True,4
native,lower,51000005,11.066088688957908,True,True,True,False,11111,True,4
native,lower,51000006,11.066088688957908,True,True,True,False,11111,True,4
native,lower,51000007,11.066088688957908,True,True,True,False,11111,True,4
native,lower,51000008,11.066088688957908,True,True,True,False,11111,True,4
native,lower,51000009,11.066088688957908,True,True,True,False,11111,True,4
native,lower,51000010,11.066088688957908,True,True,True,False,11111,True,4
native,lower,51000011,11.066088688957908,True,True,True,False,11111,True,4
native,lower,51000012,11.066088688957908,True,True,True,False,11111,True,4
native,lower,51000013,11.066088688957908,True,True,True,False,11111,True,4
native,lower,51000014,11.066088688957908,True,True,True,False,11111,True,4
native,lower,51000015,11.066088688957908,True,True,True,False,11111,True,4
native,lower,51000016,11.066088688957908,True,True,True,False,11111,True,4
native,lower,51000017,11.066088688957908,True,True,True,False,11111,True,4
native,lower,51000018,11.066088688957908,True,True,True,False,11111,True,4
native,lower,51000019,11.066088688957908,True,True,True,False,11111,True,4
native,lower,51000020,11.066088688957908,True,True,True,False,11111,True,4
native,lower,51000021,11.066088688957908,True,True,True,False,11111,True,4
native,lower,51000022,11.066088688957908,True,True,True,False,11111,True,4
native,lower,51000023,11.066088688957908,True,True,True,False,11111,True,4
native,lower,51000024,11.066088688957908,True,True,True,False,11111,True,4
native,lower,51000025,11.066088688957908,True,True,True,False,11111,True,4
native,lower,51000026,11.066088688957908,True,True,True,False,11111,True,4
native,lower,51000027,11.066088688957908,True,True,True,False,11111,True,4
native,lower,51000028,11.066088688957908,True,True,True,False,11111,True,4
native,lower,51000029,11.066088688957908,True,True,True,False,11111,True,4
native,lower,51000030,11.066088688957908,True,True,True,False,11111,True,4
native,lower,51000031,11.066088688957908,True,True,True,False,11111,True,4
native,lower,51000032,11.066088688957908,True,True,True,False,11111,True,4
native,lower,51000033,11.066088688957908,True,True,True,False,11111,True,4
native,lower,51000034,11.066088688957908,True,True,True,False,11111,True,4
native,lower,51000035,11.066088688957908,True,True,True,False,11111,True,4
native,lower,51000036,11.066088688957908,True,True,True,False,11111,True,4
native,lower,51000037,11.066088688957908,True,True,True,False,11111,True,4
native,lower,51000038,11.066088688957908,True,True,True,False,11111,True,4
native,lower,51000039,11.066088688957908,True,True,True,False,11111,True,4
native,lower,51000040,11.066088688957908,True,True,True,False,11111,True,4
native,lower,51000041,11.066088688957908,True,True,True,False,11111,True,4
native,lower,51000042,11.066088688957908,True,True,True,False,11111,True,4
native,lower,51000043,11.066088688957908,True,True,True,False,11111,True,4
native,lower,51000044,11.066088688957908,True,True,True,False,11111,True,4
native,lower,51000045,11.066088688957908,True,True,True,False,11111,True,4
native,lower,51000046,11.066088688957908,True,True,True,False,11111,True,4
native,lower,51000047,11.066088688957908,True,True,True,False,11111,True,4
native,lower,51000048,11.066088688957908,True,True,True,False,11111,True,4
native,lower,51000049,11.066088688957908,True,True,True,False,11111,True,4
native,lower,51000050,11.066088688957908,True,True,True,False,11111,True,4
native,lower,51000051,11.066088688957908,True,True,True,False,11111,True,4
native,lower,51000052,11.066088688957908,True,True,True,False,11111,True,4
native,lower,51000053,11.066088688957908,True,True,True,False,11111,True,4
native,lower,51000054,11.066088688957908,True,True,True,False,11111,True,4
native,lower,51000055,11.066088688957908,True,True,True,False,11111,True,4
native,lower,51000056,11.066088688957908,True,True,True,False,11111,True,4
native,lower,51000057,11.066088688957908,True,True,True,False,11111,True,4
native,lower,51000058,11.066088688957908,True,True,True,False,11111,True,4
native,lower,51000059,11.066088688957908,True,True,True,False,11111,True,4
native,lower,51000060,11.066088688957908,True,True,True,False,11111,True,4
native,lower,51000061,11.066088688957908,True,True,True,False,11111,True,4
native,lower,51000062,11.066088688957908,True,True,True,False,11111,True,4
native,lower,51000063,11.066088688957908,True,True,True,False,11111,True,4
native,lower,51000064,11.066088688957908,True,True,True,False,11111,True,4
native,lower,51000065,11.066088688957908,True,True,True,False,11111,True,4
native,lower,51000066,11.066088688957908,True,True,True,False,11111,True,4
native,lower,51000067,11.066088688957908,True,True,True,False,11111,True,4
native,lower,51000068,11.066088688957908,True,True,True,False,11111,True,4
native,lower,51000069,11.066088688957908,True,True,True,False,11111,True,4
native,lower,51000070,11.066088688957908,True,True,True,False,11111,True,4
native,lower,51000071,11.066088688957908,True,True,True,False,11111,True,4
native,lower,51000072,11.066088688957908,True,True,True,False,11111,True,4
native,lower,51000073,11.066088688957908,True,True,True,False,11111,True,4
native,lower,51000074,11.066088688957908,True,True,True,False,11111,True,4
native,lower,51000075,11.066088688957908,True,True,True,False,11111,True,4
native,lower,51000076,11.066088688957908,True,True,True,False,11111,True,4
native,lower,51000077,11.066088688957908,True,True,True,False,11111,True,4
native,lower,51000078,11.066088688957908,True,True,True,False,11111,True,4
native,lower,51000079,11.066088688957908,True,True,True,False,11111,True,4
native,lower,51000080,11.066088688957908,True,True,True,False,11111,True,4
native,lower,51000081,11.066088688957908,True,True,True,False,11111,True,4
native,lower,51000082,11.066088688957908,True,True,True,False,11111,True,4
native,lower,51000083,11.066088688957908,True,True,True,False,11111,True,4
native,lower,51000084,11.066088688957908,True,True,True,False,11111,True,4
native,lower,51000085,11.066088688957908,True,True,True,False,11111,True,4
native,lower,51000086,11.066088688957908,True,True,True,False,11111,True,4
native,lower,51000087,11.066088688957908,True,True,True,False,11111,True,4
native,lower,51000088,11.066088688957908,True,True,True,False,11111,True,4
native,lower,51000089,11.066088688957908,True,True,True,False,11111,True,4
native,lower,51000090,11.066088688957908,True,True,True,False,11111,True,4
native,lower,51000091,11.066088688957908,True,True,True,False,11111,True,4
native,lower,51000092,11.066088688957908,True,True,True,False,11111,True,4
native,lower,51000093,11.066088688957908,True,True,True,False,11111,True,4
native,lower,51000094,11.066088688957908,True,True,True,False,11111,True,4
native,lower,51000095,11.066088688957908,True,True,True,False,11111,True,4
native,lower,51000096,11.066088688957908,True,True,True,False,11111,True,4
native,lower,51000097,11.066088688957908,True,True,True,False,11111,True,4
native,lower,51000098,11.066088688957908,True,True,True,False,11111,True,4
native,lower,51000099,11.066088688957908,True,True,True,False,11111,True,4
native,lower,51000100,11.066088688957908,True,True,True,False,11111,True,4
native,lower,51000101,11.066088688957908,True,True,True,False,11111,True,4
native,lower,51000102,11.066088688957908,True,True,True,False,11111,True,4
native,lower,51000103,11.066088688957908,True,True,True,False,11111,True,4
native,lower,51000104,11.066088688957908,True,True,True,False,11111,True,4
native,lower,51000105,11.066088688957908,True,True,True,False,11111,True,4
native,lower,51000106,11.066088688957908,True,True,True,False,11111,True,4
native,lower,51000107,11.066088688957908,True,True,True,False,11111,True,4
native,lower,51000108,11.066088688957908,True,True,True,False,11111,True,4
native,lower,51000109,11.066088688957908,True,True,True,False,11111,True,4
native,lower,51000110,11.066088688957908,True,True,True,False,11111,True,4
native,lower,51000111,11.066088688957908,True,True,True,False,11111,True,4
native,lower,51000112,11.066088688957908,True,True,True,False,11111,True,4
native,lower,51000113,11.066088688957908,True,True,True,False,11111,True,4
native,lower,51000114,11.066088688957908,True,True,True,False,11111,True,4
native,lower,51000115,11.066088688957908,True,True,True,False,11111,True,4
native,lower,51000116,11.066088688957908,True,True,True,False,11111,True,4
native,lower,51000117,11.066088688957908,True,True,True,False,11111,True,4
native,lower,51000118,11.066088688957908,True,True,True,False,11111,True,4
native,lower,51000119,11.066088688957908,True,True,True,False,11111,True,4
native,lower,51000120,11.066088688957908,True,True,True,False,11111,True,4
native,lower,51000121,11.066088688957908,True,True,True,False,11111,True,4
native,lower,51000122,11.066088688957908,True,True,True,False,11111,True,4
native,lower,51000123,11.066088688957908,True,True,True,False,11111,True,4
native,lower,51000124,11.066088688957908,True,True,True,False,11111,True,4
native,lower,51000125,11.066088688957908,True,True,True,False,11111,True,4
native,lower,51000126,11.066088688957908,True,True,True,False,11111,True,4
native,lower,51000127,11.066088688957908,True,True,True,False,11111,True,4
model_s0,shortcut,51000000,0.0,False,False,False,False,000,False,0
model_s0,shortcut,51000001,12.42784641634072,True,True,False,True,100,False,1
model_s0,shortcut,51000002,1.9575927889416755,True,True,False,True,111,True,2
model_s0,shortcut,51000003,0.0,False,False,False,False,000,False,0
model_s0,shortcut,51000004,4.931771393939913,True,True,False,True,100,False,1
model_s0,shortcut,51000005,12.42784641634072,True,True,False,True,100,False,1
model_s0,shortcut,51000006,12.42784641634072,True,True,False,True,100,False,1
model_s0,shortcut,51000007,13.16293830696572,True,True,False,True,100,False,1
model_s0,shortcut,51000008,1.0313436257677986,True,True,False,True,111,True,2
model_s0,shortcut,51000009,13.16293830696572,True,True,False,True,100,False,1
model_s0,shortcut,51000010,11.066088688957908,True,True,False,True,000,False,0
model_s0,shortcut,51000011,12.42784641634072,True,True,False,True,111,True,2
model_s0,shortcut,51000012,11.72950912024697,True,True,False,True,111,True,2
model_s0,shortcut,51000013,0.0,False,False,False,False,000,False,0
model_s0,shortcut,51000014,11.72950912024697,True,True,False,True,111,True,2
model_s0,shortcut,51000015,11.72950912024697,True,True,False,True,100,False,1
model_s0,shortcut,51000016,12.42784641634072,True,True,False,True,111,True,2
model_s0,shortcut,51000017,11.72950912024697,True,True,False,True,111,True,2
model_s0,shortcut,51000018,11.72950912024697,True,True,False,True,100,False,1
model_s0,shortcut,51000019,11.066088688957908,True,True,False,True,100,False,1
model_s0,shortcut,51000020,13.16293830696572,True,True,False,True,100,False,1
model_s0,shortcut,51000021,12.42784641634072,True,True,False,True,100,False,1
model_s0,shortcut,51000022,12.42784641634072,True,True,False,True,100,False,1
model_s0,shortcut,51000023,7.72692509766079,True,True,False,True,100,False,1
model_s0,shortcut,51000024,4.931771393939913,True,True,False,True,111,True,2
model_s0,shortcut,51000025,12.42784641634072,True,True,False,True,100,False,1
model_s0,shortcut,51000026,13.16293830696572,True,True,False,True,100,False,1
model_s0,shortcut,51000027,13.16293830696572,True,True,False,True,100,False,1
model_s0,shortcut,51000028,13.16293830696572,True,True,False,True,100,False,1
model_s0,shortcut,51000029,13.16293830696572,True,True,False,True,100,False,1
model_s0,shortcut,51000030,7.72692509766079,True,True,False,True,111,True,2
model_s0,shortcut,51000031,13.16293830696572,True,True,False,True,100,False,1
model_s0,shortcut,51000032,11.72950912024697,True,True,False,True,000,False,0
model_s0,shortcut,51000033,13.16293830696572,True,True,False,True,111,True,2
model_s0,shortcut,51000034,12.42784641634072,True,True,False,True,111,True,2
model_s0,shortcut,51000035,11.72950912024697,True,True,False,True,111,True,2
model_s0,shortcut,51000036,13.16293830696572,True,True,False,True,100,False,1
model_s0,shortcut,51000037,11.72950912024697,True,True,False,True,100,False,1
model_s0,shortcut,51000038,12.42784641634072,True,True,False,True,100,False,1
model_s0,shortcut,51000039,12.42784641634072,True,True,False,True,100,False,1
model_s0,shortcut,51000040,9.268302247718463,True,True,False,True,000,False,0
model_s0,shortcut,51000041,12.42784641634072,True,True,False,True,100,False,1
model_s0,shortcut,51000042,12.42784641634072,True,True,False,True,100,False,1
model_s0,shortcut,51000043,12.42784641634072,True,True,False,True,111,True,2
model_s0,shortcut,51000044,9.268302247718463,True,True,False,True,100,False,1
model_s0,shortcut,51000045,0.9028314692026955,True,True,False,True,111,True,2
model_s0,shortcut,51000046,9.837102339994921,True,True,False,True,000,False,0
model_s0,shortcut,51000047,11.72950912024697,True,True,False,True,100,False,1
model_s0,shortcut,51000048,6.4053868636300955,True,True,False,True,100,False,1
model_s0,shortcut,51000049,9.837102339994921,True,False,True,False,100,False,1
model_s0,shortcut,51000050,7.263633867501038,True,True,False,True,100,False,1
model_s0,shortcut,51000051,7.263633867501038,True,True,False,True,000,False,0
model_s0,shortcut,51000052,11.72950912024697,True,True,False,True,000,False,0
model_s0,shortcut,51000053,13.16293830696572,True,True,False,True,100,False,1
model_s0,shortcut,51000054,6.008172545171877,True,True,False,True,100,False,1
model_s0,shortcut,51000055,12.42784641634072,True,True,False,True,111,True,2
model_s0,shortcut,51000056,12.42784641634072,True,True,False,True,100,False,1
model_s0,shortcut,51000057,12.42784641634072,True,True,False,True,111,True,2
model_s0,shortcut,51000058,10.4358392792333,True,False,True,False,111,True,2
model_s0,shortcut,51000059,13.16293830696572,True,True,False,True,100,False,1
model_s0,shortcut,51000060,11.066088688957908,True,True,False,True,000,False,0
model_s0,shortcut,51000061,13.16293830696572,True,True,False,True,100,False,1
model_s0,shortcut,51000062,11.72950912024697,True,True,False,True,100,False,1
model_s0,shortcut,51000063,11.72950912024697,True,True,False,True,100,False,1
model_s0,shortcut,51000064,0.0,False,False,False,False,000,False,0
model_s0,shortcut,51000065,13.16293830696572,True,True,False,True,100,False,1
model_s0,shortcut,51000066,12.42784641634072,True,True,False,True,100,False,1
model_s0,shortcut,51000067,11.72950912024697,True,True,False,True,100,False,1
model_s0,shortcut,51000068,9.268302247718463,True,False,True,False,000,False,0
model_s0,shortcut,51000069,10.4358392792333,True,False,True,False,000,False,0
model_s0,shortcut,51000070,4.931771393939913,True,True,False,True,100,False,1
model_s0,shortcut,51000071,8.727942160055825,True,False,True,False,000,False,0
model_s0,shortcut,51000072,11.72950912024697,True,True,False,True,111,True,2
model_s0,shortcut,51000073,7.72692509766079,True,True,False,True,111,True,2
model_s0,shortcut,51000074,0.0,False,False,False,False,000,False,0
model_s0,shortcut,51000075,12.42784641634072,True,True,False,True,000,False,0
model_s0,shortcut,51000076,6.4053868636300955,True,True,False,True,111,True,2
model_s0,shortcut,51000077,5.272333020228028,True,True,False,True,100,False,1
model_s0,shortcut,51000078,12.42784641634072,True,True,False,True,100,False,1
model_s0,shortcut,51000079,11.066088688957908,True,True,False,True,111,True,2
model_s0,shortcut,51000080,13.16293830696572,True,True,False,True,100,False,1
model_s0,shortcut,51000081,10.4358392792333,True,False,True,False,111,True,2
model_s0,shortcut,51000082,13.16293830696572,True,True,False,True,100,False,1
model_s0,shortcut,51000083,13.16293830696572,True,True,False,True,111,True,2
model_s0,shortcut,51000084,13.16293830696572,True,True,False,True,111,True,2
model_s0,shortcut,51000085,13.16293830696572,True,True,False,True,100,False,1
model_s0,shortcut,51000086,11.066088688957908,True,True,False,True,111,True,2
model_s0,shortcut,51000087,12.42784641634072,True,True,False,True,111,True,2
model_s0,shortcut,51000088,12.42784641634072,True,True,False,True,100,False,1
model_s0,shortcut,51000089,11.72950912024697,True,True,False,True,000,False,0
model_s0,shortcut,51000090,8.214600076776321,True,True,False,True,100,False,1
model_s0,shortcut,51000091,11.066088688957908,True,True,False,True,111,True,2
model_s0,shortcut,51000092,13.16293830696572,True,True,False,True,100,False,1
model_s0,shortcut,51000093,12.42784641634072,True,True,False,True,100,False,1
model_s0,shortcut,51000094,11.72950912024697,True,True,False,True,100,False,1
model_s0,shortcut,51000095,11.066088688957908,True,True,False,True,100,False,1
model_s0,shortcut,51000096,11.72950912024697,True,True,False,True,100,False,1
model_s0,shortcut,51000097,13.16293830696572,True,True,False,True,100,False,1
model_s0,shortcut,51000098,0.7807449204658475,True,True,False,True,100,False,1
model_s0,shortcut,51000099,13.16293830696572,True,True,False,True,100,False,1
model_s0,shortcut,51000100,13.16293830696572,True,True,False,True,111,True,2
model_s0,shortcut,51000101,8.727942160055825,True,True,False,True,111,True,2
model_s0,shortcut,51000102,13.16293830696572,True,True,False,True,100,False,1
model_s0,shortcut,51000103,0.0,False,False,False,False,000,False,0
model_s0,shortcut,51000104,11.72950912024697,True,True,False,True,000,False,0
model_s0,shortcut,51000105,13.16293830696572,True,True,False,True,100,False,1
model_s0,shortcut,51000106,12.42784641634072,True,True,False,True,111,True,2
model_s0,shortcut,51000107,11.72950912024697,True,True,False,True,000,False,0
model_s0,shortcut,51000108,8.214600076776321,True,True,False,True,100,False,1
model_s0,shortcut,51000109,12.42784641634072,True,True,False,True,100,False,1
model_s0,shortcut,51000110,12.42784641634072,True,True,False,True,111,True,2
model_s0,shortcut,51000111,12.42784641634072,True,True,False,True,100,False,1
model_s0,shortcut,51000112,11.066088688957908,True,True,False,True,100,False,1
model_s0,shortcut,51000113,11.066088688957908,True,True,False,True,100,False,1
model_s0,shortcut,51000114,13.16293830696572,True,True,False,True,100,False,1
model_s0,shortcut,51000115,11.72950912024697,True,True,False,True,000,False,0
model_s0,shortcut,51000116,13.16293830696572,True,True,False,True,111,True,2
model_s0,shortcut,51000117,13.16293830696572,True,True,False,True,100,False,1
model_s0,shortcut,51000118,12.42784641634072,True,True,False,True,100,False,1
model_s0,shortcut,51000119,12.42784641634072,True,True,False,True,100,False,1
model_s0,shortcut,51000120,11.72950912024697,True,True,False,True,000,False,0
model_s0,shortcut,51000121,13.16293830696572,True,True,False,True,111,True,2
model_s0,shortcut,51000122,1.6166847902302715,True,True,False,True,100,False,1
model_s0,shortcut,51000123,13.16293830696572,True,True,False,True,100,False,1
model_s0,shortcut,51000124,9.837102339994921,True,False,True,False,000,False,0
model_s0,shortcut,51000125,12.42784641634072,True,True,False,True,100,False,1
model_s0,shortcut,51000126,13.16293830696572,True,True,False,True,100,False,1
model_s0,shortcut,51000127,2.75387577332448,True,True,False,True,111,True,2
model_s0,lower,51000000,0.0,False,False,False,False,00000,False,0
model_s0,lower,51000001,11.72950912024697,True,False,False,True,10000,False,1
model_s0,lower,51000002,0.0,False,False,False,False,10000,False,1
model_s0,lower,51000003,0.0,False,False,False,False,00000,False,0
model_s0,lower,51000004,9.268302247718463,True,False,False,True,10000,False,1
model_s0,lower,51000005,11.72950912024697,True,False,False,True,10000,False,1
model_s0,lower,51000006,0.0,False,False,False,False,10000,False,1
model_s0,lower,51000007,12.42784641634072,True,False,False,True,10000,False,1
model_s0,lower,51000008,9.837102339994921,True,False,False,True,10000,False,1
model_s0,lower,51000009,12.42784641634072,True,False,False,True,10000,False,1
model_s0,lower,51000010,11.066088688957908,True,False,False,True,00000,False,0
model_s0,lower,51000011,1.2936698410136713,False,False,False,True,10000,False,1
model_s0,lower,51000012,11.066088688957908,True,False,False,True,10000,False,1
model_s0,lower,51000013,0.0,False,False,False,False,00000,False,0
model_s0,lower,51000014,0.0,False,False,False,False,10000,False,1
model_s0,lower,51000015,11.066088688957908,True,False,False,True,10000,False,1
model_s0,lower,51000016,0.0,False,False,False,False,10000,False,1
model_s0,lower,51000017,11.066088688957908,True,False,False,True,10000,False,1
model_s0,lower,51000018,1.1091601799390962,False,False,False,True,10000,False,1
model_s0,lower,51000019,0.0,False,False,False,False,10000,False,1
model_s0,lower,51000020,12.42784641634072,True,False,False,True,10000,False,1
model_s0,lower,51000021,10.4358392792333,True,False,False,True,10000,False,1
model_s0,lower,51000022,11.72950912024697,True,False,False,True,10000,False,1
model_s0,lower,51000023,6.823507198849272,True,False,False,True,10000,False,1
model_s0,lower,51000024,3.2176381995723773,True,False,False,True,10000,False,1
model_s0,lower,51000025,0.0,False,False,False,False,10000,False,1
model_s0,lower,51000026,12.42784641634072,True,False,False,True,10000,False,1
model_s0,lower,51000027,12.42784641634072,True,False,False,True,10000,False,1
model_s0,lower,51000028,12.42784641634072,True,False,False,True,10000,False,1
model_s0,lower,51000029,12.42784641634072,True,False,False,True,10000,False,1
model_s0,lower,51000030,7.263633867501038,True,False,False,True,10000,False,1
model_s0,lower,51000031,12.42784641634072,True,False,False,True,10000,False,1
model_s0,lower,51000032,11.72950912024697,True,False,False,True,00000,False,0
model_s0,lower,51000033,12.42784641634072,True,False,False,True,10000,False,1
model_s0,lower,51000034,12.42784641634072,True,False,False,True,10000,False,1
model_s0,lower,51000035,0.0,False,False,False,True,10000,False,1
model_s0,lower,51000036,12.42784641634072,True,False,False,True,10000,False,1
model_s0,lower,51000037,11.066088688957908,True,False,False,True,10000,False,1
model_s0,lower,51000038,10.4358392792333,True,False,False,True,10000,False,1
model_s0,lower,51000039,11.72950912024697,True,False,False,True,10000,False,1
model_s0,lower,51000040,9.268302247718463,True,False,False,True,00000,False,0
model_s0,lower,51000041,0.0,False,False,False,False,10000,False,1
model_s0,lower,51000042,11.72950912024697,True,False,False,True,10000,False,1
model_s0,lower,51000043,0.10467395472325501,False,False,False,True,10000,False,1
model_s0,lower,51000044,8.727942160055825,True,False,False,True,10000,False,1
model_s0,lower,51000045,0.0,False,False,False,False,10000,False,1
model_s0,lower,51000046,9.837102339994921,True,False,False,True,00000,False,0
model_s0,lower,51000047,1.7827681742178785,True,False,False,True,10000,False,1
model_s0,lower,51000048,0.0,False,False,False,False,10000,False,1
model_s0,lower,51000049,9.837102339994921,True,True,True,False,11000,False,2
model_s0,lower,51000050,0.0,False,False,False,False,10000,False,1
model_s0,lower,51000051,7.263633867501038,True,False,False,True,00000,False,0
model_s0,lower,51000052,11.72950912024697,True,False,False,True,00000,False,0
model_s0,lower,51000053,12.42784641634072,True,False,False,True,10000,False,1
model_s0,lower,51000054,3.2176381995723773,True,False,False,True,10000,False,1
model_s0,lower,51000055,12.42784641634072,True,False,False,True,10000,False,1
model_s0,lower,51000056,11.72950912024697,True,False,False,True,10000,False,1
model_s0,lower,51000057,11.066088688957908,True,False,False,True,10000,False,1
model_s0,lower,51000058,9.268302247718463,True,True,True,False,10000,False,1
model_s0,lower,51000059,12.42784641634072,True,False,False,True,10000,False,1
model_s0,lower,51000060,11.066088688957908,True,False,False,True,00000,False,0
model_s0,lower,51000061,12.42784641634072,True,False,False,True,10000,False,1
model_s0,lower,51000062,11.066088688957908,True,False,False,True,10000,False,1
model_s0,lower,51000063,11.066088688957908,True,False,False,True,10000,False,1
model_s0,lower,51000064,0.0,False,False,False,False,00000,False,0
model_s0,lower,51000065,12.42784641634072,True,False,False,True,10000,False,1
model_s0,lower,51000066,11.72950912024697,True,False,False,True,10000,False,1
model_s0,lower,51000067,11.066088688957908,True,False,False,True,10000,False,1
model_s0,lower,51000068,9.268302247718463,True,True,True,False,00000,False,0
model_s0,lower,51000069,10.4358392792333,True,True,True,False,00000,False,0
model_s0,lower,51000070,0.0,False,False,False,False,10000,False,1
model_s0,lower,51000071,8.727942160055825,True,True,True,False,00000,False,0
model_s0,lower,51000072,11.066088688957908,True,False,False,True,10000,False,1
model_s0,lower,51000073,7.263633867501038,True,False,False,True,10000,False,1
model_s0,lower,51000074,0.0,False,False,False,False,00000,False,0
model_s0,lower,51000075,12.42784641634072,True,False,False,True,00000,False,0
model_s0,lower,51000076,6.008172545171877,True,False,False,True,10000,False,1
model_s0,lower,51000077,0.0,False,False,False,False,10000,False,1
model_s0,lower,51000078,0.0,False,False,False,False,10000,False,1
model_s0,lower,51000079,10.4358392792333,True,False,False,True,10000,False,1
model_s0,lower,51000080,12.42784641634072,True,False,False,True,10000,False,1
model_s0,lower,51000081,10.4358392792333,True,True,True,False,11000,False,2
model_s0,lower,51000082,12.42784641634072,True,False,False,True,10000,False,1
model_s0,lower,51000083,13.16293830696572,True,False,False,True,10000,False,1
model_s0,lower,51000084,11.099259710522361,True,False,False,True,10000,False,1
model_s0,lower,51000085,12.42784641634072,True,False,False,True,10000,False,1
model_s0,lower,51000086,9.837102339994921,True,False,False,True,10000,False,1
model_s0,lower,51000087,11.72950912024697,True,False,False,True,10000,False,1
model_s0,lower,51000088,0.0,False,False,False,False,10000,False,1
model_s0,lower,51000089,11.72950912024697,True,False,False,True,00000,False,0
model_s0,lower,51000090,0.0,False,False,False,True,10000,False,1
model_s0,lower,51000091,0.0,False,False,False,False,10000,False,1
model_s0,lower,51000092,1.361757727382812,False,False,False,True,10000,False,1
model_s0,lower,51000093,11.72950912024697,True,False,False,True,10000,False,1
model_s0,lower,51000094,11.066088688957908,True,False,False,True,10000,False,1
model_s0,lower,51000095,10.4358392792333,True,False,False,True,10000,False,1
model_s0,lower,51000096,11.066088688957908,True,False,False,True,10000,False,1
model_s0,lower,51000097,12.42784641634072,True,False,False,True,10000,False,1
model_s0,lower,51000098,0.0,False,False,False,False,10000,False,1
model_s0,lower,51000099,12.42784641634072,True,False,False,True,10000,False,1
model_s0,lower,51000100,12.42784641634072,True,False,False,True,10000,False,1
model_s0,lower,51000101,7.263633867501038,True,False,False,True,10000,False,1
model_s0,lower,51000102,12.42784641634072,True,False,False,True,10000,False,1
model_s0,lower,51000103,0.0,False,False,False,False,00000,False,0
model_s0,lower,51000104,11.72950912024697,True,False,False,True,00000,False,0
model_s0,lower,51000105,12.42784641634072,True,False,False,True,10000,False,1
model_s0,lower,51000106,11.066088688957908,True,False,False,True,10000,False,1
model_s0,lower,51000107,11.72950912024697,True,False,False,True,00000,False,0
model_s0,lower,51000108,0.0,False,False,False,True,10000,False,1
model_s0,lower,51000109,11.72950912024697,True,False,False,True,10000,False,1
model_s0,lower,51000110,11.72950912024697,True,False,False,True,10000,False,1
model_s0,lower,51000111,0.0,False,False,False,False,10000,False,1
model_s0,lower,51000112,9.268302247718463,True,False,False,True,10000,False,1
model_s0,lower,51000113,9.268302247718463,True,False,False,True,10000,False,1
model_s0,lower,51000114,0.664762699165842,True,False,False,True,10000,False,1
model_s0,lower,51000115,11.72950912024697,True,False,False,True,00000,False,0
model_s0,lower,51000116,12.42784641634072,True,False,False,True,10000,False,1
model_s0,lower,51000117,12.42784641634072,True,False,False,True,10000,False,1
model_s0,lower,51000118,10.4358392792333,True,False,False,True,10000,False,1
model_s0,lower,51000119,11.72950912024697,True,False,False,True,10000,False,1
model_s0,lower,51000120,11.72950912024697,True,False,False,True,00000,False,0
model_s0,lower,51000121,12.42784641634072,True,False,False,True,10000,False,1
model_s0,lower,51000122,1.0313436257677986,True,False,False,True,10000,False,1
model_s0,lower,51000123,12.42784641634072,True,False,False,True,10000,False,1
model_s0,lower,51000124,9.837102339994921,True,True,True,False,00000,False,0
model_s0,lower,51000125,11.72950912024697,True,False,False,True,10000,False,1
model_s0,lower,51000126,12.42784641634072,True,False,False,True,10000,False,1
model_s0,lower,51000127,2.5392370093815426,True,False,False,True,10000,False,1
model_s1,shortcut,51000000,0.0,False,False,False,False,000,False,0
model_s1,shortcut,51000001,12.42784641634072,True,True,False,True,100,False,1
model_s1,shortcut,51000002,7.263633867501038,True,True,False,True,100,False,1
model_s1,shortcut,51000003,12.42784641634072,True,True,False,True,000,False,0
model_s1,shortcut,51000004,4.931771393939913,True,True,False,True,100,False,1
model_s1,shortcut,51000005,12.42784641634072,True,True,False,True,100,False,1
model_s1,shortcut,51000006,6.4053868636300955,True,True,False,True,100,False,1
model_s1,shortcut,51000007,13.16293830696572,True,True,False,True,100,False,1
model_s1,shortcut,51000008,10.4358392792333,True,True,False,True,111,True,2
model_s1,shortcut,51000009,13.16293830696572,True,True,False,True,100,False,1
model_s1,shortcut,51000010,12.42784641634072,True,True,False,True,000,False,0
model_s1,shortcut,51000011,12.42784641634072,True,True,False,True,000,False,0
model_s1,shortcut,51000012,11.066088688957908,True,True,False,True,100,False,1
model_s1,shortcut,51000013,12.42784641634072,True,True,False,True,000,False,0
model_s1,shortcut,51000014,2.3353301836357523,True,True,False,True,111,True,2
model_s1,shortcut,51000015,11.72950912024697,True,True,False,True,100,False,1
model_s1,shortcut,51000016,12.42784641634072,True,True,False,True,100,False,1
model_s1,shortcut,51000017,11.72950912024697,True,True,False,True,100,False,1
model_s1,shortcut,51000018,11.72950912024697,True,True,False,True,100,False,1
model_s1,shortcut,51000019,0.7807449204658475,True,True,False,True,111,True,2
model_s1,shortcut,51000020,13.16293830696572,True,True,False,True,111,True,2
model_s1,shortcut,51000021,11.72950912024697,True,True,False,True,100,False,1
model_s1,shortcut,51000022,12.42784641634072,True,True,False,True,000,False,0
model_s1,shortcut,51000023,8.214600076776321,True,True,False,True,111,True,2
model_s1,shortcut,51000024,9.268302247718463,True,True,False,True,111,True,2
model_s1,shortcut,51000025,8.727942160055825,True,True,False,True,111,True,2
model_s1,shortcut,51000026,13.16293830696572,True,True,False,True,100,False,1
model_s1,shortcut,51000027,13.16293830696572,True,True,False,True,100,False,1
model_s1,shortcut,51000028,13.16293830696572,True,True,False,True,100,False,1
model_s1,shortcut,51000029,13.16293830696572,True,True,False,True,100,False,1
model_s1,shortcut,51000030,6.4053868636300955,True,False,True,False,111,True,2
model_s1,shortcut,51000031,13.16293830696572,True,True,False,True,100,False,1
model_s1,shortcut,51000032,13.16293830696572,True,True,False,True,000,False,0
model_s1,shortcut,51000033,13.16293830696572,True,True,False,True,111,True,2
model_s1,shortcut,51000034,12.42784641634072,True,True,False,True,100,False,1
model_s1,shortcut,51000035,11.72950912024697,True,True,False,True,100,False,1
model_s1,shortcut,51000036,13.16293830696572,True,True,False,True,111,True,2
model_s1,shortcut,51000037,11.066088688957908,True,True,False,True,111,True,2
model_s1,shortcut,51000038,12.42784641634072,True,True,False,True,000,False,0
model_s1,shortcut,51000039,12.42784641634072,True,True,False,True,111,True,2
model_s1,shortcut,51000040,13.16293830696572,True,True,False,True,000,False,0
model_s1,shortcut,51000041,11.066088688957908,True,True,False,True,111,True,2
model_s1,shortcut,51000042,12.42784641634072,True,True,False,True,100,False,1
model_s1,shortcut,51000043,12.42784641634072,True,True,False,True,100,False,1
model_s1,shortcut,51000044,8.727942160055825,True,True,False,True,111,True,2
model_s1,shortcut,51000045,1.3090153213932292,True,True,False,True,111,True,2
model_s1,shortcut,51000046,1.1666195800468546,True,True,False,True,000,False,0
model_s1,shortcut,51000047,0.0,False,True,False,True,100,False,1
model_s1,shortcut,51000048,11.72950912024697,True,True,False,True,000,False,0
model_s1,shortcut,51000049,9.837102339994921,True,False,True,False,111,True,2
model_s1,shortcut,51000050,4.608237848966204,True,True,False,True,111,True,2
model_s1,shortcut,51000051,11.72950912024697,True,True,False,True,000,False,0
model_s1,shortcut,51000052,12.42784641634072,True,True,False,True,000,False,0
model_s1,shortcut,51000053,13.16293830696572,True,True,False,True,100,False,1
model_s1,shortcut,51000054,3.2176381995723773,True,True,False,True,000,False,0
model_s1,shortcut,51000055,13.16293830696572,True,True,False,True,100,False,1
model_s1,shortcut,51000056,12.42784641634072,True,True,False,True,100,False,1
model_s1,shortcut,51000057,11.72950912024697,True,True,False,True,100,False,1
model_s1,shortcut,51000058,10.4358392792333,True,False,True,False,111,True,2
model_s1,shortcut,51000059,13.16293830696572,True,True,False,True,100,False,1
model_s1,shortcut,51000060,12.42784641634072,True,True,False,True,000,False,0
model_s1,shortcut,51000061,13.16293830696572,True,True,False,True,111,True,2
model_s1,shortcut,51000062,11.066088688957908,True,True,False,True,100,False,1
model_s1,shortcut,51000063,11.72950912024697,True,True,False,True,111,True,2
model_s1,shortcut,51000064,7.72692509766079,True,True,False,True,000,False,0
model_s1,shortcut,51000065,13.16293830696572,True,True,False,True,100,False,1
model_s1,shortcut,51000066,12.42784641634072,True,True,False,True,100,False,1
model_s1,shortcut,51000067,9.837102339994921,True,True,False,True,100,False,1
model_s1,shortcut,51000068,3.2176381995723773,True,True,False,True,000,False,0
model_s1,shortcut,51000069,12.42784641634072,True,False,True,False,000,False,0
model_s1,shortcut,51000070,8.214600076776321,True,True,False,True,111,True,2
model_s1,shortcut,51000071,9.837102339994921,True,False,True,False,000,False,0
model_s1,shortcut,51000072,11.72950912024697,True,True,False,True,100,False,1
model_s1,shortcut,51000073,7.72692509766079,True,True,False,True,000,False,0
model_s1,shortcut,51000074,12.42784641634072,True,True,False,True,000,False,0
model_s1,shortcut,51000075,13.16293830696572,True,True,False,True,000,False,0
model_s1,shortcut,51000076,6.4053868636300955,True,True,False,True,111,True,2
model_s1,shortcut,51000077,7.263633867501038,True,True,False,True,100,False,1
model_s1,shortcut,51000078,6.4053868636300955,True,True,False,True,111,True,2
model_s1,shortcut,51000079,11.066088688957908,True,True,False,True,100,False,1
model_s1,shortcut,51000080,13.16293830696572,True,True,False,True,100,False,1
model_s1,shortcut,51000081,10.4358392792333,True,False,True,False,100,False,1
model_s1,shortcut,51000082,13.16293830696572,True,True,False,True,100,False,1
model_s1,shortcut,51000083,13.16293830696572,True,True,False,True,111,True,2
model_s1,shortcut,51000084,13.16293830696572,True,True,False,True,111,True,2
model_s1,shortcut,51000085,13.16293830696572,True,True,False,True,100,False,1
model_s1,shortcut,51000086,11.066088688957908,True,True,False,True,100,False,1
model_s1,shortcut,51000087,11.72950912024697,True,True,False,True,100,False,1
model_s1,shortcut,51000088,11.72950912024697,True,True,False,True,111,True,2
model_s1,shortcut,51000089,12.42784641634072,True,True,False,True,000,False,0
model_s1,shortcut,51000090,8.214600076776321,True,True,False,True,100,False,1
model_s1,shortcut,51000091,11.72950912024697,True,True,False,True,111,True,2
model_s1,shortcut,51000092,13.16293830696572,True,True,False,True,000,False,0
model_s1,shortcut,51000093,12.42784641634072,True,True,False,True,111,True,2
model_s1,shortcut,51000094,11.72950912024697,True,True,False,True,100,False,1
model_s1,shortcut,51000095,11.066088688957908,True,True,False,True,111,True,2
model_s1,shortcut,51000096,11.72950912024697,True,True,False,True,111,True,2
model_s1,shortcut,51000097,13.16293830696572,True,True,False,True,000,False,0
model_s1,shortcut,51000098,0.7807449204658475,True,True,False,True,111,True,2
model_s1,shortcut,51000099,13.16293830696572,True,True,False,True,100,False,1
model_s1,shortcut,51000100,13.16293830696572,True,True,False,True,111,True,2
model_s1,shortcut,51000101,7.263633867501038,True,True,False,True,111,True,2
model_s1,shortcut,51000102,13.16293830696572,True,True,False,True,100,False,1
model_s1,shortcut,51000103,13.16293830696572,True,True,False,True,000,False,0
model_s1,shortcut,51000104,13.16293830696572,True,True,False,True,000,False,0
model_s1,shortcut,51000105,13.16293830696572,True,True,False,True,100,False,1
model_s1,shortcut,51000106,11.72950912024697,True,True,False,True,000,False,0
model_s1,shortcut,51000107,13.16293830696572,True,True,False,True,000,False,0
model_s1,shortcut,51000108,10.4358392792333,True,True,False,True,000,False,0
model_s1,shortcut,51000109,12.42784641634072,True,True,False,True,111,True,2
model_s1,shortcut,51000110,11.066088688957908,True,True,False,True,100,False,1
model_s1,shortcut,51000111,9.837102339994921,True,True,False,True,100,False,1
model_s1,shortcut,51000112,9.837102339994921,True,False,True,False,100,False,1
model_s1,shortcut,51000113,9.837102339994921,True,True,False,True,100,False,1
model_s1,shortcut,51000114,13.16293830696572,True,True,False,True,100,False,1
model_s1,shortcut,51000115,13.16293830696572,True,True,False,True,000,False,0
model_s1,shortcut,51000116,13.16293830696572,True,True,False,True,111,True,2
model_s1,shortcut,51000117,13.16293830696572,True,True,False,True,100,False,1
model_s1,shortcut,51000118,12.42784641634072,True,True,False,True,100,False,1
model_s1,shortcut,51000119,12.42784641634072,True,True,False,True,100,False,1
model_s1,shortcut,51000120,13.16293830696572,True,True,False,True,000,False,0
model_s1,shortcut,51000121,13.16293830696572,True,True,False,True,111,True,2
model_s1,shortcut,51000122,1.3090153213932292,True,True,False,True,000,False,0
model_s1,shortcut,51000123,13.16293830696572,True,True,False,True,100,False,1
model_s1,shortcut,51000124,11.066088688957908,True,False,True,False,000,False,0
model_s1,shortcut,51000125,12.42784641634072,True,True,False,True,100,False,1
model_s1,shortcut,51000126,13.16293830696572,True,True,False,True,100,False,1
model_s1,shortcut,51000127,2.9798113143170455,True,True,False,True,111,True,2
model_s1,lower,51000000,0.0,False,False,False,False,00000,False,0
model_s1,lower,51000001,12.42784641634072,True,False,False,True,10000,False,1
model_s1,lower,51000002,0.0,False,False,False,False,10000,False,1
model_s1,lower,51000003,12.42784641634072,True,False,False,True,00000,False,0
model_s1,lower,51000004,9.837102339994921,True,False,False,True,10000,False,1
model_s1,lower,51000005,12.42784641634072,True,False,False,True,10000,False,1
model_s1,lower,51000006,12.42784641634072,True,False,False,True,10000,False,1
model_s1,lower,51000007,13.16293830696572,True,False,False,True,10000,False,1
model_s1,lower,51000008,6.823507198849272,True,False,False,True,10000,False,1
model_s1,lower,51000009,13.16293830696572,True,False,False,True,10000,False,1
model_s1,lower,51000010,12.42784641634072,True,False,False,True,00000,False,0
model_s1,lower,51000011,12.42784641634072,True,False,False,True,00000,False,0
model_s1,lower,51000012,11.72950912024697,True,False,False,True,10000,False,1
model_s1,lower,51000013,12.42784641634072,True,False,False,True,00000,False,0
model_s1,lower,51000014,11.72950912024697,True,False,False,True,10000,False,1
model_s1,lower,51000015,11.72950912024697,True,False,False,True,10000,False,1
model_s1,lower,51000016,12.42784641634072,True,False,False,True,10000,False,1
model_s1,lower,51000017,12.42784641634072,True,False,False,True,10000,False,1
model_s1,lower,51000018,12.42784641634072,True,False,False,True,10000,False,1
model_s1,lower,51000019,11.066088688957908,True,False,False,True,10000,False,1
model_s1,lower,51000020,13.16293830696572,True,False,False,True,10000,False,1
model_s1,lower,51000021,12.42784641634072,True,False,False,True,10000,False,1
model_s1,lower,51000022,12.42784641634072,True,False,False,True,00000,False,0
model_s1,lower,51000023,8.214600076776321,True,False,False,True,10000,False,1
model_s1,lower,51000024,0.0,False,False,False,False,10000,False,1
model_s1,lower,51000025,12.42784641634072,True,False,False,True,10000,False,1
model_s1,lower,51000026,13.16293830696572,True,False,False,True,10000,False,1
model_s1,lower,51000027,13.16293830696572,True,False,False,True,10000,False,1
model_s1,lower,51000028,13.16293830696572,True,False,False,True,10000,False,1
model_s1,lower,51000029,13.16293830696572,True,False,False,True,10000,False,1
model_s1,lower,51000030,7.263633867501038,True,False,False,True,10000,False,1
model_s1,lower,51000031,13.16293830696572,True,False,False,True,10000,False,1
model_s1,lower,51000032,13.16293830696572,True,False,False,True,00000,False,0
model_s1,lower,51000033,11.72950912024697,True,False,False,True,10000,False,1
model_s1,lower,51000034,12.42784641634072,True,False,False,True,10000,False,1
model_s1,lower,51000035,13.16293830696572,True,False,False,True,10000,False,1
model_s1,lower,51000036,13.16293830696572,True,False,False,True,10000,False,1
model_s1,lower,51000037,12.42784641634072,True,False,False,True,10000,False,1
model_s1,lower,51000038,12.42784641634072,True,False,False,True,00000,False,0
model_s1,lower,51000039,13.16293830696572,True,False,False,True,10000,False,1
model_s1,lower,51000040,13.16293830696572,True,False,False,True,00000,False,0
model_s1,lower,51000041,12.42784641634072,True,False,False,True,10000,False,1
model_s1,lower,51000042,13.16293830696572,True,False,False,True,10000,False,1
model_s1,lower,51000043,12.42784641634072,True,False,False,True,10000,False,1
model_s1,lower,51000044,5.272333020228028,True,False,False,True,10000,False,1
model_s1,lower,51000045,0.0,False,False,False,False,10000,False,1
model_s1,lower,51000046,1.1666195800468546,True,False,False,True,00000,False,0
model_s1,lower,51000047,11.72950912024697,True,False,False,True,10000,False,1
model_s1,lower,51000048,11.72950912024697,True,False,False,True,00000,False,0
model_s1,lower,51000049,9.837102339994921,True,True,True,False,11000,False,2
model_s1,lower,51000050,0.0,False,False,False,True,10000,False,1
model_s1,lower,51000051,11.72950912024697,True,False,False,True,00000,False,0
model_s1,lower,51000052,12.42784641634072,True,False,False,True,00000,False,0
model_s1,lower,51000053,13.16293830696572,True,False,False,True,10000,False,1
model_s1,lower,51000054,3.2176381995723773,True,False,False,True,00000,False,0
model_s1,lower,51000055,4.608237848966204,True,False,False,True,10000,False,1
model_s1,lower,51000056,13.16293830696572,True,False,False,True,10000,False,1
model_s1,lower,51000057,12.42784641634072,True,False,False,True,10000,False,1
model_s1,lower,51000058,10.4358392792333,True,True,True,False,10000,False,1
model_s1,lower,51000059,13.16293830696572,True,False,False,True,10000,False,1
model_s1,lower,51000060,12.42784641634072,True,False,False,True,00000,False,0
model_s1,lower,51000061,13.16293830696572,True,False,False,True,10000,False,1
model_s1,lower,51000062,11.72950912024697,True,False,False,True,10000,False,1
model_s1,lower,51000063,12.42784641634072,True,False,False,True,10000,False,1
model_s1,lower,51000064,7.72692509766079,True,False,False,True,00000,False,0
model_s1,lower,51000065,13.16293830696572,True,False,False,True,10000,False,1
model_s1,lower,51000066,12.42784641634072,True,False,False,True,10000,False,1
model_s1,lower,51000067,11.72950912024697,True,False,False,True,10000,False,1
model_s1,lower,51000068,3.2176381995723773,True,False,False,True,00000,False,0
model_s1,lower,51000069,12.42784641634072,True,True,True,False,00000,False,0
model_s1,lower,51000070,1.2002690101593387,False,False,False,True,10000,False,1
model_s1,lower,51000071,9.837102339994921,True,True,True,False,00000,False,0
model_s1,lower,51000072,12.42784641634072,True,False,False,True,10000,False,1
model_s1,lower,51000073,7.72692509766079,True,False,False,True,00000,False,0
model_s1,lower,51000074,12.42784641634072,True,False,False,True,00000,False,0
model_s1,lower,51000075,13.16293830696572,True,False,False,True,00000,False,0
model_s1,lower,51000076,0.0,False,False,False,True,10000,False,1
model_s1,lower,51000077,13.16293830696572,True,False,False,True,10000,False,1
model_s1,lower,51000078,12.42784641634072,True,False,False,True,10000,False,1
model_s1,lower,51000079,11.066088688957908,True,False,False,True,10000,False,1
model_s1,lower,51000080,13.16293830696572,True,False,False,True,10000,False,1
model_s1,lower,51000081,10.4358392792333,True,True,True,False,11000,False,2
model_s1,lower,51000082,13.16293830696572,True,False,False,True,10000,False,1
model_s1,lower,51000083,13.16293830696572,True,False,False,True,10000,False,1
model_s1,lower,51000084,13.16293830696572,True,False,False,True,10000,False,1
model_s1,lower,51000085,13.16293830696572,True,False,False,True,10000,False,1
model_s1,lower,51000086,11.066088688957908,True,False,False,True,10000,False,1
model_s1,lower,51000087,12.42784641634072,True,False,False,True,10000,False,1
model_s1,lower,51000088,12.42784641634072,True,False,False,True,10000,False,1
model_s1,lower,51000089,12.42784641634072,True,False,False,True,00000,False,0
model_s1,lower,51000090,0.46329123015975304,False,False,False,True,10000,False,1
model_s1,lower,51000091,11.72950912024697,True,False,False,True,10000,False,1
model_s1,lower,51000092,13.16293830696572,True,False,False,True,00000,False,0
model_s1,lower,51000093,12.42784641634072,True,False,False,True,10000,False,1
model_s1,lower,51000094,11.066088688957908,True,False,False,True,10000,False,1
model_s1,lower,51000095,12.42784641634072,True,False,False,True,10000,False,1
model_s1,lower,51000096,12.42784641634072,True,False,False,True,10000,False,1
model_s1,lower,51000097,13.16293830696572,True,False,False,True,00000,False,0
model_s1,lower,51000098,11.066088688957908,True,False,False,True,10000,False,1
model_s1,lower,51000099,13.16293830696572,True,False,False,True,10000,False,1
model_s1,lower,51000100,13.16293830696572,True,False,False,True,10000,False,1
model_s1,lower,51000101,8.727942160055825,True,False,False,True,10000,False,1
model_s1,lower,51000102,13.16293830696572,True,False,False,True,10000,False,1
model_s1,lower,51000103,13.16293830696572,True,False,False,True,00000,False,0
model_s1,lower,51000104,13.16293830696572,True,False,False,True,00000,False,0
model_s1,lower,51000105,13.16293830696572,True,False,False,True,10000,False,1
model_s1,lower,51000106,11.72950912024697,True,False,False,True,00000,False,0
model_s1,lower,51000107,13.16293830696572,True,False,False,True,00000,False,0
model_s1,lower,51000108,10.4358392792333,True,False,False,True,00000,False,0
model_s1,lower,51000109,12.42784641634072,True,False,False,True,10000,False,1
model_s1,lower,51000110,11.066088688957908,True,False,False,True,10000,False,1
model_s1,lower,51000111,2.5907440763458,False,False,False,True,10000,False,1
model_s1,lower,51000112,1.1666195800468546,True,False,False,True,10000,False,1
model_s1,lower,51000113,11.066088688957908,True,False,False,True,10000,False,1
model_s1,lower,51000114,13.16293830696572,True,False,False,True,10000,False,1
model_s1,lower,51000115,13.16293830696572,True,False,False,True,00000,False,0
model_s1,lower,51000116,13.16293830696572,True,False,False,True,10000,False,1
model_s1,lower,51000117,13.16293830696572,True,False,False,True,10000,False,1
model_s1,lower,51000118,13.16293830696572,True,False,False,True,10000,False,1
model_s1,lower,51000119,13.16293830696572,True,False,False,True,10000,False,1
model_s1,lower,51000120,13.16293830696572,True,False,False,True,00000,False,0
model_s1,lower,51000121,13.16293830696572,True,False,False,True,10000,False,1
model_s1,lower,51000122,1.3090153213932292,True,False,False,True,00000,False,0
model_s1,lower,51000123,13.16293830696572,True,False,False,True,10000,False,1
model_s1,lower,51000124,11.066088688957908,True,True,True,False,00000,False,0
model_s1,lower,51000125,12.42784641634072,True,False,False,True,10000,False,1
model_s1,lower,51000126,13.16293830696572,True,False,False,True,10000,False,1
model_s1,lower,51000127,0.0,False,False,False,False,10000,False,1
