parameters,emitter,condition,epsilon,zero_denominators,projection_frequency,atom_frequency,count,median,p90,p95,p99,p99_9,max,above_1,above_1.05,above_1.25,above_2,above_5,atom_switch_fraction
frobenius_s0,frobenius,diagonal_center_fixed_xprime,0.1,0,0.072265625,0.09375,256,0.2902477297074997,0.42673674729625527,0.4594524499653676,0.4734575853685852,0.49196349768769315,0.49204960488701344,0.0,0.0,0.0,0.0,0.0,
frobenius_s0,frobenius,diagonal_center_fixed_xprime,0.03,0,0.013671875,0.08203125,256,0.3161874278880187,0.43355815764633804,0.4614363544646659,0.4746791088079975,0.4919711156424847,0.49206086012648387,0.0,0.0,0.0,0.0,0.0,
frobenius_s0,frobenius,diagonal_center_fixed_xprime,0.01,0,0.01953125,0.078125,256,0.30022312368536097,0.43152316918759726,0.4622702570358816,0.4747074665134175,0.49193571488164833,0.4920254587519359,0.0,0.0,0.0,0.0,0.0,
frobenius_s0,frobenius,diagonal_center_fixed_xprime,0.003,0,0.013671875,0.09765625,256,0.30262598918743777,0.43504452265525395,0.4641463369767259,0.47476417285788275,0.49190843014328256,0.491967736909128,0.0,0.0,0.0,0.0,0.0,
frobenius_s0,frobenius,diagonal_center_fixed_xprime,0.001,0,0.025390625,0.0859375,256,0.29638322907386266,0.42726325156753586,0.46122586830310097,0.47450525233185914,0.49190369345523743,0.49194818878114654,0.0,0.0,0.0,0.0,0.0,
frobenius_s0,frobenius,off_diagonal_fixed_xprime,0.1,0,0.078125,0.09375,256,0.29822685985194275,0.43151611826946823,0.453673338352825,0.47248805097552066,0.4874703568870727,0.4917163682003253,0.0,0.0,0.0,0.0,0.0,
frobenius_s0,frobenius,off_diagonal_fixed_xprime,0.03,0,0.06640625,0.08203125,256,0.3019346596580785,0.43151305290679054,0.4536692987270434,0.4724946829318821,0.487474797537458,0.4917237162670593,0.0,0.0,0.0,0.0,0.0,
frobenius_s0,frobenius,off_diagonal_fixed_xprime,0.01,0,0.06640625,0.078125,256,0.3019484034287082,0.43152022504334275,0.4536896939435069,0.4724833789144981,0.48747250448889057,0.49171790820472294,0.0,0.0,0.0,0.0,0.0,
frobenius_s0,frobenius,off_diagonal_fixed_xprime,0.003,0,0.05859375,0.09765625,256,0.30650964873008224,0.4355546461331855,0.4547077263706367,0.4735420679646334,0.4874981222507501,0.4917641943648132,0.0,0.0,0.0,0.0,0.0,
frobenius_s0,frobenius,off_diagonal_fixed_xprime,0.001,0,0.06640625,0.0859375,256,0.30326408709265557,0.43144027255683565,0.4536767935156554,0.4723941385464036,0.48753296616998454,0.4917736973069932,0.0,0.0,0.0,0.0,0.0,
frobenius_s0,spectral,diagonal_center_fixed_xprime,0.1,0,0.072265625,0.09375,256,0.2902477297074997,0.42673674729625527,0.4594524499653676,0.4734575853685852,0.49196349768769315,0.49204960488701344,0.0,0.0,0.0,0.0,0.0,
frobenius_s0,spectral,diagonal_center_fixed_xprime,0.03,0,0.013671875,0.08203125,256,0.3161874278880187,0.43355815764633804,0.4614363544646659,0.4746791088079975,0.4919711156424847,0.49206086012648387,0.0,0.0,0.0,0.0,0.0,
frobenius_s0,spectral,diagonal_center_fixed_xprime,0.01,0,0.01953125,0.078125,256,0.30022312368536097,0.43152316918759726,0.4622702570358816,0.4747074665134175,0.49193571488164833,0.4920254587519359,0.0,0.0,0.0,0.0,0.0,
frobenius_s0,spectral,diagonal_center_fixed_xprime,0.003,0,0.013671875,0.09765625,256,0.30262598918743777,0.43504452265525395,0.4641463369767259,0.47476417285788275,0.49190843014328256,0.491967736909128,0.0,0.0,0.0,0.0,0.0,
frobenius_s0,spectral,diagonal_center_fixed_xprime,0.001,0,0.025390625,0.0859375,256,0.29638322907386266,0.42726325156753586,0.46122586830310097,0.47450525233185914,0.49190369345523743,0.49194818878114654,0.0,0.0,0.0,0.0,0.0,
frobenius_s0,spectral,off_diagonal_fixed_xprime,0.1,0,0.078125,0.09375,256,0.29822685985194275,0.43151611826946823,0.453673338352825,0.47248805097552066,0.4874703568870727,0.4917163682003253,0.0,0.0,0.0,0.0,0.0,
frobenius_s0,spectral,off_diagonal_fixed_xprime,0.03,0,0.06640625,0.08203125,256,0.3019346596580785,0.43151305290679054,0.4536692987270434,0.4724946829318821,0.487474797537458,0.4917237162670593,0.0,0.0,0.0,0.0,0.0,
frobenius_s0,spectral,off_diagonal_fixed_xprime,0.01,0,0.06640625,0.078125,256,0.3019484034287082,0.43152022504334275,0.4536896939435069,0.4724833789144981,0.48747250448889057,0.49171790820472294,0.0,0.0,0.0,0.0,0.0,
frobenius_s0,spectral,off_diagonal_fixed_xprime,0.003,0,0.05859375,0.09765625,256,0.30650964873008224,0.4355546461331855,0.4547077263706367,0.4735420679646334,0.4874981222507501,0.4917641943648132,0.0,0.0,0.0,0.0,0.0,
frobenius_s0,spectral,off_diagonal_fixed_xprime,0.001,0,0.06640625,0.0859375,256,0.30326408709265557,0.43144027255683565,0.4536767935156554,0.4723941385464036,0.48753296616998454,0.4917736973069932,0.0,0.0,0.0,0.0,0.0,
frobenius_s0,diagonal,both_action_slots_vary,0.1,0,,,256,0.9958712504987131,1.0154374800664212,1.0195748796888933,1.0638241834850468,10.169762998165702,11.427263111773051,0.26953125,0.01171875,0.0078125,0.0078125,0.0078125,0.0
frobenius_s0,diagonal,both_action_slots_vary,0.03,0,,,256,0.9945176592789273,1.0146092266745916,1.0182780281853294,1.0483353859157374,1.079435660753376,1.0851557281422173,0.26171875,0.0078125,0.0,0.0,0.0,0.0
frobenius_s0,diagonal,both_action_slots_vary,0.01,0,,,256,0.9957258851795764,1.0148936010633007,1.0201469402360008,1.049851113434762,1.080088252734392,1.0815811105563131,0.26171875,0.0078125,0.0,0.0,0.0,0.0
frobenius_s0,diagonal,both_action_slots_vary,0.003,0,,,256,0.9949368296290975,1.0145189646522021,1.018805983727636,1.0470488290405473,1.0713771348724659,1.0775229076612285,0.265625,0.0078125,0.0,0.0,0.0,0.0
frobenius_s0,diagonal,both_action_slots_vary,0.001,0,,,256,0.9954601274837701,1.014593536935593,1.018456525592562,1.0495626335255273,1.0746134853848264,1.0771439214617773,0.27734375,0.0078125,0.0,0.0,0.0,0.0
spectral_s0,frobenius,diagonal_center_fixed_xprime,0.1,0,0.080078125,0.09375,256,0.30295227916882206,0.48006341933910934,0.5166360485518998,0.5344753578484154,0.5410426015604186,0.5423535544528212,0.0,0.0,0.0,0.0,0.0,
spectral_s0,frobenius,diagonal_center_fixed_xprime,0.03,0,0.013671875,0.08203125,256,0.3348910817883826,0.4887739855825758,0.519831055645003,0.541263876820936,0.5450539965931576,0.54508754097531,0.0,0.0,0.0,0.0,0.0,
spectral_s0,frobenius,diagonal_center_fixed_xprime,0.01,0,0.021484375,0.078125,256,0.3179819885326174,0.48880262585042766,0.5220144403809628,0.5396868558211286,0.5450355595516667,0.5450708998270921,0.0,0.0,0.0,0.0,0.0,
spectral_s0,frobenius,diagonal_center_fixed_xprime,0.003,0,0.013671875,0.09765625,256,0.3180164029986586,0.48882949469108905,0.5234597609569073,0.5413154708639996,0.5451162999081427,0.5451372423024189,0.0,0.0,0.0,0.0,0.0,
spectral_s0,frobenius,diagonal_center_fixed_xprime,0.001,0,0.02734375,0.0859375,256,0.3161515875091736,0.48857244176721903,0.519938315198156,0.5387911370256864,0.5445928793057404,0.5453995722467653,0.0,0.0,0.0,0.0,0.0,
spectral_s0,frobenius,off_diagonal_fixed_xprime,0.1,0,0.072265625,0.09375,256,0.3115668012686227,0.4887739742412446,0.5145517470724869,0.5369198410267222,0.5442192029816992,0.5448570773163266,0.0,0.0,0.0,0.0,0.0,
spectral_s0,frobenius,off_diagonal_fixed_xprime,0.03,0,0.064453125,0.08203125,256,0.31497748118343954,0.48877376839379655,0.5145523533152145,0.5369198252796115,0.5442169799937959,0.5448562865222719,0.0,0.0,0.0,0.0,0.0,
spectral_s0,frobenius,off_diagonal_fixed_xprime,0.01,0,0.05859375,0.078125,256,0.3149805461389641,0.48876928734594205,0.5145465555354665,0.5369159118202484,0.5442286130056814,0.5448793157122375,0.0,0.0,0.0,0.0,0.0,
spectral_s0,frobenius,off_diagonal_fixed_xprime,0.003,0,0.05859375,0.09765625,256,0.3190031141963473,0.48876302570891444,0.5165256003728492,0.5408747117460317,0.5445221686081513,0.5447964456975286,0.0,0.0,0.0,0.0,0.0,
spectral_s0,frobenius,off_diagonal_fixed_xprime,0.001,0,0.06640625,0.0859375,256,0.314862127448467,0.4887630067424137,0.5144490066486285,0.5370747850269912,0.5442938307609669,0.544927182589538,0.0,0.0,0.0,0.0,0.0,
spectral_s0,spectral,diagonal_center_fixed_xprime,0.1,0,0.080078125,0.09375,256,0.30295227916882206,0.48006341933910934,0.5166360485518998,0.5344753578484154,0.5410426015604186,0.5423535544528212,0.0,0.0,0.0,0.0,0.0,
spectral_s0,spectral,diagonal_center_fixed_xprime,0.03,0,0.013671875,0.08203125,256,0.3348910817883826,0.4887739855825758,0.519831055645003,0.541263876820936,0.5450539965931576,0.54508754097531,0.0,0.0,0.0,0.0,0.0,
spectral_s0,spectral,diagonal_center_fixed_xprime,0.01,0,0.021484375,0.078125,256,0.3179819885326174,0.48880262585042766,0.5220144403809628,0.5396868558211286,0.5450355595516667,0.5450708998270921,0.0,0.0,0.0,0.0,0.0,
spectral_s0,spectral,diagonal_center_fixed_xprime,0.003,0,0.013671875,0.09765625,256,0.3180164029986586,0.48882949469108905,0.5234597609569073,0.5413154708639996,0.5451162999081427,0.5451372423024189,0.0,0.0,0.0,0.0,0.0,
spectral_s0,spectral,diagonal_center_fixed_xprime,0.001,0,0.02734375,0.0859375,256,0.3161515875091736,0.48857244176721903,0.519938315198156,0.5387911370256864,0.5445928793057404,0.5453995722467653,0.0,0.0,0.0,0.0,0.0,
spectral_s0,spectral,off_diagonal_fixed_xprime,0.1,0,0.072265625,0.09375,256,0.3115668012686227,0.4887739742412446,0.5145517470724869,0.5369198410267222,0.5442192029816992,0.5448570773163266,0.0,0.0,0.0,0.0,0.0,
spectral_s0,spectral,off_diagonal_fixed_xprime,0.03,0,0.064453125,0.08203125,256,0.31497748118343954,0.48877376839379655,0.5145523533152145,0.5369198252796115,0.5442169799937959,0.5448562865222719,0.0,0.0,0.0,0.0,0.0,
spectral_s0,spectral,off_diagonal_fixed_xprime,0.01,0,0.05859375,0.078125,256,0.3149805461389641,0.48876928734594205,0.5145465555354665,0.5369159118202484,0.5442286130056814,0.5448793157122375,0.0,0.0,0.0,0.0,0.0,
spectral_s0,spectral,off_diagonal_fixed_xprime,0.003,0,0.05859375,0.09765625,256,0.3190031141963473,0.48876302570891444,0.5165256003728492,0.5408747117460317,0.5445221686081513,0.5447964456975286,0.0,0.0,0.0,0.0,0.0,
spectral_s0,spectral,off_diagonal_fixed_xprime,0.001,0,0.06640625,0.0859375,256,0.314862127448467,0.4887630067424137,0.5144490066486285,0.5370747850269912,0.5442938307609669,0.544927182589538,0.0,0.0,0.0,0.0,0.0,
spectral_s0,diagonal,both_action_slots_vary,0.1,0,,,256,0.9958712504987131,1.0154374800664212,1.0195748796888933,1.0638241834850468,10.169762998165702,11.427263111773051,0.26953125,0.01171875,0.0078125,0.0078125,0.0078125,0.0
spectral_s0,diagonal,both_action_slots_vary,0.03,0,,,256,0.9945176592789273,1.0146092266745916,1.0182780281853294,1.0483353859157374,1.079435660753376,1.0851557281422173,0.26171875,0.0078125,0.0,0.0,0.0,0.0
spectral_s0,diagonal,both_action_slots_vary,0.01,0,,,256,0.9957258851795764,1.0148936010633007,1.0201469402360008,1.049851113434762,1.080088252734392,1.0815811105563131,0.26171875,0.0078125,0.0,0.0,0.0,0.0
spectral_s0,diagonal,both_action_slots_vary,0.003,0,,,256,0.9949368296290975,1.0145189646522021,1.018805983727636,1.0470488290405473,1.0713771348724659,1.0775229076612285,0.265625,0.0078125,0.0,0.0,0.0,0.0
spectral_s0,diagonal,both_action_slots_vary,0.001,0,,,256,0.9954601274837701,1.014593536935593,1.018456525592562,1.0495626335255273,1.0746134853848264,1.0771439214617773,0.27734375,0.0078125,0.0,0.0,0.0,0.0
frobenius_s1,frobenius,diagonal_center_fixed_xprime,0.1,0,0.001953125,0.09375,256,0.21220249446261646,0.4591899467096813,0.48465645757978926,0.559810806066635,0.6440273498344236,0.65618940313274,0.0,0.0,0.0,0.0,0.0,
frobenius_s1,frobenius,diagonal_center_fixed_xprime,0.03,0,0.001953125,0.08203125,256,0.21303335976754156,0.4591848924039076,0.4846843177697294,0.5598230067950891,0.6440390618263901,0.6562070997357732,0.0,0.0,0.0,0.0,0.0,
frobenius_s1,frobenius,diagonal_center_fixed_xprime,0.01,0,0.001953125,0.078125,256,0.21301642287338593,0.4591595949010169,0.48467942421436594,0.5597978721505552,0.6440505689660275,0.6562031246864213,0.0,0.0,0.0,0.0,0.0,
frobenius_s1,frobenius,diagonal_center_fixed_xprime,0.003,0,0.00390625,0.09765625,256,0.21516694562334482,0.4590904995997107,0.4845976117699056,0.5598855786290156,0.6438338946630744,0.6560107866728574,0.0,0.0,0.0,0.0,0.0,
frobenius_s1,frobenius,diagonal_center_fixed_xprime,0.001,0,0.001953125,0.0859375,256,0.21518201867654177,0.4588148517860957,0.4843492174518904,0.559896602919018,0.6436656033550716,0.6559761884445796,0.0,0.0,0.0,0.0,0.0,
frobenius_s1,frobenius,off_diagonal_fixed_xprime,0.1,0,0.078125,0.09375,256,0.2193308474252609,0.45918815230656895,0.4846633777486132,0.5598103208518231,0.6440321706220987,0.6561986740972346,0.0,0.0,0.0,0.0,0.0,
frobenius_s1,frobenius,off_diagonal_fixed_xprime,0.03,0,0.078125,0.08203125,256,0.21932490048376632,0.4591913254647375,0.48466123358143354,0.5598079474379972,0.6440394350084746,0.6562074729688595,0.0,0.0,0.0,0.0,0.0,
frobenius_s1,frobenius,off_diagonal_fixed_xprime,0.01,0,0.078125,0.078125,256,0.21932224945899212,0.4591740514158265,0.48468673257267436,0.5598357765282531,0.6440338981125341,0.6562095800841921,0.0,0.0,0.0,0.0,0.0,
frobenius_s1,frobenius,off_diagonal_fixed_xprime,0.003,0,0.078125,0.09765625,256,0.21933604396311035,0.4591710569525924,0.484573822584068,0.5597361357373304,0.643908834654432,0.6560101489599177,0.0,0.0,0.0,0.0,0.0,
frobenius_s1,frobenius,off_diagonal_fixed_xprime,0.001,0,0.078125,0.0859375,256,0.21940660305047685,0.4589866978555436,0.4849535430042404,0.5599397008460644,0.6439182105461724,0.6560321187898116,0.0,0.0,0.0,0.0,0.0,
frobenius_s1,spectral,diagonal_center_fixed_xprime,0.1,0,0.001953125,0.09375,256,0.21220249446261646,0.4591899467096813,0.48465645757978926,0.559810806066635,0.6440273498344236,0.65618940313274,0.0,0.0,0.0,0.0,0.0,
frobenius_s1,spectral,diagonal_center_fixed_xprime,0.03,0,0.001953125,0.08203125,256,0.21303335976754156,0.4591848924039076,0.4846843177697294,0.5598230067950891,0.6440390618263901,0.6562070997357732,0.0,0.0,0.0,0.0,0.0,
frobenius_s1,spectral,diagonal_center_fixed_xprime,0.01,0,0.001953125,0.078125,256,0.21301642287338593,0.4591595949010169,0.48467942421436594,0.5597978721505552,0.6440505689660275,0.6562031246864213,0.0,0.0,0.0,0.0,0.0,
frobenius_s1,spectral,diagonal_center_fixed_xprime,0.003,0,0.00390625,0.09765625,256,0.21516694562334482,0.4590904995997107,0.4845976117699056,0.5598855786290156,0.6438338946630744,0.6560107866728574,0.0,0.0,0.0,0.0,0.0,
frobenius_s1,spectral,diagonal_center_fixed_xprime,0.001,0,0.001953125,0.0859375,256,0.21518201867654177,0.4588148517860957,0.4843492174518904,0.559896602919018,0.6436656033550716,0.6559761884445796,0.0,0.0,0.0,0.0,0.0,
frobenius_s1,spectral,off_diagonal_fixed_xprime,0.1,0,0.078125,0.09375,256,0.2193308474252609,0.45918815230656895,0.4846633777486132,0.5598103208518231,0.6440321706220987,0.6561986740972346,0.0,0.0,0.0,0.0,0.0,
frobenius_s1,spectral,off_diagonal_fixed_xprime,0.03,0,0.078125,0.08203125,256,0.21932490048376632,0.4591913254647375,0.48466123358143354,0.5598079474379972,0.6440394350084746,0.6562074729688595,0.0,0.0,0.0,0.0,0.0,
frobenius_s1,spectral,off_diagonal_fixed_xprime,0.01,0,0.078125,0.078125,256,0.21932224945899212,0.4591740514158265,0.48468673257267436,0.5598357765282531,0.6440338981125341,0.6562095800841921,0.0,0.0,0.0,0.0,0.0,
frobenius_s1,spectral,off_diagonal_fixed_xprime,0.003,0,0.078125,0.09765625,256,0.21933604396311035,0.4591710569525924,0.484573822584068,0.5597361357373304,0.643908834654432,0.6560101489599177,0.0,0.0,0.0,0.0,0.0,
frobenius_s1,spectral,off_diagonal_fixed_xprime,0.001,0,0.078125,0.0859375,256,0.21940660305047685,0.4589866978555436,0.4849535430042404,0.5599397008460644,0.6439182105461724,0.6560321187898116,0.0,0.0,0.0,0.0,0.0,
frobenius_s1,diagonal,both_action_slots_vary,0.1,0,,,256,0.9955585096233941,1.0149548497697096,1.0194944056027078,1.0634863626345983,10.26985049623633,11.388259905137375,0.265625,0.01171875,0.0078125,0.0078125,0.0078125,0.0
frobenius_s1,diagonal,both_action_slots_vary,0.03,0,,,256,0.9948314840407976,1.0141232109490947,1.0176505463732972,1.0480582877065867,1.0822280104316313,1.0847578236648665,0.26171875,0.0078125,0.0,0.0,0.0,0.0
frobenius_s1,diagonal,both_action_slots_vary,0.01,0,,,256,0.9957584040708155,1.0143212274487814,1.0199501424414898,1.049933235051189,1.0796607106002623,1.0812483417668735,0.26953125,0.0078125,0.0,0.0,0.0,0.0
frobenius_s1,diagonal,both_action_slots_vary,0.003,0,,,256,0.995256156017805,1.0141393357474238,1.018356890454901,1.0471616738984941,1.0706891241652587,1.0767623600450429,0.265625,0.0078125,0.0,0.0,0.0,0.0
frobenius_s1,diagonal,both_action_slots_vary,0.001,0,,,256,0.9958700633229108,1.0145507521058676,1.0187046389525716,1.0498182592683651,1.0740139046415678,1.0763648651543591,0.2734375,0.0078125,0.0,0.0,0.0,0.0
spectral_s1,frobenius,diagonal_center_fixed_xprime,0.1,0,0.001953125,0.09375,256,0.21220671576228256,0.45918919604296515,0.4846319606171661,0.5597757104942632,0.6440173590865845,0.6561837132171591,0.0,0.0,0.0,0.0,0.0,
spectral_s1,frobenius,diagonal_center_fixed_xprime,0.03,0,0.001953125,0.08203125,256,0.21302620970252129,0.45918954173273496,0.4846304905367181,0.5597558755793107,0.6440349856977223,0.6562033065480237,0.0,0.0,0.0,0.0,0.0,
spectral_s1,frobenius,diagonal_center_fixed_xprime,0.01,0,0.001953125,0.078125,256,0.2130074674458227,0.4591595949010169,0.48467942421436594,0.5597846404401747,0.6440505689660275,0.6562031246864213,0.0,0.0,0.0,0.0,0.0,
spectral_s1,frobenius,diagonal_center_fixed_xprime,0.003,0,0.00390625,0.09765625,256,0.21512829869645878,0.4590904995997107,0.48454923940191746,0.559868693106178,0.6438338946630744,0.6560107866728574,0.0,0.0,0.0,0.0,0.0,
spectral_s1,frobenius,diagonal_center_fixed_xprime,0.001,0,0.001953125,0.0859375,256,0.21518201867654177,0.4588148517860957,0.4842039949235406,0.559896602919018,0.6436656033550716,0.6559761884445796,0.0,0.0,0.0,0.0,0.0,
spectral_s1,frobenius,off_diagonal_fixed_xprime,0.1,0,0.078125,0.09375,256,0.21933628982131625,0.45919319518041407,0.48463368327313383,0.5597750724622597,0.6440105064586006,0.6561744618224808,0.0,0.0,0.0,0.0,0.0,
spectral_s1,frobenius,off_diagonal_fixed_xprime,0.03,0,0.078125,0.08203125,256,0.21933807514463285,0.4591918621310653,0.4846324120188905,0.5597686103015864,0.6440123602048153,0.6561728090774523,0.0,0.0,0.0,0.0,0.0,
spectral_s1,frobenius,off_diagonal_fixed_xprime,0.01,0,0.078125,0.078125,256,0.2193345746752038,0.45920382424816675,0.48467375518726397,0.5597890077356931,0.644050916721772,0.6562038901613566,0.0,0.0,0.0,0.0,0.0,
spectral_s1,frobenius,off_diagonal_fixed_xprime,0.003,0,0.078125,0.09765625,256,0.21930016565731011,0.4591710569525924,0.484573822584068,0.559714082430227,0.644132573547827,0.6563188587656446,0.0,0.0,0.0,0.0,0.0,
spectral_s1,frobenius,off_diagonal_fixed_xprime,0.001,0,0.078125,0.0859375,256,0.21935537393754964,0.45921469492210115,0.48427595325251355,0.5599397008460644,0.6438758298267924,0.6559752319181605,0.0,0.0,0.0,0.0,0.0,
spectral_s1,spectral,diagonal_center_fixed_xprime,0.1,0,0.001953125,0.09375,256,0.21220671576228256,0.45918919604296515,0.4846319606171661,0.5597757104942632,0.6440173590865845,0.6561837132171591,0.0,0.0,0.0,0.0,0.0,
spectral_s1,spectral,diagonal_center_fixed_xprime,0.03,0,0.001953125,0.08203125,256,0.21302620970252129,0.45918954173273496,0.4846304905367181,0.5597558755793107,0.6440349856977223,0.6562033065480237,0.0,0.0,0.0,0.0,0.0,
spectral_s1,spectral,diagonal_center_fixed_xprime,0.01,0,0.001953125,0.078125,256,0.2130074674458227,0.4591595949010169,0.48467942421436594,0.5597846404401747,0.6440505689660275,0.6562031246864213,0.0,0.0,0.0,0.0,0.0,
spectral_s1,spectral,diagonal_center_fixed_xprime,0.003,0,0.00390625,0.09765625,256,0.21512829869645878,0.4590904995997107,0.48454923940191746,0.559868693106178,0.6438338946630744,0.6560107866728574,0.0,0.0,0.0,0.0,0.0,
spectral_s1,spectral,diagonal_center_fixed_xprime,0.001,0,0.001953125,0.0859375,256,0.21518201867654177,0.4588148517860957,0.4842039949235406,0.559896602919018,0.6436656033550716,0.6559761884445796,0.0,0.0,0.0,0.0,0.0,
spectral_s1,spectral,off_diagonal_fixed_xprime,0.1,0,0.078125,0.09375,256,0.21933628982131625,0.45919319518041407,0.48463368327313383,0.5597750724622597,0.6440105064586006,0.6561744618224808,0.0,0.0,0.0,0.0,0.0,
spectral_s1,spectral,off_diagonal_fixed_xprime,0.03,0,0.078125,0.08203125,256,0.21933807514463285,0.4591918621310653,0.4846324120188905,0.5597686103015864,0.6440123602048153,0.6561728090774523,0.0,0.0,0.0,0.0,0.0,
spectral_s1,spectral,off_diagonal_fixed_xprime,0.01,0,0.078125,0.078125,256,0.2193345746752038,0.45920382424816675,0.48467375518726397,0.5597890077356931,0.644050916721772,0.6562038901613566,0.0,0.0,0.0,0.0,0.0,
spectral_s1,spectral,off_diagonal_fixed_xprime,0.003,0,0.078125,0.09765625,256,0.21930016565731011,0.4591710569525924,0.484573822584068,0.559714082430227,0.644132573547827,0.6563188587656446,0.0,0.0,0.0,0.0,0.0,
spectral_s1,spectral,off_diagonal_fixed_xprime,0.001,0,0.078125,0.0859375,256,0.21935537393754964,0.45921469492210115,0.48427595325251355,0.5599397008460644,0.6438758298267924,0.6559752319181605,0.0,0.0,0.0,0.0,0.0,
spectral_s1,diagonal,both_action_slots_vary,0.1,0,,,256,0.9955585096233941,1.0149548497697096,1.0194944056027078,1.0634863626345983,10.26985049623633,11.388259905137375,0.265625,0.01171875,0.0078125,0.0078125,0.0078125,0.0
spectral_s1,diagonal,both_action_slots_vary,0.03,0,,,256,0.9948314840407976,1.0141232109490947,1.0176505463732972,1.0480582877065867,1.0822280104316313,1.0847578236648665,0.26171875,0.0078125,0.0,0.0,0.0,0.0
spectral_s1,diagonal,both_action_slots_vary,0.01,0,,,256,0.9957584040708155,1.0143212274487814,1.0199501424414898,1.049933235051189,1.0796607106002623,1.0812483417668735,0.26953125,0.0078125,0.0,0.0,0.0,0.0
spectral_s1,diagonal,both_action_slots_vary,0.003,0,,,256,0.995256156017805,1.0141393357474238,1.018356890454901,1.0471616738984941,1.0706891241652587,1.0767623600450429,0.265625,0.0078125,0.0,0.0,0.0,0.0
spectral_s1,diagonal,both_action_slots_vary,0.001,0,,,256,0.9958700633229108,1.0145507521058676,1.0187046389525716,1.0498182592683651,1.0740139046415678,1.0763648651543591,0.2734375,0.0078125,0.0,0.0,0.0,0.0
