source,stratum,epsilon,event,zero_denominators,physical_count,physical_median,physical_p90,physical_p95,physical_p99,physical_p99_9,physical_max,physical_above_1,physical_above_1.05,physical_above_1.25,physical_above_2,physical_above_5,visible_count,visible_median,visible_p90,visible_p95,visible_p99,visible_p99_9,visible_max,visible_above_1,visible_above_1.05,visible_above_1.25,visible_above_2,visible_above_5
natural,free,0.1,all,0,96,0.9999999999999901,1.0000000000000404,1.0000000000000544,1.0000000000000833,1.000000000000149,1.0000000000001563,0.0,0.0,0.0,0.0,0.0,96,1.0000002527967626,1.0000038146972656,1.0000038146972658,1.0000057712694865,1.0000058584569647,1.0000058681444624,0.0,0.0,0.0,0.0,0.0
natural,free,0.1,preserving,0,96,0.9999999999999901,1.0000000000000404,1.0000000000000544,1.0000000000000833,1.000000000000149,1.0000000000001563,0.0,0.0,0.0,0.0,0.0,96,1.0000002527967626,1.0000038146972656,1.0000038146972658,1.0000057712694865,1.0000058584569647,1.0000058681444624,0.0,0.0,0.0,0.0,0.0
natural,free,0.1,collision_changed,0,3,0.5453092726477409,0.5467646026486271,0.5469465188987379,0.5470920518988265,0.5471247968238465,0.5471284351488487,0.0,0.0,0.0,0.0,0.0,3,0.5453085899353032,0.5467638969421383,0.5469458103179927,0.5470913410186762,0.5471240854263301,0.5471277236938471,0.0,0.0,0.0,0.0,0.0
natural,free,0.1,collision_unchanged,0,93,0.9999999999999948,1.0000000000000409,1.0000000000000555,1.0000000000000857,1.0000000000001492,1.0000000000001563,0.0,0.0,0.0,0.0,0.0,93,1.000000346826763,1.0000038146972658,1.0000038146972658,1.0000057743286963,1.0000058587628857,1.0000058681444624,0.0,0.0,0.0,0.0,0.0
natural,free,0.03,all,0,96,1.000000000000037,1.0000000000001321,1.0000000000001799,1.0000000000002747,1.0000000000003575,1.0000000000003668,0.0,0.0,0.0,0.0,0.0,96,0.9999990463256836,1.0000228881835929,1.0000228881835933,1.0000229800293194,1.000024550591225,1.0000247250981034,0.0,0.0,0.0,0.0,0.0
natural,free,0.03,preserving,0,96,1.000000000000037,1.0000000000001321,1.0000000000001799,1.0000000000002747,1.0000000000003575,1.0000000000003668,0.0,0.0,0.0,0.0,0.0,96,0.9999990463256836,1.0000228881835929,1.0000228881835933,1.0000229800293194,1.000024550591225,1.0000247250981034,0.0,0.0,0.0,0.0,0.0
natural,free,0.03,collision_unchanged,0,96,1.000000000000037,1.0000000000001321,1.0000000000001799,1.0000000000002747,1.0000000000003575,1.0000000000003668,0.0,0.0,0.0,0.0,0.0,96,0.9999990463256836,1.0000228881835929,1.0000228881835933,1.0000229800293194,1.000024550591225,1.0000247250981034,0.0,0.0,0.0,0.0,0.0
natural,free,0.01,all,0,96,0.999999999999889,1.0000000000007288,1.0000000000012212,1.0000000000012248,1.000000000001273,1.0000000000012783,0.0,0.0,0.0,0.0,0.0,96,1.0000010136763413,1.0000228881835938,1.000031033334821,1.0000723191839036,1.0000725094435197,1.000072530583477,0.0,0.0,0.0,0.0,0.0
natural,free,0.01,preserving,0,96,0.999999999999889,1.0000000000007288,1.0000000000012212,1.0000000000012248,1.000000000001273,1.0000000000012783,0.0,0.0,0.0,0.0,0.0,96,1.0000010136763413,1.0000228881835938,1.000031033334821,1.0000723191839036,1.0000725094435197,1.000072530583477,0.0,0.0,0.0,0.0,0.0
natural,free,0.01,collision_unchanged,0,96,0.999999999999889,1.0000000000007288,1.0000000000012212,1.0000000000012248,1.000000000001273,1.0000000000012783,0.0,0.0,0.0,0.0,0.0,96,1.0000010136763413,1.0000228881835938,1.000031033334821,1.0000723191839036,1.0000725094435197,1.000072530583477,0.0,0.0,0.0,0.0,0.0
natural,free,0.003,all,0,96,0.9999999999995627,1.0000000000024487,1.0000000000035898,1.000000000004822,1.0000000000049003,1.000000000004909,0.0,0.0,0.0,0.0,0.0,96,1.0000069936116533,1.0000864664713534,1.000139346177907,1.0001918257686484,1.0002026049889114,1.0002038026800517,0.0,0.0,0.0,0.0,0.0
natural,free,0.003,preserving,0,96,0.9999999999995627,1.0000000000024487,1.0000000000035898,1.000000000004822,1.0000000000049003,1.000000000004909,0.0,0.0,0.0,0.0,0.0,96,1.0000069936116533,1.0000864664713534,1.000139346177907,1.0001918257686484,1.0002026049889114,1.0002038026800517,0.0,0.0,0.0,0.0,0.0
natural,free,0.003,collision_unchanged,0,96,0.9999999999995627,1.0000000000024487,1.0000000000035898,1.000000000004822,1.0000000000049003,1.000000000004909,0.0,0.0,0.0,0.0,0.0,96,1.0000069936116533,1.0000864664713534,1.000139346177907,1.0001918257686484,1.0002026049889114,1.0002038026800517,0.0,0.0,0.0,0.0,0.0
natural,free,0.001,all,0,96,0.9999999999986362,1.0000000000056843,1.0000000000091387,1.0000000000154736,1.0000000000161826,1.0000000000162614,0.0,0.0,0.0,0.0,0.0,96,0.9999275207519522,1.0004043579101554,1.0004043579101554,1.000520033280175,1.0005763067505613,1.000582559358382,0.0,0.0,0.0,0.0,0.0
natural,free,0.001,preserving,0,96,0.9999999999986362,1.0000000000056843,1.0000000000091387,1.0000000000154736,1.0000000000161826,1.0000000000162614,0.0,0.0,0.0,0.0,0.0,96,0.9999275207519522,1.0004043579101554,1.0004043579101554,1.000520033280175,1.0005763067505613,1.000582559358382,0.0,0.0,0.0,0.0,0.0
natural,free,0.001,collision_unchanged,0,96,0.9999999999986362,1.0000000000056843,1.0000000000091387,1.0000000000154736,1.0000000000161826,1.0000000000162614,0.0,0.0,0.0,0.0,0.0,96,0.9999275207519522,1.0004043579101554,1.0004043579101554,1.000520033280175,1.0005763067505613,1.000582559358382,0.0,0.0,0.0,0.0,0.0
natural,wall_near,0.1,all,0,96,0.9853500132309974,1.0000000000000222,1.000000000000023,1.2249364178444833,1.2466452290035706,1.2490573191323575,0.03125,0.03125,0.0,0.0,0.0,96,0.9853495851349902,1.0000011604501602,1.0000014305114746,1.2249362448227408,1.246645052939157,1.2490571427298696,0.03125,0.03125,0.0,0.0,0.0
natural,wall_near,0.1,preserving,0,96,0.9853500132309974,1.0000000000000222,1.000000000000023,1.2249364178444833,1.2466452290035706,1.2490573191323575,0.03125,0.03125,0.0,0.0,0.0,96,0.9853495851349902,1.0000011604501602,1.0000014305114746,1.2249362448227408,1.246645052939157,1.2490571427298696,0.03125,0.03125,0.0,0.0,0.0
natural,wall_near,0.1,collision_changed,0,15,0.735135614155152,1.1682703998589052,1.2312840234465554,1.245502659995197,1.2487018532186416,1.2490573191323575,0.2,0.2,0.0,0.0,0.0,15,0.7351358074025017,1.1682699355030846,1.231283849535143,1.2455024840909243,1.248701676865975,1.2490571427298696,0.2,0.2,0.0,0.0,0.0
natural,wall_near,0.1,collision_unchanged,0,81,0.9999999999999778,1.0000000000000222,1.0000000000000222,1.000000000000023,1.000000000000023,1.000000000000023,0.0,0.0,0.0,0.0,0.0,81,0.9999990463256827,1.000000446905247,1.0000014305114737,1.0000019073486328,1.0000036239624026,1.0000038146972658,0.0,0.0,0.0,0.0,0.0
natural,wall_near,0.03,all,0,96,0.9897210627551125,1.0000000000000375,1.0000000000000486,1.0777324323797404,2.4069570260716175,2.55464864759291,0.010416666666666666,0.010416666666666666,0.010416666666666666,0.010416666666666666,0.0,96,0.9897192319234189,1.0000015015067483,1.0000029525798122,1.0777389598013762,2.4069555816457524,2.5546463174062115,0.010416666666666666,0.010416666666666666,0.010416666666666666,0.010416666666666666,0.0
natural,wall_near,0.03,preserving,0,96,0.9897210627551125,1.0000000000000375,1.0000000000000486,1.0777324323797404,2.4069570260716175,2.55464864759291,0.010416666666666666,0.010416666666666666,0.010416666666666666,0.010416666666666666,0.0,96,0.9897192319234189,1.0000015015067483,1.0000029525798122,1.0777389598013762,2.4069555816457524,2.5546463174062115,0.010416666666666666,0.010416666666666666,0.010416666666666666,0.010416666666666666,0.0
natural,wall_near,0.03,collision_changed,0,3,0.8164552310115039,2.207009964276629,2.3808293059347694,2.519884779261282,2.551172260759748,2.55464864759291,0.3333333333333333,0.3333333333333333,0.3333333333333333,0.3333333333333333,0.0,3,0.8164518810018624,2.207007430125342,2.3808268737657765,2.5198824286781245,2.5511699285334033,2.5546463174062115,0.3333333333333333,0.3333333333333333,0.3333333333333333,0.3333333333333333,0.0
natural,wall_near,0.03,collision_unchanged,0,93,0.9927883660338913,1.000000000000037,1.0000000000000442,1.0000000000000981,1.000000000000104,1.0000000000001046,0.0,0.0,0.0,0.0,0.0,93,0.9927829106648756,1.0000013266052765,1.0000024245148653,1.0000040017839444,1.000006694428882,1.0000069936116527,0.0,0.0,0.0,0.0,0.0
natural,wall_near,0.01,all,0,96,0.9999999999994893,1.000000000000111,1.0000000000001832,1.000000000000333,1.0000000000003337,1.0000000000003337,0.0,0.0,0.0,0.0,0.0,96,0.9999915890024869,1.0000017245023183,1.0000090873366965,1.0000228881835929,1.0000228881835929,1.0000228881835929,0.0,0.0,0.0,0.0,0.0
natural,wall_near,0.01,preserving,0,96,0.9999999999994893,1.000000000000111,1.0000000000001832,1.000000000000333,1.0000000000003337,1.0000000000003337,0.0,0.0,0.0,0.0,0.0,96,0.9999915890024869,1.0000017245023183,1.0000090873366965,1.0000228881835929,1.0000228881835929,1.0000228881835929,0.0,0.0,0.0,0.0,0.0
natural,wall_near,0.01,collision_unchanged,0,96,0.9999999999994893,1.000000000000111,1.0000000000001832,1.000000000000333,1.0000000000003337,1.0000000000003337,0.0,0.0,0.0,0.0,0.0,96,0.9999915890024869,1.0000017245023183,1.0000090873366965,1.0000228881835929,1.0000228881835929,1.0000228881835929,0.0,0.0,0.0,0.0,0.0
natural,wall_near,0.003,all,0,96,0.9999999999991465,1.000000000000629,1.0000000000006661,1.0000000000009528,1.000000000003326,1.0000000000035898,0.0,0.0,0.0,0.0,0.0,96,0.999947388966896,1.0000069936116898,1.0000173729281188,1.0000840486214606,1.000086224686364,1.0000864664713534,0.0,0.0,0.0,0.0,0.0
natural,wall_near,0.003,preserving,0,96,0.9999999999991465,1.000000000000629,1.0000000000006661,1.0000000000009528,1.000000000003326,1.0000000000035898,0.0,0.0,0.0,0.0,0.0,96,0.999947388966896,1.0000069936116898,1.0000173729281188,1.0000840486214606,1.000086224686364,1.0000864664713534,0.0,0.0,0.0,0.0,0.0
natural,wall_near,0.003,collision_unchanged,0,96,0.9999999999991465,1.000000000000629,1.0000000000006661,1.0000000000009528,1.000000000003326,1.0000000000035898,0.0,0.0,0.0,0.0,0.0,96,0.999947388966896,1.0000069936116898,1.0000173729281188,1.0000840486214606,1.000086224686364,1.0000864664713534,0.0,0.0,0.0,0.0,0.0
natural,wall_near,0.001,all,0,96,0.9999999999974669,1.0000000000021023,1.0000000000022204,1.0000000000024847,1.0000000000029106,1.0000000000029579,0.0,0.0,0.0,0.0,0.0,96,0.9998487409729341,1.0000467300415585,1.0000553537023202,1.0001778602601143,1.0003817081451514,1.0004043579101554,0.0,0.0,0.0,0.0,0.0
natural,wall_near,0.001,preserving,0,96,0.9999999999974669,1.0000000000021023,1.0000000000022204,1.0000000000024847,1.0000000000029106,1.0000000000029579,0.0,0.0,0.0,0.0,0.0,96,0.9998487409729341,1.0000467300415585,1.0000553537023202,1.0001778602601143,1.0003817081451514,1.0004043579101554,0.0,0.0,0.0,0.0,0.0
natural,wall_near,0.001,collision_unchanged,0,96,0.9999999999974669,1.0000000000021023,1.0000000000022204,1.0000000000024847,1.0000000000029106,1.0000000000029579,0.0,0.0,0.0,0.0,0.0,96,0.9998487409729341,1.0000467300415585,1.0000553537023202,1.0001778602601143,1.0003817081451514,1.0004043579101554,0.0,0.0,0.0,0.0,0.0
natural,pre_hazard,0.1,all,0,96,1.0000000000000004,1.000000000000023,1.0000000000000264,1.0000000000000517,1.000000000000065,1.0000000000000666,0.0,0.0,0.0,0.0,0.0,96,0.9999993979223964,1.0000014305114746,1.0000015484741815,1.0000018164584072,1.0000020492197204,1.0000020750820884,0.0,0.0,0.0,0.0,0.0
natural,pre_hazard,0.1,preserving,0,96,1.0000000000000004,1.000000000000023,1.0000000000000264,1.0000000000000517,1.000000000000065,1.0000000000000666,0.0,0.0,0.0,0.0,0.0,96,0.9999993979223964,1.0000014305114746,1.0000015484741815,1.0000018164584072,1.0000020492197204,1.0000020750820884,0.0,0.0,0.0,0.0,0.0
natural,pre_hazard,0.1,collision_changed,0,3,0.03108882575985569,0.07883075104534362,0.08479849170602961,0.08957268423457841,0.0906468775535019,0.0907662323667156,0.0,0.0,0.0,0.0,0.0,3,0.0310894983116259,0.07883183329226623,0.08479962516484625,0.08957385866291029,0.09064806119997472,0.0907674170374263,0.0,0.0,0.0,0.0,0.0
natural,pre_hazard,0.1,collision_unchanged,0,93,1.0000000000000016,1.0000000000000233,1.0000000000000273,1.0000000000000522,1.000000000000065,1.0000000000000666,0.0,0.0,0.0,0.0,0.0,93,0.9999994624908743,1.0000014305114748,1.0000015661675203,1.000001824625471,1.0000020500364266,1.0000020750820884,0.0,0.0,0.0,0.0,0.0
natural,pre_hazard,0.03,all,0,96,1.0000000000000098,1.000000000000038,1.0000000000000553,1.0000000000000902,1.0000000000001155,1.0000000000001183,0.0,0.0,0.0,0.0,0.0,96,0.9999990463256827,1.0000038165080323,1.0000059653443758,1.0000070006301875,1.0000071206471135,1.0000071339823275,0.0,0.0,0.0,0.0,0.0
natural,pre_hazard,0.03,preserving,0,96,1.0000000000000098,1.000000000000038,1.0000000000000553,1.0000000000000902,1.0000000000001155,1.0000000000001183,0.0,0.0,0.0,0.0,0.0,96,0.9999990463256827,1.0000038165080323,1.0000059653443758,1.0000070006301875,1.0000071206471135,1.0000071339823275,0.0,0.0,0.0,0.0,0.0
natural,pre_hazard,0.03,collision_unchanged,0,96,1.0000000000000098,1.000000000000038,1.0000000000000553,1.0000000000000902,1.0000000000001155,1.0000000000001183,0.0,0.0,0.0,0.0,0.0,96,0.9999990463256827,1.0000038165080323,1.0000059653443758,1.0000070006301875,1.0000071206471135,1.0000071339823275,0.0,0.0,0.0,0.0,0.0
natural,pre_hazard,0.01,all,0,96,0.9999999999998894,1.000000000000281,1.000000000000333,1.0000000000003424,1.0000000000004812,1.0000000000004965,0.0,0.0,0.0,0.0,0.0,96,0.9999990463256827,1.0000094332795766,1.000015593345236,1.0000233214012395,1.0000307294229989,1.0000315525365278,0.0,0.0,0.0,0.0,0.0
natural,pre_hazard,0.01,preserving,0,96,0.9999999999998894,1.000000000000281,1.000000000000333,1.0000000000003424,1.0000000000004812,1.0000000000004965,0.0,0.0,0.0,0.0,0.0,96,0.9999990463256827,1.0000094332795766,1.000015593345236,1.0000233214012395,1.0000307294229989,1.0000315525365278,0.0,0.0,0.0,0.0,0.0
natural,pre_hazard,0.01,collision_unchanged,0,96,0.9999999999998894,1.000000000000281,1.000000000000333,1.0000000000003424,1.0000000000004812,1.0000000000004965,0.0,0.0,0.0,0.0,0.0,96,0.9999990463256827,1.0000094332795766,1.000015593345236,1.0000233214012395,1.0000307294229989,1.0000315525365278,0.0,0.0,0.0,0.0,0.0
natural,pre_hazard,0.003,all,0,96,0.9999999999999092,1.0000000000006661,1.0000000000007994,1.0000000000013223,1.0000000000024165,1.0000000000025382,0.0,0.0,0.0,0.0,0.0,96,1.0000069936116527,1.0000155863447213,1.0000437322853648,1.000086600597399,1.0000888941521473,1.0000891489915638,0.0,0.0,0.0,0.0,0.0
natural,pre_hazard,0.003,preserving,0,96,0.9999999999999092,1.0000000000006661,1.0000000000007994,1.0000000000013223,1.0000000000024165,1.0000000000025382,0.0,0.0,0.0,0.0,0.0,96,1.0000069936116527,1.0000155863447213,1.0000437322853648,1.000086600597399,1.0000888941521473,1.0000891489915638,0.0,0.0,0.0,0.0,0.0
natural,pre_hazard,0.003,collision_unchanged,0,96,0.9999999999999092,1.0000000000006661,1.0000000000007994,1.0000000000013223,1.0000000000024165,1.0000000000025382,0.0,0.0,0.0,0.0,0.0,96,1.0000069936116527,1.0000155863447213,1.0000437322853648,1.000086600597399,1.0000888941521473,1.0000891489915638,0.0,0.0,0.0,0.0,0.0
natural,pre_hazard,0.001,all,0,96,1.0000000000002465,1.0000000000022204,1.0000000000025242,1.0000000000058509,1.0000000000065803,1.0000000000066613,0.0,0.0,0.0,0.0,0.0,96,0.9999275207520633,1.0001659393310538,1.0001659393310542,1.0001659393311648,1.0001659393311648,1.0001659393311648,0.0,0.0,0.0,0.0,0.0
natural,pre_hazard,0.001,preserving,0,96,1.0000000000002465,1.0000000000022204,1.0000000000025242,1.0000000000058509,1.0000000000065803,1.0000000000066613,0.0,0.0,0.0,0.0,0.0,96,0.9999275207520633,1.0001659393310538,1.0001659393310542,1.0001659393311648,1.0001659393311648,1.0001659393311648,0.0,0.0,0.0,0.0,0.0
natural,pre_hazard,0.001,collision_unchanged,0,96,1.0000000000002465,1.0000000000022204,1.0000000000025242,1.0000000000058509,1.0000000000065803,1.0000000000066613,0.0,0.0,0.0,0.0,0.0,96,0.9999275207520633,1.0001659393310538,1.0001659393310542,1.0001659393311648,1.0001659393311648,1.0001659393311648,0.0,0.0,0.0,0.0,0.0
natural,hazard_interior,0.1,all,0,96,0.9999999999999876,1.0000000000000233,1.000000000000031,1.0000000000000422,1.0000000000000642,1.0000000000000666,0.0,0.0,0.0,0.0,0.0,96,1.0000000960294932,1.0000038146972647,1.0000038146972647,1.0000044342550478,1.0000045504943311,1.0000045634098071,0.0,0.0,0.0,0.0,0.0
natural,hazard_interior,0.1,preserving,0,96,0.9999999999999876,1.0000000000000233,1.000000000000031,1.0000000000000422,1.0000000000000642,1.0000000000000666,0.0,0.0,0.0,0.0,0.0,96,1.0000000960294932,1.0000038146972647,1.0000038146972647,1.0000044342550478,1.0000045504943311,1.0000045634098071,0.0,0.0,0.0,0.0,0.0
natural,hazard_interior,0.1,collision_unchanged,0,96,0.9999999999999876,1.0000000000000233,1.000000000000031,1.0000000000000422,1.0000000000000642,1.0000000000000666,0.0,0.0,0.0,0.0,0.0,96,1.0000000960294932,1.0000038146972647,1.0000038146972647,1.0000044342550478,1.0000045504943311,1.0000045634098071,0.0,0.0,0.0,0.0,0.0
natural,hazard_interior,0.03,all,0,96,1.0000000000000362,1.000000000000048,1.0000000000000904,1.000000000000144,1.000000000000151,1.0000000000001519,0.0,0.0,0.0,0.0,0.0,96,0.9999990463256827,1.0000080361137815,1.0000122897158048,1.0000205242441267,1.000032399474249,1.0000337189442625,0.0,0.0,0.0,0.0,0.0
natural,hazard_interior,0.03,preserving,0,96,1.0000000000000362,1.000000000000048,1.0000000000000904,1.000000000000144,1.000000000000151,1.0000000000001519,0.0,0.0,0.0,0.0,0.0,96,0.9999990463256827,1.0000080361137815,1.0000122897158048,1.0000205242441267,1.000032399474249,1.0000337189442625,0.0,0.0,0.0,0.0,0.0
natural,hazard_interior,0.03,collision_unchanged,0,96,1.0000000000000362,1.000000000000048,1.0000000000000904,1.000000000000144,1.000000000000151,1.0000000000001519,0.0,0.0,0.0,0.0,0.0,96,0.9999990463256827,1.0000080361137815,1.0000122897158048,1.0000205242441267,1.000032399474249,1.0000337189442625,0.0,0.0,0.0,0.0,0.0
natural,hazard_interior,0.01,all,1,95,0.9999999999999039,1.000000000000333,1.0000000000003342,1.000000000000617,1.0000000000014617,1.0000000000015556,0.0,0.0,0.0,0.0,0.0,95,0.9999990463256827,1.0000228881835929,1.0000228881835929,1.0000632889793977,1.000231785654157,1.000250507506908,0.0,0.0,0.0,0.0,0.0
natural,hazard_interior,0.01,preserving,1,95,0.9999999999999039,1.000000000000333,1.0000000000003342,1.000000000000617,1.0000000000014617,1.0000000000015556,0.0,0.0,0.0,0.0,0.0,95,0.9999990463256827,1.0000228881835929,1.0000228881835929,1.0000632889793977,1.000231785654157,1.000250507506908,0.0,0.0,0.0,0.0,0.0
natural,hazard_interior,0.01,collision_unchanged,1,95,0.9999999999999039,1.000000000000333,1.0000000000003342,1.000000000000617,1.0000000000014617,1.0000000000015556,0.0,0.0,0.0,0.0,0.0,95,0.9999990463256827,1.0000228881835929,1.0000228881835929,1.0000632889793977,1.000231785654157,1.000250507506908,0.0,0.0,0.0,0.0,0.0
natural,hazard_interior,0.003,all,4,92,1.0000000000004974,1.000000000001027,1.0000000000014713,1.000000000002363,1.0000000000026064,1.0000000000026334,0.0,0.0,0.0,0.0,0.0,92,1.0000069936116527,1.0000864664713902,1.0000864664713902,1.0001016384783128,1.0001212023228792,1.0001233760833865,0.0,0.0,0.0,0.0,0.0
natural,hazard_interior,0.003,preserving,4,92,1.0000000000004974,1.000000000001027,1.0000000000014713,1.000000000002363,1.0000000000026064,1.0000000000026334,0.0,0.0,0.0,0.0,0.0,92,1.0000069936116527,1.0000864664713902,1.0000864664713902,1.0001016384783128,1.0001212023228792,1.0001233760833865,0.0,0.0,0.0,0.0,0.0
natural,hazard_interior,0.003,collision_unchanged,4,92,1.0000000000004974,1.000000000001027,1.0000000000014713,1.000000000002363,1.0000000000026064,1.0000000000026334,0.0,0.0,0.0,0.0,0.0,92,1.0000069936116527,1.0000864664713902,1.0000864664713902,1.0001016384783128,1.0001212023228792,1.0001233760833865,0.0,0.0,0.0,0.0,0.0
natural,hazard_interior,0.001,all,4,92,0.9999999999987763,1.0000000000021103,1.0000000000025626,1.0000000000034284,1.000000000006338,1.0000000000066613,0.0,0.0,0.0,0.0,0.0,92,0.9999275207520633,1.0002380107394075,1.0004043579102664,1.000452856673713,1.0005208814017006,1.0005284397048104,0.0,0.0,0.0,0.0,0.0
natural,hazard_interior,0.001,preserving,4,92,0.9999999999987763,1.0000000000021103,1.0000000000025626,1.0000000000034284,1.000000000006338,1.0000000000066613,0.0,0.0,0.0,0.0,0.0,92,0.9999275207520633,1.0002380107394075,1.0004043579102664,1.000452856673713,1.0005208814017006,1.0005284397048104,0.0,0.0,0.0,0.0,0.0
natural,hazard_interior,0.001,collision_unchanged,4,92,0.9999999999987763,1.0000000000021103,1.0000000000025626,1.0000000000034284,1.000000000006338,1.0000000000066613,0.0,0.0,0.0,0.0,0.0,92,0.9999275207520633,1.0002380107394075,1.0004043579102664,1.000452856673713,1.0005208814017006,1.0005284397048104,0.0,0.0,0.0,0.0,0.0
natural,hazard_boundary,0.1,all,0,96,0.9999999999999787,1.0000000000000233,1.000000000000027,1.0510018515660873,1.0759635666303087,1.0787370905263327,0.020833333333333332,0.010416666666666666,0.0,0.0,0.0,96,0.9999990463256834,1.000001686646094,1.0000038146972647,1.051002117063834,1.0759648531680466,1.0787384905129587,0.020833333333333332,0.010416666666666666,0.0,0.0,0.0
natural,hazard_boundary,0.1,preserving,0,93,0.9999999999999787,1.0000000000000233,1.0000000000000273,1.0518777012174636,1.0760511515954463,1.0787370905263327,0.021505376344086023,0.010752688172043012,0.0,0.0,0.0,93,0.9999990463256833,1.0000017521372757,1.0000038146972647,1.0518780025411747,1.0760524417157806,1.0787384905129587,0.021505376344086023,0.010752688172043012,0.0,0.0,0.0
natural,hazard_boundary,0.1,death_switching,0,3,0.9999999999999787,1.0000000000000016,1.0000000000000044,1.0000000000000067,1.0000000000000073,1.0000000000000073,0.0,0.0,0.0,0.0,0.0,3,0.9999990463256836,0.9999995579008616,0.9999996218477588,0.9999996730052766,0.9999996845157181,0.999999685794656,0.0,0.0,0.0,0.0,0.0
natural,hazard_boundary,0.1,collision_changed,0,18,0.3686665539001932,0.8047211253697645,1.053921350404008,1.0737739425018678,1.0782407757238863,1.0787370905263327,0.1111111111111111,0.05555555555555555,0.0,0.0,0.0,18,0.36866784480340276,0.8047212590895609,1.0539217353216366,1.0737751394746942,1.0782421554091322,1.0787384905129587,0.1111111111111111,0.05555555555555555,0.0,0.0,0.0
natural,hazard_boundary,0.1,collision_unchanged,0,78,0.9999999999999789,1.0000000000000233,1.0000000000000262,1.00000000000004,1.000000000000064,1.0000000000000666,0.0,0.0,0.0,0.0,0.0,78,0.9999990463256838,1.0000016429853058,1.0000033579615883,1.0000040700227317,1.0000048393294652,1.000004924807991,0.0,0.0,0.0,0.0,0.0
natural,hazard_boundary,0.03,all,0,96,0.9999999999999329,1.000000000000038,1.0000000000000446,1.0632983189315606,2.145699572658201,2.2659663786278057,0.010416666666666666,0.010416666666666666,0.010416666666666666,0.010416666666666666,0.0,96,0.9999990463256827,1.0000062774588028,1.0000069936116533,1.0633549642602795,2.1457084174160364,2.2659699122110983,0.010416666666666666,0.010416666666666666,0.010416666666666666,0.010416666666666666,0.0
natural,hazard_boundary,0.03,preserving,0,96,0.9999999999999329,1.000000000000038,1.0000000000000446,1.0632983189315606,2.145699572658201,2.2659663786278057,0.010416666666666666,0.010416666666666666,0.010416666666666666,0.010416666666666666,0.0,96,0.9999990463256827,1.0000062774588028,1.0000069936116533,1.0633549642602795,2.1457084174160364,2.2659699122110983,0.010416666666666666,0.010416666666666666,0.010416666666666666,0.010416666666666666,0.0
natural,hazard_boundary,0.03,collision_changed,0,7,0.5559869618255606,1.3297068828022882,1.7978366307150457,2.1723404290452533,2.2566037836695516,2.2659663786278057,0.14285714285714285,0.14285714285714285,0.14285714285714285,0.14285714285714285,0.0,7,0.5559873951627373,1.3297051052483013,1.7978375087296983,2.172343431514818,2.256607264141471,2.2659699122110983,0.14285714285714285,0.14285714285714285,0.14285714285714285,0.14285714285714285,0.0
natural,hazard_boundary,0.03,collision_unchanged,0,89,0.9999999999999615,1.000000000000038,1.0000000000000382,1.0000000000001763,1.0000000000001823,1.000000000000183,0.0,0.0,0.0,0.0,0.0,89,0.9999990463256827,1.0000058477670928,1.000006993611653,1.000021013407721,1.0000555979563042,1.0000594406839245,0.0,0.0,0.0,0.0,0.0
natural,hazard_boundary,0.01,all,1,95,0.999999999999889,1.0000000000002098,1.000000000000333,1.0000000000003972,1.000000000000458,1.0000000000004647,0.0,0.0,0.0,0.0,0.0,95,0.9999990463256827,1.0000182486054392,1.0000228881835929,1.00002580859864,1.0000669864508054,1.0000715617677127,0.0,0.0,0.0,0.0,0.0
natural,hazard_boundary,0.01,preserving,1,95,0.999999999999889,1.0000000000002098,1.000000000000333,1.0000000000003972,1.000000000000458,1.0000000000004647,0.0,0.0,0.0,0.0,0.0,95,0.9999990463256827,1.0000182486054392,1.0000228881835929,1.00002580859864,1.0000669864508054,1.0000715617677127,0.0,0.0,0.0,0.0,0.0
natural,hazard_boundary,0.01,collision_changed,0,3,0.36215316393689184,0.44322531213046484,0.45335933065466144,0.4614665454740188,0.46329066880837416,0.4634933491788581,0.0,0.0,0.0,0.0,0.0,3,0.3621626158931248,0.4432157996594554,0.4533474476302467,0.4614527660068798,0.46327646264162226,0.46347909560103806,0.0,0.0,0.0,0.0,0.0
natural,hazard_boundary,0.01,collision_unchanged,1,92,0.999999999999889,1.000000000000218,1.000000000000333,1.0000000000003995,1.0000000000004583,1.0000000000004647,0.0,0.0,0.0,0.0,0.0,92,0.9999990463256827,1.0000184285968483,1.0000228881835929,1.0000272688061635,1.0000671324715578,1.0000715617677127,0.0,0.0,0.0,0.0,0.0
natural,hazard_boundary,0.003,all,1,95,0.9999999999991859,1.0000000000006661,1.0000000000009857,1.4513208217106508,1.5238841162854602,1.5319467045715496,0.031578947368421054,0.031578947368421054,0.031578947368421054,0.0,0.0,95,1.0000069936116527,1.0000774077299097,1.000098620679312,1.4512684144701318,1.5238714500433381,1.531938453995916,0.031578947368421054,0.031578947368421054,0.031578947368421054,0.0,0.0
natural,hazard_boundary,0.003,preserving,1,95,0.9999999999991859,1.0000000000006661,1.0000000000009857,1.4513208217106508,1.5238841162854602,1.5319467045715496,0.031578947368421054,0.031578947368421054,0.031578947368421054,0.0,0.0,95,1.0000069936116527,1.0000774077299097,1.000098620679312,1.4512684144701318,1.5238714500433381,1.531938453995916,0.031578947368421054,0.031578947368421054,0.031578947368421054,0.0,0.0
natural,hazard_boundary,0.003,collision_changed,0,3,1.4461744887620827,1.5147922614096563,1.5233694829906028,1.5302312602553603,1.5317751601399308,1.5319467045715496,1.0,1.0,1.0,0.0,0.0,3,1.4461192630110389,1.5147746157989406,1.5233565348974283,1.5302220701762184,1.5317668156139463,1.531938453995916,1.0,1.0,1.0,0.0,0.0
natural,hazard_boundary,0.003,collision_unchanged,1,92,0.9999999999991859,1.0000000000006661,1.0000000000006661,1.0000000000011564,1.0000000000013445,1.0000000000013654,0.0,0.0,0.0,0.0,0.0,92,1.000005345322538,1.0000457796934803,1.0000864664713902,1.000100913608898,1.0001043402048195,1.0001047209376996,0.0,0.0,0.0,0.0,0.0
natural,hazard_boundary,0.001,all,1,95,0.9999999999977796,1.0000000000021094,1.0000000000022204,1.000000000003386,1.0000000000063338,1.0000000000066613,0.0,0.0,0.0,0.0,0.0,95,0.9999275207519522,1.0001659393311648,1.0002585540463462,1.0004436515201582,1.0007681585858734,1.0008042149265084,0.0,0.0,0.0,0.0,0.0
natural,hazard_boundary,0.001,preserving,1,95,0.9999999999977796,1.0000000000021094,1.0000000000022204,1.000000000003386,1.0000000000063338,1.0000000000066613,0.0,0.0,0.0,0.0,0.0,95,0.9999275207519522,1.0001659393311648,1.0002585540463462,1.0004436515201582,1.0007681585858734,1.0008042149265084,0.0,0.0,0.0,0.0,0.0
natural,hazard_boundary,0.001,collision_unchanged,1,95,0.9999999999977796,1.0000000000021094,1.0000000000022204,1.000000000003386,1.0000000000063338,1.0000000000066613,0.0,0.0,0.0,0.0,0.0,95,0.9999275207519522,1.0001659393311648,1.0002585540463462,1.0004436515201582,1.0007681585858734,1.0008042149265084,0.0,0.0,0.0,0.0,0.0
natural,dead,0.1,all,0,96,0.0,0.0,0.0,0.0,0.0,0.0,0.0,0.0,0.0,0.0,0.0,96,0.0,0.0,0.0,0.0,0.0,0.0,0.0,0.0,0.0,0.0,0.0
natural,dead,0.1,preserving,0,96,0.0,0.0,0.0,0.0,0.0,0.0,0.0,0.0,0.0,0.0,0.0,96,0.0,0.0,0.0,0.0,0.0,0.0,0.0,0.0,0.0,0.0,0.0
natural,dead,0.1,collision_unchanged,0,96,0.0,0.0,0.0,0.0,0.0,0.0,0.0,0.0,0.0,0.0,0.0,96,0.0,0.0,0.0,0.0,0.0,0.0,0.0,0.0,0.0,0.0,0.0
natural,dead,0.03,all,0,96,0.0,0.0,0.0,0.0,0.0,0.0,0.0,0.0,0.0,0.0,0.0,96,0.0,0.0,0.0,0.0,0.0,0.0,0.0,0.0,0.0,0.0,0.0
natural,dead,0.03,preserving,0,96,0.0,0.0,0.0,0.0,0.0,0.0,0.0,0.0,0.0,0.0,0.0,96,0.0,0.0,0.0,0.0,0.0,0.0,0.0,0.0,0.0,0.0,0.0
natural,dead,0.03,collision_unchanged,0,96,0.0,0.0,0.0,0.0,0.0,0.0,0.0,0.0,0.0,0.0,0.0,96,0.0,0.0,0.0,0.0,0.0,0.0,0.0,0.0,0.0,0.0,0.0
natural,dead,0.01,all,0,96,0.0,0.0,0.0,0.0,0.0,0.0,0.0,0.0,0.0,0.0,0.0,96,0.0,0.0,0.0,0.0,0.0,0.0,0.0,0.0,0.0,0.0,0.0
natural,dead,0.01,preserving,0,96,0.0,0.0,0.0,0.0,0.0,0.0,0.0,0.0,0.0,0.0,0.0,96,0.0,0.0,0.0,0.0,0.0,0.0,0.0,0.0,0.0,0.0,0.0
natural,dead,0.01,collision_unchanged,0,96,0.0,0.0,0.0,0.0,0.0,0.0,0.0,0.0,0.0,0.0,0.0,96,0.0,0.0,0.0,0.0,0.0,0.0,0.0,0.0,0.0,0.0,0.0
natural,dead,0.003,all,0,96,0.0,0.0,0.0,0.0,0.0,0.0,0.0,0.0,0.0,0.0,0.0,96,0.0,0.0,0.0,0.0,0.0,0.0,0.0,0.0,0.0,0.0,0.0
natural,dead,0.003,preserving,0,96,0.0,0.0,0.0,0.0,0.0,0.0,0.0,0.0,0.0,0.0,0.0,96,0.0,0.0,0.0,0.0,0.0,0.0,0.0,0.0,0.0,0.0,0.0
natural,dead,0.003,collision_unchanged,0,96,0.0,0.0,0.0,0.0,0.0,0.0,0.0,0.0,0.0,0.0,0.0,96,0.0,0.0,0.0,0.0,0.0,0.0,0.0,0.0,0.0,0.0,0.0
natural,dead,0.001,all,0,96,0.0,0.0,0.0,0.0,0.0,0.0,0.0,0.0,0.0,0.0,0.0,96,0.0,0.0,0.0,0.0,0.0,0.0,0.0,0.0,0.0,0.0,0.0
natural,dead,0.001,preserving,0,96,0.0,0.0,0.0,0.0,0.0,0.0,0.0,0.0,0.0,0.0,0.0,96,0.0,0.0,0.0,0.0,0.0,0.0,0.0,0.0,0.0,0.0,0.0
natural,dead,0.001,collision_unchanged,0,96,0.0,0.0,0.0,0.0,0.0,0.0,0.0,0.0,0.0,0.0,0.0,96,0.0,0.0,0.0,0.0,0.0,0.0,0.0,0.0,0.0,0.0,0.0
natural,alive_waiting,0.1,all,0,96,0.9999999999999963,1.000000000000023,1.000000000000023,1.0000000000000464,1.0000000000000644,1.0000000000000664,0.0,0.0,0.0,0.0,0.0,96,0.9999995036952687,1.0000014305114746,1.000001819717731,1.0000038146972656,1.0000038146972656,1.0000038146972656,0.0,0.0,0.0,0.0,0.0
natural,alive_waiting,0.1,preserving,0,94,0.9999999999999991,1.000000000000023,1.000000000000023,1.0000000000000469,1.0000000000000644,1.0000000000000664,0.0,0.0,0.0,0.0,0.0,94,0.9999995312146022,1.0000014305114746,1.0000018227827225,1.0000038146972656,1.0000038146972656,1.0000038146972656,0.0,0.0,0.0,0.0,0.0
natural,alive_waiting,0.1,death_switching,0,2,0.9999999999999787,0.9999999999999787,0.9999999999999787,0.9999999999999787,0.9999999999999787,0.9999999999999787,0.0,0.0,0.0,0.0,0.0,2,0.9999990463256836,0.9999990463256836,0.9999990463256836,0.9999990463256836,0.9999990463256836,0.9999990463256836,0.0,0.0,0.0,0.0,0.0
natural,alive_waiting,0.1,collision_unchanged,0,96,0.9999999999999963,1.000000000000023,1.000000000000023,1.0000000000000464,1.0000000000000644,1.0000000000000664,0.0,0.0,0.0,0.0,0.0,96,0.9999995036952687,1.0000014305114746,1.000001819717731,1.0000038146972656,1.0000038146972656,1.0000038146972656,0.0,0.0,0.0,0.0,0.0
natural,alive_waiting,0.03,all,0,96,1.000000000000038,1.0000000000000528,1.0000000000001081,1.0000000000001548,1.0000000000001956,1.0000000000002003,0.0,0.0,0.0,0.0,0.0,96,0.9999990463256836,1.0000026881540325,1.0000069936116538,1.0000070870109665,1.0000086841392135,1.0000088615979077,0.0,0.0,0.0,0.0,0.0
natural,alive_waiting,0.03,preserving,0,96,1.000000000000038,1.0000000000000528,1.0000000000001081,1.0000000000001548,1.0000000000001956,1.0000000000002003,0.0,0.0,0.0,0.0,0.0,96,0.9999990463256836,1.0000026881540325,1.0000069936116538,1.0000070870109665,1.0000086841392135,1.0000088615979077,0.0,0.0,0.0,0.0,0.0
natural,alive_waiting,0.03,collision_unchanged,0,96,1.000000000000038,1.0000000000000528,1.0000000000001081,1.0000000000001548,1.0000000000001956,1.0000000000002003,0.0,0.0,0.0,0.0,0.0,96,0.9999990463256836,1.0000026881540325,1.0000069936116538,1.0000070870109665,1.0000086841392135,1.0000088615979077,0.0,0.0,0.0,0.0,0.0
natural,alive_waiting,0.01,all,0,96,0.99999999999989,1.000000000000334,1.0000000000003342,1.0000000000007605,1.0000000000008364,1.0000000000008449,0.0,0.0,0.0,0.0,0.0,96,0.9999990463256836,1.00000959485542,1.000015146540922,1.0000228881835935,1.0000228881835938,1.0000228881835938,0.0,0.0,0.0,0.0,0.0
natural,alive_waiting,0.01,preserving,0,96,0.99999999999989,1.000000000000334,1.0000000000003342,1.0000000000007605,1.0000000000008364,1.0000000000008449,0.0,0.0,0.0,0.0,0.0,96,0.9999990463256836,1.00000959485542,1.000015146540922,1.0000228881835935,1.0000228881835938,1.0000228881835938,0.0,0.0,0.0,0.0,0.0
natural,alive_waiting,0.01,collision_unchanged,0,96,0.99999999999989,1.000000000000334,1.0000000000003342,1.0000000000007605,1.0000000000008364,1.0000000000008449,0.0,0.0,0.0,0.0,0.0,96,0.9999990463256836,1.00000959485542,1.000015146540922,1.0000228881835935,1.0000228881835938,1.0000228881835938,0.0,0.0,0.0,0.0,0.0
natural,alive_waiting,0.003,all,0,96,1.0000000000002085,1.0000000000007803,1.0000000000012477,1.000000000001782,1.0000000000034097,1.0000000000035907,0.0,0.0,0.0,0.0,0.0,96,1.0000069936116536,1.0000330084277875,1.0000611824830283,1.0000864664713542,1.0000864664713542,1.0000864664713542,0.0,0.0,0.0,0.0,0.0
natural,alive_waiting,0.003,preserving,0,96,1.0000000000002085,1.0000000000007803,1.0000000000012477,1.000000000001782,1.0000000000034097,1.0000000000035907,0.0,0.0,0.0,0.0,0.0,96,1.0000069936116536,1.0000330084277875,1.0000611824830283,1.0000864664713542,1.0000864664713542,1.0000864664713542,0.0,0.0,0.0,0.0,0.0
natural,alive_waiting,0.003,collision_unchanged,0,96,1.0000000000002085,1.0000000000007803,1.0000000000012477,1.000000000001782,1.0000000000034097,1.0000000000035907,0.0,0.0,0.0,0.0,0.0,96,1.0000069936116536,1.0000330084277875,1.0000611824830283,1.0000864664713542,1.0000864664713542,1.0000864664713542,0.0,0.0,0.0,0.0,0.0
natural,alive_waiting,0.001,all,0,96,0.9999999999999492,1.0000000000021112,1.0000000000028302,1.0000000000073723,1.000000000014627,1.000000000015433,0.0,0.0,0.0,0.0,0.0,96,0.9999918985176088,1.0001659393310547,1.0001681842634982,1.0002224642949418,1.0003493737188887,1.000363474765994,0.0,0.0,0.0,0.0,0.0
natural,alive_waiting,0.001,preserving,0,96,0.9999999999999492,1.0000000000021112,1.0000000000028302,1.0000000000073723,1.000000000014627,1.000000000015433,0.0,0.0,0.0,0.0,0.0,96,0.9999918985176088,1.0001659393310547,1.0001681842634982,1.0002224642949418,1.0003493737188887,1.000363474765994,0.0,0.0,0.0,0.0,0.0
natural,alive_waiting,0.001,collision_unchanged,0,96,0.9999999999999492,1.0000000000021112,1.0000000000028302,1.0000000000073723,1.000000000014627,1.000000000015433,0.0,0.0,0.0,0.0,0.0,96,0.9999918985176088,1.0001659393310547,1.0001681842634982,1.0002224642949418,1.0003493737188887,1.000363474765994,0.0,0.0,0.0,0.0,0.0
targeted,free,0.1,all,0,32,1.0,1.0000000000000198,1.000000000000031,1.0000000000000389,1.0000000000000389,1.0000000000000389,0.0,0.0,0.0,0.0,0.0,32,0.9999996423721316,1.0000005065152402,1.000000595231435,1.0000007006425045,1.0000007219455131,1.0000007243125142,0.0,0.0,0.0,0.0,0.0
targeted,free,0.1,preserving,0,32,1.0,1.0000000000000198,1.000000000000031,1.0000000000000389,1.0000000000000389,1.0000000000000389,0.0,0.0,0.0,0.0,0.0,32,0.9999996423721316,1.0000005065152402,1.000000595231435,1.0000007006425045,1.0000007219455131,1.0000007243125142,0.0,0.0,0.0,0.0,0.0
targeted,free,0.1,collision_unchanged,0,32,1.0,1.0000000000000198,1.000000000000031,1.0000000000000389,1.0000000000000389,1.0000000000000389,0.0,0.0,0.0,0.0,0.0,32,0.9999996423721316,1.0000005065152402,1.000000595231435,1.0000007006425045,1.0000007219455131,1.0000007243125142,0.0,0.0,0.0,0.0,0.0
targeted,free,0.03,all,0,32,1.0000000000000226,1.0000000000000804,1.0000000000000957,1.0000000000001288,1.000000000000142,1.0000000000001437,0.0,0.0,0.0,0.0,0.0,32,1.0000010331471751,1.0000069936116538,1.0000069936116538,1.0000069936116538,1.0000069936116538,1.0000069936116538,0.0,0.0,0.0,0.0,0.0
targeted,free,0.03,preserving,0,32,1.0000000000000226,1.0000000000000804,1.0000000000000957,1.0000000000001288,1.000000000000142,1.0000000000001437,0.0,0.0,0.0,0.0,0.0,32,1.0000010331471751,1.0000069936116538,1.0000069936116538,1.0000069936116538,1.0000069936116538,1.0000069936116538,0.0,0.0,0.0,0.0,0.0
targeted,free,0.03,collision_unchanged,0,32,1.0000000000000226,1.0000000000000804,1.0000000000000957,1.0000000000001288,1.000000000000142,1.0000000000001437,0.0,0.0,0.0,0.0,0.0,32,1.0000010331471751,1.0000069936116538,1.0000069936116538,1.0000069936116538,1.0000069936116538,1.0000069936116538,0.0,0.0,0.0,0.0,0.0
targeted,free,0.01,all,0,32,1.0,1.000000000000334,1.000000000000334,1.000000000000343,1.0000000000003466,1.000000000000347,0.0,0.0,0.0,0.0,0.0,32,1.0000019416615507,1.0000228881835938,1.0000228881835938,1.000022888183594,1.000022888183594,1.000022888183594,0.0,0.0,0.0,0.0,0.0
targeted,free,0.01,preserving,0,32,1.0,1.000000000000334,1.000000000000334,1.000000000000343,1.0000000000003466,1.000000000000347,0.0,0.0,0.0,0.0,0.0,32,1.0000019416615507,1.0000228881835938,1.0000228881835938,1.000022888183594,1.000022888183594,1.000022888183594,0.0,0.0,0.0,0.0,0.0
targeted,free,0.01,collision_unchanged,0,32,1.0,1.000000000000334,1.000000000000334,1.000000000000343,1.0000000000003466,1.000000000000347,0.0,0.0,0.0,0.0,0.0,32,1.0000019416615507,1.0000228881835938,1.0000228881835938,1.000022888183594,1.000022888183594,1.000022888183594,0.0,0.0,0.0,0.0,0.0
targeted,free,0.003,all,0,32,1.0000000000001052,1.0000000000007232,1.0000000000009648,1.0000000000010196,1.0000000000010334,1.000000000001035,0.0,0.0,0.0,0.0,0.0,32,0.9999871253967276,1.0000330697313695,1.0000475891529352,1.0000634235942114,1.0000687732046882,1.0000693676058523,0.0,0.0,0.0,0.0,0.0
targeted,free,0.003,preserving,0,32,1.0000000000001052,1.0000000000007232,1.0000000000009648,1.0000000000010196,1.0000000000010334,1.000000000001035,0.0,0.0,0.0,0.0,0.0,32,0.9999871253967276,1.0000330697313695,1.0000475891529352,1.0000634235942114,1.0000687732046882,1.0000693676058523,0.0,0.0,0.0,0.0,0.0
targeted,free,0.003,collision_unchanged,0,32,1.0000000000001052,1.0000000000007232,1.0000000000009648,1.0000000000010196,1.0000000000010334,1.000000000001035,0.0,0.0,0.0,0.0,0.0,32,0.9999871253967276,1.0000330697313695,1.0000475891529352,1.0000634235942114,1.0000687732046882,1.0000693676058523,0.0,0.0,0.0,0.0,0.0
targeted,free,0.001,all,0,32,0.9999999999996393,1.0000000000012577,1.000000000002518,1.0000000000035512,1.0000000000035958,1.0000000000036007,0.0,0.0,0.0,0.0,0.0,32,0.9999812988537597,1.0000786357878733,1.0001071159171262,1.000178433167707,1.0002047132834953,1.0002076332963605,0.0,0.0,0.0,0.0,0.0
targeted,free,0.001,preserving,0,32,0.9999999999996393,1.0000000000012577,1.000000000002518,1.0000000000035512,1.0000000000035958,1.0000000000036007,0.0,0.0,0.0,0.0,0.0,32,0.9999812988537597,1.0000786357878733,1.0001071159171262,1.000178433167707,1.0002047132834953,1.0002076332963605,0.0,0.0,0.0,0.0,0.0
targeted,free,0.001,collision_unchanged,0,32,0.9999999999996393,1.0000000000012577,1.000000000002518,1.0000000000035512,1.0000000000035958,1.0000000000036007,0.0,0.0,0.0,0.0,0.0,32,0.9999812988537597,1.0000786357878733,1.0001071159171262,1.000178433167707,1.0002047132834953,1.0002076332963605,0.0,0.0,0.0,0.0,0.0
targeted,upper_wall,0.1,all,0,32,0.9936185903394688,1.089908364584022,1.1032274245709597,1.1152456496323375,1.1160567618368302,1.116146885415107,0.21875,0.15625,0.0,0.0,0.0,32,0.9936180679599484,1.0899081863404056,1.1032268873852908,1.1152451684616107,1.1160561165140757,1.1161462218532383,0.21875,0.15625,0.0,0.0,0.0
targeted,upper_wall,0.1,preserving,0,32,0.9936185903394688,1.089908364584022,1.1032274245709597,1.1152456496323375,1.1160567618368302,1.116146885415107,0.21875,0.15625,0.0,0.0,0.0,32,0.9936180679599484,1.0899081863404056,1.1032268873852908,1.1152451684616107,1.1160561165140757,1.1161462218532383,0.21875,0.15625,0.0,0.0,0.0
targeted,upper_wall,0.1,collision_changed,0,24,0.6853239270914129,1.0942322639165643,1.1105090599467158,1.1154782266085361,1.11608001953445,1.116146885415107,0.2916666666666667,0.20833333333333334,0.0,0.0,0.0,24,0.6853241267918381,1.0942315606510022,1.1105088587481906,1.1154776983691275,1.1160793695048272,1.1161462218532383,0.2916666666666667,0.20833333333333334,0.0,0.0,0.0
targeted,upper_wall,0.1,collision_unchanged,0,8,1.000000000000001,1.000000000000001,1.000000000000001,1.000000000000001,1.000000000000001,1.000000000000001,0.0,0.0,0.0,0.0,0.0,8,0.9999996423721316,0.9999996423721316,0.9999996423721316,0.9999996423721316,0.9999996423721316,0.9999996423721316,0.0,0.0,0.0,0.0,0.0
targeted,upper_wall,0.03,all,0,32,1.6170613165725185,1.9208248484538846,1.9307171167234523,1.9403639685659573,1.9411394028227755,1.9412255621846441,0.75,0.75,0.75,0.0,0.0,32,1.6170616076204734,1.9208262149510273,1.9307155065932082,1.940360262641684,1.9411355835338597,1.941221730299657,0.75,0.75,0.75,0.0,0.0
targeted,upper_wall,0.03,preserving,0,32,1.6170613165725185,1.9208248484538846,1.9307171167234523,1.9403639685659573,1.9411394028227755,1.9412255621846441,0.75,0.75,0.75,0.0,0.0,32,1.6170616076204734,1.9208262149510273,1.9307155065932082,1.940360262641684,1.9411355835338597,1.941221730299657,0.75,0.75,0.75,0.0,0.0
targeted,upper_wall,0.03,collision_changed,0,24,1.7022318463387616,1.9238221473813324,1.9363382885106253,1.9405863153062635,1.9411616374968061,1.9412255621846441,1.0,1.0,1.0,0.0,0.0,24,1.7022291376846144,1.9238224515182751,1.9363353580677565,1.9405825768759997,1.9411578149572912,1.941221730299657,1.0,1.0,1.0,0.0,0.0
targeted,upper_wall,0.03,collision_unchanged,0,8,1.0,1.0,1.0,1.0,1.0,1.0,0.0,0.0,0.0,0.0,0.0,8,1.0000010331471751,1.0000010331471751,1.0000010331471751,1.0000010331471751,1.0000010331471751,1.0000010331471751,0.0,0.0,0.0,0.0,0.0
targeted,upper_wall,0.01,all,0,32,4.9501488105465175,5.083023179175353,5.089265547766266,5.09593502598402,5.096566702747446,5.096636889054493,0.75,0.75,0.75,0.75,0.3125,32,4.9501419630921575,5.0830272132215395,5.08926130325575,5.095922648197133,5.096551931785399,5.096621852184095,0.75,0.75,0.75,0.75,0.3125
targeted,upper_wall,0.01,preserving,0,32,4.9501488105465175,5.083023179175353,5.089265547766266,5.09593502598402,5.096566702747446,5.096636889054493,0.75,0.75,0.75,0.75,0.3125,32,4.9501419630921575,5.0830272132215395,5.08926130325575,5.095922648197133,5.096551931785399,5.096621852184095,0.75,0.75,0.75,0.75,0.3125
targeted,upper_wall,0.01,collision_changed,0,24,4.9833174007650936,5.0847471953200305,5.09297992366979,5.09611615193769,5.096584815342813,5.096636889054493,1.0,1.0,1.0,1.0,0.4166666666666667,24,4.983315730268995,5.08474717212087,5.092974068489357,5.096103087935703,5.096569975759255,5.096621852184095,1.0,1.0,1.0,1.0,0.4166666666666667
targeted,upper_wall,0.01,collision_unchanged,0,8,1.0,1.0,1.0,1.0,1.0,1.0,0.0,0.0,0.0,0.0,0.0,8,0.9999990463256827,0.9999990463256827,0.9999990463256827,0.9999990463256827,0.9999990463256827,0.9999990463256827,0.0,0.0,0.0,0.0,0.0
targeted,upper_wall,0.003,all,0,32,16.616731736546953,16.683929904663398,16.688495431948798,16.693739760962952,16.694292043356622,16.69435340806703,0.75,0.75,0.75,0.75,0.75,32,16.616737612113617,16.683926560452115,16.68849907578979,16.693734022650265,16.694281524145232,16.694342357644672,0.75,0.75,0.75,0.75,0.75
targeted,upper_wall,0.003,preserving,0,32,16.616731736546953,16.683929904663398,16.688495431948798,16.693739760962952,16.694292043356622,16.69435340806703,0.75,0.75,0.75,0.75,0.75,32,16.616737612113617,16.683926560452115,16.68849907578979,16.693734022650265,16.694281524145232,16.694342357644672,0.75,0.75,0.75,0.75,0.75
targeted,upper_wall,0.003,collision_changed,0,24,16.63155751501759,16.685086778556673,16.691316136916708,16.69389812150594,16.69430787941092,16.69435340806703,1.0,1.0,1.0,1.0,1.0,24,16.631552168127484,16.685086212063403,16.6913215564481,16.69389101232624,16.69429722311283,16.694342357644672,1.0,1.0,1.0,1.0,1.0
targeted,upper_wall,0.003,collision_unchanged,0,8,0.999999999999889,0.999999999999889,0.999999999999889,0.999999999999889,0.999999999999889,0.999999999999889,0.0,0.0,0.0,0.0,0.0,8,0.9999871253967276,0.9999871253967276,0.9999871253967276,0.9999871253967276,0.9999871253967276,0.9999871253967276,0.0,0.0,0.0,0.0,0.0
targeted,upper_wall,0.001,all,0,32,49.9500413585521,49.99828909215912,50.00235153443437,50.007163049985984,50.00769026661921,50.00774884624512,0.75,0.75,0.75,0.75,0.75,32,49.950015434749844,49.9982613482099,50.00236666231951,50.007180760839994,50.00772607838545,50.00778666922384,0.75,0.75,0.75,0.75,0.75
targeted,upper_wall,0.001,preserving,0,32,49.9500413585521,49.99828909215912,50.00235153443437,50.007163049985984,50.00769026661921,50.00774884624512,0.75,0.75,0.75,0.75,0.75,32,49.950015434749844,49.9982613482099,50.00236666231951,50.007180760839994,50.00772607838545,50.00778666922384,0.75,0.75,0.75,0.75,0.75
targeted,upper_wall,0.001,collision_changed,0,24,49.95964911766888,49.99927739254198,50.00490255004068,50.007314223214145,50.007705383942024,50.00774884624512,1.0,1.0,1.0,1.0,1.0,24,49.959532750922094,49.99930065811226,50.00488699957814,50.00733712429388,50.00774171473085,50.00778666922384,1.0,1.0,1.0,1.0,1.0
targeted,upper_wall,0.001,collision_unchanged,0,8,0.999999999999889,0.999999999999889,0.999999999999889,0.999999999999889,0.999999999999889,0.999999999999889,0.0,0.0,0.0,0.0,0.0,8,0.9999871253967276,0.9999871253967276,0.9999871253967276,0.9999871253967276,0.9999871253967276,0.9999871253967276,0.0,0.0,0.0,0.0,0.0
targeted,corner,0.1,all,0,32,1.1648974006139328,1.3977292454795867,1.4892239799735076,1.5900682484305506,1.6093575054069007,1.6115007561820505,0.5625,0.5625,0.46875,0.0,0.0,32,1.1648967864816826,1.3977291001118273,1.4892240318895216,1.5900677441443436,1.6093566160078943,1.611499823992733,0.5625,0.5625,0.46875,0.0,0.0
targeted,corner,0.1,preserving,0,32,1.1648974006139328,1.3977292454795867,1.4892239799735076,1.5900682484305506,1.6093575054069007,1.6115007561820505,0.5625,0.5625,0.46875,0.0,0.0,32,1.1648967864816826,1.3977291001118273,1.4892240318895216,1.5900677441443436,1.6093566160078943,1.611499823992733,0.5625,0.5625,0.46875,0.0,0.0
targeted,corner,0.1,collision_changed,0,24,1.280624847486588,1.4320615468238391,1.527871001376788,1.595599218172873,1.609910602381133,1.6115007561820505,0.75,0.75,0.625,0.0,0.0,24,1.2806251155779527,1.432061322795615,1.5278713414580989,1.5955986034600569,1.6099097019394657,1.611499823992733,0.75,0.75,0.625,0.0,0.0
targeted,corner,0.1,collision_unchanged,0,8,0.7999999999999867,0.7999999999999867,0.7999999999999867,0.7999999999999867,0.7999999999999867,0.7999999999999867,0.0,0.0,0.0,0.0,0.0,8,0.8000016212463372,0.8000016212463372,0.8000016212463372,0.8000016212463372,0.8000016212463372,0.8000016212463372,0.0,0.0,0.0,0.0,0.0
targeted,corner,0.03,all,0,32,2.6832111314046867,3.032318472601454,3.1930074892164138,3.387196032449771,3.426452227392548,3.430814026830634,0.75,0.75,0.75,0.625,0.0,32,2.6832098695287954,3.0323145589203424,3.1930057488743393,3.387195082698608,3.4264527311132715,3.430814692048233,0.75,0.75,0.75,0.625,0.0
targeted,corner,0.03,preserving,0,32,2.6832111314046867,3.032318472601454,3.1930074892164138,3.387196032449771,3.426452227392548,3.430814026830634,0.75,0.75,0.75,0.625,0.0,32,2.6832098695287954,3.0323145589203424,3.1930057488743393,3.387195082698608,3.4264527311132715,3.430814692048233,0.75,0.75,0.75,0.625,0.0
targeted,corner,0.03,collision_changed,0,24,2.848001248439138,3.090369010479452,3.2636280928047894,3.398452289064187,3.42757785305399,3.430814026830634,1.0,1.0,1.0,0.8333333333333334,0.0,24,2.848005973650634,3.0903679628208365,3.26362431317764,3.3984517560791563,3.427578398451326,3.430814692048233,1.0,1.0,1.0,0.8333333333333334,0.0
targeted,corner,0.03,collision_unchanged,0,8,0.8000000000000296,0.8000000000000296,0.8000000000000296,0.8000000000000296,0.8000000000000296,0.8000000000000296,0.0,0.0,0.0,0.0,0.0,8,0.7999976476033521,0.7999976476033521,0.7999976476033521,0.7999976476033521,0.7999976476033521,0.7999976476033521,0.0,0.0,0.0,0.0,0.0
targeted,corner,0.01,all,0,32,7.892925460674151,8.263451063981282,8.449883219878306,8.685418182294487,8.734182855949514,8.739601153022294,0.75,0.75,0.75,0.75,0.75,32,7.892925956974903,8.2634624917152,8.449885865412718,8.685409884274375,8.734171222308554,8.739589148756794,0.75,0.75,0.75,0.75,0.75
targeted,corner,0.01,preserving,0,32,7.892925460674151,8.263451063981282,8.449883219878306,8.685418182294487,8.734182855949514,8.739601153022294,0.75,0.75,0.75,0.75,0.75,32,7.892925956974903,8.2634624917152,8.449885865412718,8.685409884274375,8.734171222308554,8.739589148756794,0.75,0.75,0.75,0.75,0.75
targeted,corner,0.01,collision_changed,0,24,8.062257748298537,8.329448889413328,8.533471697407524,8.699400884417793,8.735581126161845,8.739601153022294,1.0,1.0,1.0,1.0,1.0,24,8.062273717279082,8.329456171973144,8.53347238354584,8.699391629947256,8.73556939687584,8.739589148756794,1.0,1.0,1.0,1.0,1.0
targeted,corner,0.01,collision_unchanged,0,8,0.7999999999999556,0.7999999999999556,0.7999999999999556,0.7999999999999556,0.7999999999999556,0.7999999999999556,0.0,0.0,0.0,0.0,0.0,8,0.8000135421752923,0.8000135421752923,0.8000135421752923,0.8000135421752923,0.8000135421752923,0.8000135421752923,0.0,0.0,0.0,0.0,0.0
targeted,corner,0.003,all,0,32,26.516858139911783,26.890492254825578,27.085575889000246,27.337068842415313,27.389701399782588,27.395549461712285,0.75,0.75,0.75,0.75,0.75,32,26.516897718451553,26.890477318790417,27.08557053505637,27.337078604643025,27.389725519734395,27.39557517696677,0.75,0.75,0.75,0.75,0.75
targeted,corner,0.003,preserving,0,32,26.516858139911783,26.890492254825578,27.085575889000246,27.337068842415313,27.389701399782588,27.395549461712285,0.75,0.75,0.75,0.75,0.75,32,26.516897718451553,26.890477318790417,27.08557053505637,27.337078604643025,27.389725519734395,27.39557517696677,0.75,0.75,0.75,0.75,0.75
targeted,corner,0.003,collision_changed,0,24,26.68541007950104,26.958923888261,27.17381328077446,27.352160615137112,27.391210577054768,27.395549461712285,1.0,1.0,1.0,1.0,1.0,24,26.685464345164405,26.958928839719796,27.17379309615544,27.35217449427496,27.39123510869759,27.39557517696677,1.0,1.0,1.0,1.0,1.0
targeted,corner,0.003,collision_unchanged,0,8,0.8000000000003848,0.8000000000003848,0.8000000000003848,0.8000000000003848,0.8000000000003848,0.8000000000003848,0.0,0.0,0.0,0.0,0.0,8,0.8000532786051722,0.8000532786051722,0.8000532786051722,0.8000532786051722,0.8000532786051722,0.8000532786051722,0.0,0.0,0.0,0.0,0.0
targeted,corner,0.001,all,0,32,79.83815266069513,80.2121911022197,80.40964674894272,80.66580386734675,80.71959290039399,80.72556945962147,0.75,0.75,0.75,0.75,0.75,32,79.83818046775826,80.21221080322475,80.4097563095461,80.66573112613666,80.71949025697681,80.72546349373683,0.75,0.75,0.75,0.75,0.75
targeted,corner,0.001,preserving,0,32,79.83815266069513,80.2121911022197,80.40964674894272,80.66580386734675,80.71959290039399,80.72556945962147,0.75,0.75,0.75,0.75,0.75,32,79.83818046775826,80.21221080322475,80.4097563095461,80.66573112613666,80.71949025697681,80.72546349373683,0.75,0.75,0.75,0.75,0.75
targeted,corner,0.001,collision_changed,0,24,80.0062497558829,80.28125955897806,80.49919618714964,80.68122724599829,80.72113523825915,80.72556945962147,1.0,1.0,1.0,1.0,1.0,24,80.00641096196696,80.28140328570346,80.49922694766681,80.68114593067864,80.721031737431,80.72546349373683,1.0,1.0,1.0,1.0,1.0
targeted,corner,0.001,collision_unchanged,0,8,0.7999999999986678,0.7999999999986678,0.7999999999986678,0.7999999999986678,0.7999999999986678,0.7999999999986678,0.0,0.0,0.0,0.0,0.0,8,0.7998943328858302,0.7998943328858302,0.7998943328858302,0.7998943328858302,0.7998943328858302,0.7998943328858302,0.0,0.0,0.0,0.0,0.0
targeted,pre_hazard,0.1,all,0,32,0.9999999999999787,1.0000000000000226,1.000000000000026,1.000000000000031,1.000000000000033,1.0000000000000333,0.0,0.0,0.0,0.0,0.0,32,0.9999990463256837,1.0000015633060289,1.0000019794758466,1.0000023905311914,1.0000024950628585,1.0000025066774882,0.0,0.0,0.0,0.0,0.0
targeted,pre_hazard,0.1,preserving,0,8,0.9999999999999787,0.9999999999999787,0.9999999999999787,0.9999999999999787,0.9999999999999787,0.9999999999999787,0.0,0.0,0.0,0.0,0.0,8,0.9999990463256836,0.9999990463256836,0.9999990463256836,0.9999990463256836,0.9999990463256836,0.9999990463256836,0.0,0.0,0.0,0.0,0.0
targeted,pre_hazard,0.1,death_switching,0,24,0.9999999999999863,1.000000000000025,1.0000000000000262,1.0000000000000318,1.000000000000033,1.0000000000000333,0.0,0.0,0.0,0.0,0.0,24,0.9999996128559943,1.0000017682455304,1.0000020904112417,1.0000024205044293,1.0000024980601823,1.0000025066774882,0.0,0.0,0.0,0.0,0.0
targeted,pre_hazard,0.1,collision_unchanged,0,32,0.9999999999999787,1.0000000000000226,1.000000000000026,1.000000000000031,1.000000000000033,1.0000000000000333,0.0,0.0,0.0,0.0,0.0,32,0.9999990463256837,1.0000015633060289,1.0000019794758466,1.0000023905311914,1.0000024950628585,1.0000025066774882,0.0,0.0,0.0,0.0,0.0
targeted,pre_hazard,0.03,all,0,32,1.000000000000038,1.0000000000000384,1.000000000000074,1.0000000000001188,1.0000000000001255,1.0000000000001261,0.0,0.0,0.0,0.0,0.0,32,1.0000066048052367,1.0000069936116538,1.000006993611654,1.0000069936116542,1.0000069936116542,1.0000069936116542,0.0,0.0,0.0,0.0,0.0
targeted,pre_hazard,0.03,preserving,0,8,1.000000000000038,1.000000000000038,1.000000000000038,1.000000000000038,1.000000000000038,1.000000000000038,0.0,0.0,0.0,0.0,0.0,8,1.0000069936116538,1.0000069936116538,1.0000069936116538,1.0000069936116538,1.0000069936116538,1.0000069936116538,0.0,0.0,0.0,0.0,0.0
targeted,pre_hazard,0.03,death_switching,0,24,1.0000000000000229,1.0000000000000469,1.0000000000000946,1.0000000000001206,1.0000000000001257,1.0000000000001261,0.0,0.0,0.0,0.0,0.0,24,1.0000023113778491,1.0000069936116538,1.0000069936116542,1.0000069936116542,1.0000069936116542,1.0000069936116542,0.0,0.0,0.0,0.0,0.0
targeted,pre_hazard,0.03,collision_unchanged,0,32,1.000000000000038,1.0000000000000384,1.000000000000074,1.0000000000001188,1.0000000000001255,1.0000000000001261,0.0,0.0,0.0,0.0,0.0,32,1.0000066048052367,1.0000069936116538,1.000006993611654,1.0000069936116542,1.0000069936116542,1.0000069936116542,0.0,0.0,0.0,0.0,0.0
targeted,pre_hazard,0.01,all,0,32,0.9999999999999754,1.000000000000334,1.000000000000334,1.0000000000004452,1.00000000000049,1.000000000000495,0.0,0.0,0.0,0.0,0.0,32,1.0000228881835935,1.0000228881835942,1.0000228881835942,1.000022900734333,1.000022905809197,1.0000229063730708,0.0,0.0,0.0,0.0,0.0
targeted,pre_hazard,0.01,preserving,0,8,1.000000000000334,1.000000000000334,1.0000000000003342,1.0000000000003342,1.0000000000003342,1.0000000000003342,0.0,0.0,0.0,0.0,0.0,8,1.0000228881835938,1.0000228881835938,1.000022888183594,1.000022888183594,1.000022888183594,1.000022888183594,0.0,0.0,0.0,0.0,0.0
targeted,pre_hazard,0.01,death_switching,0,24,0.9999999999998903,1.0000000000002451,1.0000000000002676,1.0000000000004432,1.0000000000004898,1.000000000000495,0.0,0.0,0.0,0.0,0.0,24,1.000008908903511,1.0000228881835942,1.0000228881835942,1.000022902189491,1.0000229059547128,1.0000229063730708,0.0,0.0,0.0,0.0,0.0
targeted,pre_hazard,0.01,collision_unchanged,0,32,0.9999999999999754,1.000000000000334,1.000000000000334,1.0000000000004452,1.00000000000049,1.000000000000495,0.0,0.0,0.0,0.0,0.0,32,1.0000228881835935,1.0000228881835942,1.0000228881835942,1.000022900734333,1.000022905809197,1.0000229063730708,0.0,0.0,0.0,0.0,0.0
targeted,pre_hazard,0.003,all,0,32,1.000000000000629,1.0000000000008746,1.000000000000966,1.0000000000012312,1.0000000000013114,1.0000000000013203,0.0,0.0,0.0,0.0,0.0,32,0.9999275207519532,1.0000415630447523,1.0000649507115926,1.0000942072104466,1.000095845853669,1.0000960279251383,0.0,0.0,0.0,0.0,0.0
targeted,pre_hazard,0.003,preserving,0,8,1.00000000000063,1.0000000000006304,1.0000000000006304,1.0000000000006304,1.0000000000006304,1.0000000000006304,0.0,0.0,0.0,0.0,0.0,8,0.9999275207519531,0.9999275207519533,0.9999275207519533,0.9999275207519533,0.9999275207519533,0.9999275207519533,0.0,0.0,0.0,0.0,0.0
targeted,pre_hazard,0.003,death_switching,0,24,1.000000000000629,1.0000000000009006,1.0000000000010147,1.0000000000012543,1.0000000000013136,1.0000000000013203,0.0,0.0,0.0,0.0,0.0,24,0.9999576052800133,1.000043560058033,1.0000832808500266,1.0000946770723025,1.0000958928398547,1.0000960279251383,0.0,0.0,0.0,0.0,0.0
targeted,pre_hazard,0.003,collision_unchanged,0,32,1.000000000000629,1.0000000000008746,1.000000000000966,1.0000000000012312,1.0000000000013114,1.0000000000013203,0.0,0.0,0.0,0.0,0.0,32,0.9999275207519532,1.0000415630447523,1.0000649507115926,1.0000942072104466,1.000095845853669,1.0000960279251383,0.0,0.0,0.0,0.0,0.0
targeted,pre_hazard,0.001,all,0,32,1.0000000000000393,1.000000000002299,1.0000000000029146,1.0000000000034905,1.0000000000037006,1.000000000003724,0.0,0.0,0.0,0.0,0.0,32,0.9999275207519522,1.0001046758167678,1.000119391211445,1.0001962494162935,1.0002269476651853,1.0002303585817287,0.0,0.0,0.0,0.0,0.0
targeted,pre_hazard,0.001,preserving,0,8,0.9999999999976685,0.9999999999976695,0.9999999999976698,0.9999999999976699,0.9999999999976699,0.9999999999976699,0.0,0.0,0.0,0.0,0.0,8,0.9999275207519522,0.9999275207519532,0.9999275207519535,0.9999275207519536,0.9999275207519536,0.9999275207519536,0.0,0.0,0.0,0.0,0.0
targeted,pre_hazard,0.001,death_switching,0,24,1.0000000000020812,1.0000000000027038,1.0000000000029559,1.000000000003551,1.0000000000037066,1.000000000003724,0.0,0.0,0.0,0.0,0.0,24,0.9999275207519522,1.0001168165052028,1.0001200732509825,1.0002050517815673,1.0002278279017125,1.0002303585817287,0.0,0.0,0.0,0.0,0.0
targeted,pre_hazard,0.001,collision_unchanged,0,32,1.0000000000000393,1.000000000002299,1.0000000000029146,1.0000000000034905,1.0000000000037006,1.000000000003724,0.0,0.0,0.0,0.0,0.0,32,0.9999275207519522,1.0001046758167678,1.000119391211445,1.0001962494162935,1.0002269476651853,1.0002303585817287,0.0,0.0,0.0,0.0,0.0
targeted,hazard_interior,0.1,all,0,32,1.000000000000015,1.0000000000000298,1.0000000000000344,1.0000000000000353,1.0000000000000355,1.0000000000000355,0.0,0.0,0.0,0.0,0.0,32,0.9999990463256838,1.0000009653620265,1.000001662867445,1.0000022526161174,1.0000022934386936,1.0000022979745353,0.0,0.0,0.0,0.0,0.0
targeted,hazard_interior,0.1,preserving,0,32,1.000000000000015,1.0000000000000298,1.0000000000000344,1.0000000000000353,1.0000000000000355,1.0000000000000355,0.0,0.0,0.0,0.0,0.0,32,0.9999990463256838,1.0000009653620265,1.000001662867445,1.0000022526161174,1.0000022934386936,1.0000022979745353,0.0,0.0,0.0,0.0,0.0
targeted,hazard_interior,0.1,collision_unchanged,0,32,1.000000000000015,1.0000000000000298,1.0000000000000344,1.0000000000000353,1.0000000000000355,1.0000000000000355,0.0,0.0,0.0,0.0,0.0,32,0.9999990463256838,1.0000009653620265,1.000001662867445,1.0000022526161174,1.0000022934386936,1.0000022979745353,0.0,0.0,0.0,0.0,0.0
targeted,hazard_interior,0.03,all,0,32,1.0000000000000364,1.000000000000071,1.000000000000084,1.0000000000000902,1.0000000000000904,1.0000000000000904,0.0,0.0,0.0,0.0,0.0,32,0.9999990463256827,1.0000069936116538,1.0000069936116538,1.0000073621210732,1.0000075111270559,1.0000075276832763,0.0,0.0,0.0,0.0,0.0
targeted,hazard_interior,0.03,preserving,0,32,1.0000000000000364,1.000000000000071,1.000000000000084,1.0000000000000902,1.0000000000000904,1.0000000000000904,0.0,0.0,0.0,0.0,0.0,32,0.9999990463256827,1.0000069936116538,1.0000069936116538,1.0000073621210732,1.0000075111270559,1.0000075276832763,0.0,0.0,0.0,0.0,0.0
targeted,hazard_interior,0.03,collision_unchanged,0,32,1.0000000000000364,1.000000000000071,1.000000000000084,1.0000000000000902,1.0000000000000904,1.0000000000000904,0.0,0.0,0.0,0.0,0.0,32,0.9999990463256827,1.0000069936116538,1.0000069936116538,1.0000073621210732,1.0000075111270559,1.0000075276832763,0.0,0.0,0.0,0.0,0.0
targeted,hazard_interior,0.01,all,0,32,1.0,1.0000000000003342,1.0000000000003533,1.0000000000004061,1.0000000000004179,1.0000000000004192,0.0,0.0,0.0,0.0,0.0,32,0.9999990463256827,1.0000228881835938,1.000022888183594,1.0000243042585593,1.000024876845393,1.0000249404661523,0.0,0.0,0.0,0.0,0.0
targeted,hazard_interior,0.01,preserving,0,32,1.0,1.0000000000003342,1.0000000000003533,1.0000000000004061,1.0000000000004179,1.0000000000004192,0.0,0.0,0.0,0.0,0.0,32,0.9999990463256827,1.0000228881835938,1.000022888183594,1.0000243042585593,1.000024876845393,1.0000249404661523,0.0,0.0,0.0,0.0,0.0
targeted,hazard_interior,0.01,collision_unchanged,0,32,1.0,1.0000000000003342,1.0000000000003533,1.0000000000004061,1.0000000000004179,1.0000000000004192,0.0,0.0,0.0,0.0,0.0,32,0.9999990463256827,1.0000228881835938,1.000022888183594,1.0000243042585593,1.000024876845393,1.0000249404661523,0.0,0.0,0.0,0.0,0.0
targeted,hazard_interior,0.003,all,0,32,0.9999999999994067,1.0000000000006304,1.0000000000007505,1.0000000000014633,1.0000000000017075,1.0000000000017346,0.0,0.0,0.0,0.0,0.0,32,1.0000059056981947,1.000046527143164,1.0000614079555072,1.0000666140946772,1.0000686686229099,1.0000688969038245,0.0,0.0,0.0,0.0,0.0
targeted,hazard_interior,0.003,preserving,0,32,0.9999999999994067,1.0000000000006304,1.0000000000007505,1.0000000000014633,1.0000000000017075,1.0000000000017346,0.0,0.0,0.0,0.0,0.0,32,1.0000059056981947,1.000046527143164,1.0000614079555072,1.0000666140946772,1.0000686686229099,1.0000688969038245,0.0,0.0,0.0,0.0,0.0
targeted,hazard_interior,0.003,collision_unchanged,0,32,0.9999999999994067,1.0000000000006304,1.0000000000007505,1.0000000000014633,1.0000000000017075,1.0000000000017346,0.0,0.0,0.0,0.0,0.0,32,1.0000059056981947,1.000046527143164,1.0000614079555072,1.0000666140946772,1.0000686686229099,1.0000688969038245,0.0,0.0,0.0,0.0,0.0
targeted,hazard_interior,0.001,all,0,32,0.9999999999994776,1.0000000000026392,1.0000000000028482,1.0000000000040836,1.0000000000045244,1.0000000000045735,0.0,0.0,0.0,0.0,0.0,32,0.9999275207519522,1.0001193996643387,1.0001928539791645,1.0002205998967186,1.000224191247838,1.0002245902868514,0.0,0.0,0.0,0.0,0.0
targeted,hazard_interior,0.001,preserving,0,32,0.9999999999994776,1.0000000000026392,1.0000000000028482,1.0000000000040836,1.0000000000045244,1.0000000000045735,0.0,0.0,0.0,0.0,0.0,32,0.9999275207519522,1.0001193996643387,1.0001928539791645,1.0002205998967186,1.000224191247838,1.0002245902868514,0.0,0.0,0.0,0.0,0.0
targeted,hazard_interior,0.001,collision_unchanged,0,32,0.9999999999994776,1.0000000000026392,1.0000000000028482,1.0000000000040836,1.0000000000045244,1.0000000000045735,0.0,0.0,0.0,0.0,0.0,32,0.9999275207519522,1.0001193996643387,1.0001928539791645,1.0002205998967186,1.000224191247838,1.0002245902868514,0.0,0.0,0.0,0.0,0.0
targeted,entry_boundary,0.1,all,0,32,0.9999999999999946,1.0000000000000238,1.0000000000000246,1.000000000000035,1.0000000000000389,1.0000000000000393,0.0,0.0,0.0,0.0,0.0,32,0.9999990463256836,1.0000014126518666,1.0000019088741918,1.0000022405261906,1.0000023438874583,1.0000023553720436,0.0,0.0,0.0,0.0,0.0
targeted,entry_boundary,0.1,preserving,0,8,0.9999999999999787,0.9999999999999787,0.9999999999999787,0.9999999999999787,0.9999999999999787,0.9999999999999787,0.0,0.0,0.0,0.0,0.0,8,0.9999990463256836,0.9999990463256836,0.9999990463256836,0.9999990463256836,0.9999990463256836,0.9999990463256836,0.0,0.0,0.0,0.0,0.0
targeted,entry_boundary,0.1,death_switching,0,24,1.0000000000000169,1.000000000000024,1.0000000000000253,1.0000000000000362,1.000000000000039,1.0000000000000393,0.0,0.0,0.0,0.0,0.0,24,0.9999990463256844,1.0000017182779688,1.000001964166816,1.0000022701638303,1.0000023468512222,1.0000023553720436,0.0,0.0,0.0,0.0,0.0
targeted,entry_boundary,0.1,collision_unchanged,0,32,0.9999999999999946,1.0000000000000238,1.0000000000000246,1.000000000000035,1.0000000000000389,1.0000000000000393,0.0,0.0,0.0,0.0,0.0,32,0.9999990463256836,1.0000014126518666,1.0000019088741918,1.0000022405261906,1.0000023438874583,1.0000023553720436,0.0,0.0,0.0,0.0,0.0
targeted,entry_boundary,0.03,all,0,32,1.0000000000000369,1.000000000000088,1.0000000000001121,1.0000000000001346,1.000000000000138,1.0000000000001383,0.0,0.0,0.0,0.0,0.0,32,1.000006967084908,1.0000069936116538,1.000006993611655,1.0000069936116565,1.0000069936116565,1.0000069936116565,0.0,0.0,0.0,0.0,0.0
targeted,entry_boundary,0.03,preserving,0,8,1.000000000000038,1.000000000000038,1.000000000000038,1.000000000000038,1.000000000000038,1.000000000000038,0.0,0.0,0.0,0.0,0.0,8,1.0000069936116538,1.0000069936116538,1.0000069936116538,1.0000069936116538,1.0000069936116538,1.0000069936116538,0.0,0.0,0.0,0.0,0.0
targeted,entry_boundary,0.03,death_switching,0,24,0.9999999999999603,1.000000000000097,1.0000000000001223,1.0000000000001354,1.0000000000001381,1.0000000000001383,0.0,0.0,0.0,0.0,0.0,24,1.0000034616320386,1.0000069936116527,1.0000069936116558,1.0000069936116565,1.0000069936116565,1.0000069936116565,0.0,0.0,0.0,0.0,0.0
targeted,entry_boundary,0.03,collision_unchanged,0,32,1.0000000000000369,1.000000000000088,1.0000000000001121,1.0000000000001346,1.000000000000138,1.0000000000001383,0.0,0.0,0.0,0.0,0.0,32,1.000006967084908,1.0000069936116538,1.000006993611655,1.0000069936116565,1.0000069936116565,1.0000069936116565,0.0,0.0,0.0,0.0,0.0
targeted,entry_boundary,0.01,all,0,32,0.9999999999999198,1.000000000000334,1.000000000000334,1.0000000000003342,1.0000000000003342,1.0000000000003342,0.0,0.0,0.0,0.0,0.0,32,1.0000228881835873,1.000022888183594,1.000022888183604,1.0000237424177845,1.0000240878255182,1.0000241262041554,0.0,0.0,0.0,0.0,0.0
targeted,entry_boundary,0.01,preserving,0,8,1.000000000000334,1.000000000000334,1.0000000000003342,1.0000000000003342,1.0000000000003342,1.0000000000003342,0.0,0.0,0.0,0.0,0.0,8,1.0000228881835938,1.0000228881835938,1.000022888183594,1.000022888183594,1.000022888183594,1.000022888183594,0.0,0.0,0.0,0.0,0.0
targeted,entry_boundary,0.01,death_switching,0,24,0.9999999999998945,1.0000000000001563,1.0000000000002007,1.00000000000028,1.0000000000002995,1.0000000000003018,0.0,0.0,0.0,0.0,0.0,24,1.000010245274559,1.0000228881836006,1.000022888183604,1.0000238414594285,1.0000240977296826,1.0000241262041554,0.0,0.0,0.0,0.0,0.0
targeted,entry_boundary,0.01,collision_unchanged,0,32,0.9999999999999198,1.000000000000334,1.000000000000334,1.0000000000003342,1.0000000000003342,1.0000000000003342,0.0,0.0,0.0,0.0,0.0,32,1.0000228881835873,1.000022888183594,1.000022888183604,1.0000237424177845,1.0000240878255182,1.0000241262041554,0.0,0.0,0.0,0.0,0.0
targeted,entry_boundary,0.003,all,0,32,1.0000000000004232,1.0000000000009426,1.0000000000010114,1.0000000000011662,1.000000000001216,1.0000000000012215,0.0,0.0,0.0,0.0,0.0,32,0.9999275207519892,1.0000296490878402,1.000045030343328,1.0000802484232623,1.0000944045045783,1.0000959774025022,0.0,0.0,0.0,0.0,0.0
targeted,entry_boundary,0.003,preserving,0,8,1.00000000000063,1.0000000000006302,1.0000000000006302,1.0000000000006304,1.0000000000006304,1.0000000000006304,0.0,0.0,0.0,0.0,0.0,8,0.999927520751953,0.9999275207519532,0.9999275207519532,0.9999275207519533,0.9999275207519533,0.9999275207519533,0.0,0.0,0.0,0.0,0.0
targeted,entry_boundary,0.003,death_switching,0,24,0.9999999999992881,1.0000000000009768,1.0000000000010347,1.0000000000011806,1.0000000000012175,1.0000000000012215,0.0,0.0,0.0,0.0,0.0,24,0.9999620266010358,1.0000404148318798,1.0000451819189389,1.000084307514679,1.00009481041372,1.0000959774025022,0.0,0.0,0.0,0.0,0.0
targeted,entry_boundary,0.003,collision_unchanged,0,32,1.0000000000004232,1.0000000000009426,1.0000000000010114,1.0000000000011662,1.000000000001216,1.0000000000012215,0.0,0.0,0.0,0.0,0.0,32,0.9999275207519892,1.0000296490878402,1.000045030343328,1.0000802484232623,1.0000944045045783,1.0000959774025022,0.0,0.0,0.0,0.0,0.0
targeted,entry_boundary,0.001,all,0,32,1.0000000000000386,1.000000000002165,1.0000000000022204,1.0000000000026592,1.0000000000028366,1.0000000000028564,0.0,0.0,0.0,0.0,0.0,32,0.9999275207519809,1.00015424848429,1.0001920257529282,1.000219675487289,1.0002269374936748,1.0002277443832732,0.0,0.0,0.0,0.0,0.0
targeted,entry_boundary,0.001,preserving,0,8,0.9999999999976698,0.9999999999976703,0.9999999999976703,0.9999999999976703,0.9999999999976703,0.9999999999976703,0.0,0.0,0.0,0.0,0.0,8,0.9999275207519535,0.999927520751954,0.999927520751954,0.999927520751954,0.999927520751954,0.999927520751954,0.0,0.0,0.0,0.0,0.0
targeted,entry_boundary,0.001,death_switching,0,24,1.000000000000647,1.0000000000022038,1.0000000000022204,1.00000000000271,1.0000000000028417,1.0000000000028564,0.0,0.0,0.0,0.0,0.0,24,0.9999275207520355,1.0001758794674058,1.0001990729773804,1.000221757783027,1.0002271457232486,1.0002277443832732,0.0,0.0,0.0,0.0,0.0
targeted,entry_boundary,0.001,collision_unchanged,0,32,1.0000000000000386,1.000000000002165,1.0000000000022204,1.0000000000026592,1.0000000000028366,1.0000000000028564,0.0,0.0,0.0,0.0,0.0,32,0.9999275207519809,1.00015424848429,1.0001920257529282,1.000219675487289,1.0002269374936748,1.0002277443832732,0.0,0.0,0.0,0.0,0.0
targeted,dead,0.1,all,0,32,0.0,0.0,0.0,0.0,0.0,0.0,0.0,0.0,0.0,0.0,0.0,32,0.0,0.0,0.0,0.0,0.0,0.0,0.0,0.0,0.0,0.0,0.0
targeted,dead,0.1,preserving,0,32,0.0,0.0,0.0,0.0,0.0,0.0,0.0,0.0,0.0,0.0,0.0,32,0.0,0.0,0.0,0.0,0.0,0.0,0.0,0.0,0.0,0.0,0.0
targeted,dead,0.1,collision_unchanged,0,32,0.0,0.0,0.0,0.0,0.0,0.0,0.0,0.0,0.0,0.0,0.0,32,0.0,0.0,0.0,0.0,0.0,0.0,0.0,0.0,0.0,0.0,0.0
targeted,dead,0.03,all,0,32,0.0,0.0,0.0,0.0,0.0,0.0,0.0,0.0,0.0,0.0,0.0,32,0.0,0.0,0.0,0.0,0.0,0.0,0.0,0.0,0.0,0.0,0.0
targeted,dead,0.03,preserving,0,32,0.0,0.0,0.0,0.0,0.0,0.0,0.0,0.0,0.0,0.0,0.0,32,0.0,0.0,0.0,0.0,0.0,0.0,0.0,0.0,0.0,0.0,0.0
targeted,dead,0.03,collision_unchanged,0,32,0.0,0.0,0.0,0.0,0.0,0.0,0.0,0.0,0.0,0.0,0.0,32,0.0,0.0,0.0,0.0,0.0,0.0,0.0,0.0,0.0,0.0,0.0
targeted,dead,0.01,all,0,32,0.0,0.0,0.0,0.0,0.0,0.0,0.0,0.0,0.0,0.0,0.0,32,0.0,0.0,0.0,0.0,0.0,0.0,0.0,0.0,0.0,0.0,0.0
targeted,dead,0.01,preserving,0,32,0.0,0.0,0.0,0.0,0.0,0.0,0.0,0.0,0.0,0.0,0.0,32,0.0,0.0,0.0,0.0,0.0,0.0,0.0,0.0,0.0,0.0,0.0
targeted,dead,0.01,collision_unchanged,0,32,0.0,0.0,0.0,0.0,0.0,0.0,0.0,0.0,0.0,0.0,0.0,32,0.0,0.0,0.0,0.0,0.0,0.0,0.0,0.0,0.0,0.0,0.0
targeted,dead,0.003,all,0,32,0.0,0.0,0.0,0.0,0.0,0.0,0.0,0.0,0.0,0.0,0.0,32,0.0,0.0,0.0,0.0,0.0,0.0,0.0,0.0,0.0,0.0,0.0
targeted,dead,0.003,preserving,0,32,0.0,0.0,0.0,0.0,0.0,0.0,0.0,0.0,0.0,0.0,0.0,32,0.0,0.0,0.0,0.0,0.0,0.0,0.0,0.0,0.0,0.0,0.0
targeted,dead,0.003,collision_unchanged,0,32,0.0,0.0,0.0,0.0,0.0,0.0,0.0,0.0,0.0,0.0,0.0,32,0.0,0.0,0.0,0.0,0.0,0.0,0.0,0.0,0.0,0.0,0.0
targeted,dead,0.001,all,0,32,0.0,0.0,0.0,0.0,0.0,0.0,0.0,0.0,0.0,0.0,0.0,32,0.0,0.0,0.0,0.0,0.0,0.0,0.0,0.0,0.0,0.0,0.0
targeted,dead,0.001,preserving,0,32,0.0,0.0,0.0,0.0,0.0,0.0,0.0,0.0,0.0,0.0,0.0,32,0.0,0.0,0.0,0.0,0.0,0.0,0.0,0.0,0.0,0.0,0.0
targeted,dead,0.001,collision_unchanged,0,32,0.0,0.0,0.0,0.0,0.0,0.0,0.0,0.0,0.0,0.0,0.0,32,0.0,0.0,0.0,0.0,0.0,0.0,0.0,0.0,0.0,0.0,0.0
targeted,alive_waiting,0.1,all,0,32,0.9999999999999787,1.000000000000019,1.0000000000000346,1.0000000000000424,1.0000000000000433,1.0000000000000433,0.0,0.0,0.0,0.0,0.0,32,0.9999990463256836,1.0000018248660238,1.0000023277643835,1.0000027279410435,1.0000028165626529,1.0000028264094984,0.0,0.0,0.0,0.0,0.0
targeted,alive_waiting,0.1,preserving,0,32,0.9999999999999787,1.000000000000019,1.0000000000000346,1.0000000000000424,1.0000000000000433,1.0000000000000433,0.0,0.0,0.0,0.0,0.0,32,0.9999990463256836,1.0000018248660238,1.0000023277643835,1.0000027279410435,1.0000028165626529,1.0000028264094984,0.0,0.0,0.0,0.0,0.0
targeted,alive_waiting,0.1,collision_unchanged,0,32,0.9999999999999787,1.000000000000019,1.0000000000000346,1.0000000000000424,1.0000000000000433,1.0000000000000433,0.0,0.0,0.0,0.0,0.0,32,0.9999990463256836,1.0000018248660238,1.0000023277643835,1.0000027279410435,1.0000028165626529,1.0000028264094984,0.0,0.0,0.0,0.0,0.0
targeted,alive_waiting,0.03,all,0,32,1.000000000000038,1.000000000000079,1.0000000000001097,1.0000000000001474,1.000000000000159,1.0000000000001603,0.0,0.0,0.0,0.0,0.0,32,1.0000069936116538,1.0000069936116538,1.0000071523741842,1.000007727390335,1.0000078814359628,1.0000078985521437,0.0,0.0,0.0,0.0,0.0
targeted,alive_waiting,0.03,preserving,0,32,1.000000000000038,1.000000000000079,1.0000000000001097,1.0000000000001474,1.000000000000159,1.0000000000001603,0.0,0.0,0.0,0.0,0.0,32,1.0000069936116538,1.0000069936116538,1.0000071523741842,1.000007727390335,1.0000078814359628,1.0000078985521437,0.0,0.0,0.0,0.0,0.0
targeted,alive_waiting,0.03,collision_unchanged,0,32,1.000000000000038,1.000000000000079,1.0000000000001097,1.0000000000001474,1.000000000000159,1.0000000000001603,0.0,0.0,0.0,0.0,0.0,32,1.0000069936116538,1.0000069936116538,1.0000071523741842,1.000007727390335,1.0000078814359628,1.0000078985521437,0.0,0.0,0.0,0.0,0.0
targeted,alive_waiting,0.01,all,0,32,1.0000000000003124,1.0000000000003342,1.0000000000003342,1.0000000000003342,1.0000000000003342,1.0000000000003342,0.0,0.0,0.0,0.0,0.0,32,1.0000228881835935,1.000022888183594,1.000022888183594,1.0000229830985556,1.0000230214772141,1.0000230257415095,0.0,0.0,0.0,0.0,0.0
targeted,alive_waiting,0.01,preserving,0,32,1.0000000000003124,1.0000000000003342,1.0000000000003342,1.0000000000003342,1.0000000000003342,1.0000000000003342,0.0,0.0,0.0,0.0,0.0,32,1.0000228881835935,1.000022888183594,1.000022888183594,1.0000229830985556,1.0000230214772141,1.0000230257415095,0.0,0.0,0.0,0.0,0.0
targeted,alive_waiting,0.01,collision_unchanged,0,32,1.0000000000003124,1.0000000000003342,1.0000000000003342,1.0000000000003342,1.0000000000003342,1.0000000000003342,0.0,0.0,0.0,0.0,0.0,32,1.0000228881835935,1.000022888183594,1.000022888183594,1.0000229830985556,1.0000230214772141,1.0000230257415095,0.0,0.0,0.0,0.0,0.0
targeted,alive_waiting,0.003,all,0,32,1.0000000000006297,1.0000000000007798,1.0000000000012443,1.0000000000014608,1.0000000000014968,1.0000000000015008,0.0,0.0,0.0,0.0,0.0,32,0.9999275207519533,1.0000527530779362,1.000065110121375,1.0000686577982512,1.000069373180753,1.0000694526676976,0.0,0.0,0.0,0.0,0.0
targeted,alive_waiting,0.003,preserving,0,32,1.0000000000006297,1.0000000000007798,1.0000000000012443,1.0000000000014608,1.0000000000014968,1.0000000000015008,0.0,0.0,0.0,0.0,0.0,32,0.9999275207519533,1.0000527530779362,1.000065110121375,1.0000686577982512,1.000069373180753,1.0000694526676976,0.0,0.0,0.0,0.0,0.0
targeted,alive_waiting,0.003,collision_unchanged,0,32,1.0000000000006297,1.0000000000007798,1.0000000000012443,1.0000000000014608,1.0000000000014968,1.0000000000015008,0.0,0.0,0.0,0.0,0.0,32,0.9999275207519533,1.0000527530779362,1.000065110121375,1.0000686577982512,1.000069373180753,1.0000694526676976,0.0,0.0,0.0,0.0,0.0
targeted,alive_waiting,0.001,all,0,32,0.9999999999976694,1.0000000000024585,1.0000000000031992,1.0000000000033977,1.0000000000034188,1.0000000000034213,0.0,0.0,0.0,0.0,0.0,32,0.9999275207519531,1.000155998918496,1.0001628191402285,1.0002301245675234,1.0002572382553432,1.000260250887323,0.0,0.0,0.0,0.0,0.0
targeted,alive_waiting,0.001,preserving,0,32,0.9999999999976694,1.0000000000024585,1.0000000000031992,1.0000000000033977,1.0000000000034188,1.0000000000034213,0.0,0.0,0.0,0.0,0.0,32,0.9999275207519531,1.000155998918496,1.0001628191402285,1.0002301245675234,1.0002572382553432,1.000260250887323,0.0,0.0,0.0,0.0,0.0
targeted,alive_waiting,0.001,collision_unchanged,0,32,0.9999999999976694,1.0000000000024585,1.0000000000031992,1.0000000000033977,1.0000000000034188,1.0000000000034213,0.0,0.0,0.0,0.0,0.0,32,0.9999275207519531,1.000155998918496,1.0001628191402285,1.0002301245675234,1.0002572382553432,1.000260250887323,0.0,0.0,0.0,0.0,0.0
targeted,action_clipping,0.1,all,0,32,0.9999999999999933,1.9609666336529772,2.190896373382443,2.239567077166489,2.2396194366749747,2.2396252543981396,0.25,0.25,0.25,0.09375,0.0,32,0.9999990463256827,1.9609642689335274,2.1908937837456968,2.239563171760805,2.2396158594047426,2.2396217135874026,0.25,0.25,0.25,0.09375,0.0
targeted,action_clipping,0.1,preserving,0,32,0.9999999999999933,1.9609666336529772,2.190896373382443,2.239567077166489,2.2396194366749747,2.2396252543981396,0.25,0.25,0.25,0.09375,0.0,32,0.9999990463256827,1.9609642689335274,2.1908937837456968,2.239563171760805,2.2396158594047426,2.2396217135874026,0.25,0.25,0.25,0.09375,0.0
targeted,action_clipping,0.1,collision_changed,0,8,1.9606615444292217,2.2394938864557017,2.2395595704269207,2.2396121176038957,2.2396239407187153,2.2396252543981396,1.0,1.0,1.0,0.375,0.0,8,1.9606601598038402,2.239489522366053,2.2395556179767278,2.2396084944652674,2.239620391675189,2.2396217135874026,1.0,1.0,1.0,0.375,0.0
targeted,action_clipping,0.1,collision_unchanged,0,24,0.8737749548117248,1.0000000000000153,1.0000000000000202,1.000000000000022,1.0000000000000222,1.0000000000000222,0.0,0.0,0.0,0.0,0.0,24,0.8737747198815676,1.0000000606445718,1.000000323242354,1.0000011857233568,1.000001406032662,1.0000014305114737,0.0,0.0,0.0,0.0,0.0
targeted,action_clipping,0.03,all,0,32,0.9999999999999704,16.329939271827165,18.813424983567238,22.481994545198972,23.193692987948396,23.27277059269832,0.21875,0.21875,0.21875,0.21875,0.21875,32,0.9999989935201825,16.329924714144592,18.81339869660229,22.481959596654534,23.193651531731742,23.272728413406973,0.21875,0.21875,0.21875,0.21875,0.21875
targeted,action_clipping,0.03,preserving,0,32,0.9999999999999704,16.329939271827165,18.813424983567238,22.481994545198972,23.193692987948396,23.27277059269832,0.21875,0.21875,0.21875,0.21875,0.21875,32,0.9999989935201825,16.329924714144592,18.81339869660229,22.481959596654534,23.193651531731742,23.272728413406973,0.21875,0.21875,0.21875,0.21875,0.21875
targeted,action_clipping,0.03,collision_changed,0,7,17.212353434458407,21.74223630721571,22.50750344995701,23.119717164150057,23.257465249843495,23.27277059269832,1.0,1.0,1.0,1.0,1.0,7,17.21233877265666,21.742208122918374,22.507468268162672,23.11967638435811,23.25742321050209,23.272728413406973,1.0,1.0,1.0,1.0,1.0
targeted,action_clipping,0.03,collision_unchanged,0,25,0.8343784941949125,1.0000000000000633,1.0000000000000941,1.0000000000003126,1.0000000000003728,1.0000000000003795,0.0,0.0,0.0,0.0,0.0,25,0.8343759584954561,1.0000053497865322,1.0000094600189473,1.000014959997274,1.000016426820938,1.0000165898013451,0.0,0.0,0.0,0.0,0.0
targeted,action_clipping,0.01,all,8,24,0.683837358821769,25.019504300470985,69.81649579364222,78.63100278755017,79.36377115240771,79.44518985961409,0.125,0.125,0.125,0.125,0.125,24,0.6838542626305251,25.019490399712893,69.81648685398297,78.63097737251913,79.36374069216127,79.44515883878816,0.125,0.125,0.125,0.125,0.125
targeted,action_clipping,0.01,preserving,8,24,0.683837358821769,25.019504300470985,69.81649579364222,78.63100278755017,79.36377115240771,79.44518985961409,0.125,0.125,0.125,0.125,0.125,24,0.6838542626305251,25.019490399712893,69.81648685398297,78.63097737251913,79.36374069216127,79.44515883878816,0.125,0.125,0.125,0.125,0.125
targeted,action_clipping,0.01,collision_changed,0,3,75.90524606803187,78.73720110129764,79.09119548045587,79.37439098378245,79.43810997203093,79.44518985961409,1.0,1.0,1.0,1.0,1.0,3,75.90523942022716,78.73717495507596,79.09116689693207,79.37436045041694,79.43807899995105,79.44515883878816,1.0,1.0,1.0,1.0,1.0
targeted,action_clipping,0.01,collision_unchanged,8,21,0.5000000000020275,1.0000000000000666,1.0000000000000948,1.0000000000001337,1.0000000000001426,1.0000000000001434,0.0,0.0,0.0,0.0,0.0,21,0.5000289952633614,0.9999990463256827,1.0000028193418093,1.0000044252721663,1.0000047866064965,1.0000048267547554,0.0,0.0,0.0,0.0,0.0
targeted,action_clipping,0.003,all,9,23,0.6457671194830675,1.0000000000003013,1.0000000000006204,1.0000000000006621,1.0000000000006657,1.0000000000006661,0.0,0.0,0.0,0.0,0.0,23,0.645728404604365,1.0000089762843412,1.000013028474379,1.0000279839935278,1.0000316800823872,1.000032090758927,0.0,0.0,0.0,0.0,0.0
targeted,action_clipping,0.003,preserving,9,23,0.6457671194830675,1.0000000000003013,1.0000000000006204,1.0000000000006621,1.0000000000006657,1.0000000000006661,0.0,0.0,0.0,0.0,0.0,23,0.645728404604365,1.0000089762843412,1.000013028474379,1.0000279839935278,1.0000316800823872,1.000032090758927,0.0,0.0,0.0,0.0,0.0
targeted,action_clipping,0.003,collision_unchanged,9,23,0.6457671194830675,1.0000000000003013,1.0000000000006204,1.0000000000006621,1.0000000000006657,1.0000000000006661,0.0,0.0,0.0,0.0,0.0,23,0.645728404604365,1.0000089762843412,1.000013028474379,1.0000279839935278,1.0000316800823872,1.000032090758927,0.0,0.0,0.0,0.0,0.0
targeted,action_clipping,0.001,all,9,23,0.64576711948352,1.000000000002466,1.0000000000030391,1.0000000000040346,1.0000000000042728,1.0000000000042992,0.0,0.0,0.0,0.0,0.0,23,0.6455618354053234,1.0000538652880755,1.0001442300813186,1.0011399426688194,1.0013908809834235,1.0014187630183795,0.0,0.0,0.0,0.0,0.0
targeted,action_clipping,0.001,preserving,9,23,0.64576711948352,1.000000000002466,1.0000000000030391,1.0000000000040346,1.0000000000042728,1.0000000000042992,0.0,0.0,0.0,0.0,0.0,23,0.6455618354053234,1.0000538652880755,1.0001442300813186,1.0011399426688194,1.0013908809834235,1.0014187630183795,0.0,0.0,0.0,0.0,0.0
targeted,action_clipping,0.001,collision_unchanged,9,23,0.64576711948352,1.000000000002466,1.0000000000030391,1.0000000000040346,1.0000000000042728,1.0000000000042992,0.0,0.0,0.0,0.0,0.0,23,0.6455618354053234,1.0000538652880755,1.0001442300813186,1.0011399426688194,1.0013908809834235,1.0014187630183795,0.0,0.0,0.0,0.0,0.0
