root,x,y,action,ax,ay,q_s0,q_s2,native_reach,native_strict_success,native_discounted_return,native_lower,native_shortcut,native_absorbed,ett_reach,ett_strict_success,ett_discounted_return,ett_lower,ett_shortcut,ett_absorbed,replay_transitions,replay_first_queries
0,1.496,3.328,down,0.000,-1.000,-6.329,-5.945,0.969,0.953,10.015,1.000,0.000,0.016,0.781,0.766,7.003,1.000,0.000,0.156,1299,1218
0,1.496,3.328,right,1.000,0.000,-6.156,-6.150,0.359,0.359,4.341,0.047,0.953,0.641,0.203,0.203,2.624,0.016,0.875,0.797,2851,1218
0,1.496,3.328,actor_s0,0.995,-0.992,-6.363,-6.663,0.969,0.938,9.953,1.000,0.000,0.031,0.250,0.250,2.418,0.219,0.656,0.750,25,0
0,1.496,3.328,actor_s2,1.000,-0.748,-6.163,-6.404,0.938,0.938,10.243,1.000,0.000,0.062,0.250,0.250,2.394,0.188,0.672,0.719,73,0
0,1.496,3.328,argmax_s0,0.300,-0.300,-6.002,-5.780,0.703,0.703,6.696,0.875,0.125,0.281,0.344,0.344,2.946,0.500,0.266,0.641,57,0
0,1.496,3.328,argmax_s2,0.467,-0.300,-6.014,-5.619,0.453,0.453,4.338,0.438,0.562,0.547,0.328,0.328,2.942,0.344,0.484,0.641,92,0
1,1.497,3.338,down,0.000,-1.000,-6.324,-5.945,0.938,0.938,9.919,1.000,0.000,0.047,0.844,0.828,7.508,1.000,0.000,0.094,1321,1239
1,1.497,3.338,right,1.000,0.000,-6.146,-6.151,0.344,0.344,4.162,0.047,0.953,0.656,0.312,0.312,3.898,0.016,0.875,0.688,2909,1239
1,1.497,3.338,actor_s0,0.996,-0.992,-6.358,-6.660,0.938,0.938,9.875,1.000,0.000,0.047,0.328,0.312,3.234,0.188,0.625,0.656,26,0
1,1.497,3.338,actor_s2,1.000,-0.746,-6.153,-6.401,0.922,0.922,10.187,1.000,0.000,0.078,0.172,0.172,1.932,0.141,0.688,0.797,76,0
1,1.497,3.338,argmax_s0,0.300,-0.300,-5.992,-5.780,0.688,0.688,6.463,0.875,0.125,0.297,0.422,0.406,3.249,0.438,0.453,0.578,56,0
1,1.497,3.338,argmax_s2,0.467,-0.300,-6.005,-5.617,0.438,0.438,4.325,0.391,0.609,0.562,0.312,0.312,3.105,0.312,0.484,0.688,92,0
2,1.445,3.219,down,0.000,-1.000,-6.426,-6.003,0.969,0.953,9.996,1.000,0.000,0.016,0.812,0.812,6.501,1.000,0.000,0.094,966,873
2,1.445,3.219,right,1.000,0.000,-6.251,-6.099,0.375,0.359,4.145,0.062,0.938,0.641,0.172,0.172,2.090,0.047,0.797,0.828,1902,873
2,1.445,3.219,actor_s0,0.994,-0.994,-6.446,-6.639,0.969,0.953,9.986,1.000,0.000,0.016,0.219,0.219,2.127,0.266,0.531,0.781,18,0
2,1.445,3.219,actor_s2,1.000,-0.745,-6.275,-6.393,0.953,0.938,10.169,1.000,0.000,0.031,0.266,0.266,2.287,0.266,0.578,0.734,57,0
2,1.445,3.219,argmax_s0,0.733,0.100,-6.121,-5.941,0.328,0.312,3.525,0.062,0.938,0.688,0.234,0.219,2.600,0.062,0.906,0.781,511,0
2,1.445,3.219,argmax_s2,0.467,-0.300,-6.136,-5.647,0.719,0.703,6.306,1.000,0.000,0.281,0.266,0.250,1.933,1.000,0.000,0.688,75,0
3,1.500,3.558,down,0.000,-1.000,-6.256,-6.015,0.953,0.953,9.902,1.000,0.000,0.031,0.891,0.891,7.802,1.000,0.000,0.094,1488,1395
3,1.500,3.558,right,1.000,0.000,-6.126,-6.194,0.312,0.312,3.707,0.047,0.953,0.688,0.359,0.328,4.208,0.031,0.891,0.672,3359,1395
3,1.500,3.558,actor_s0,0.998,-0.980,-6.293,-6.613,0.375,0.375,4.274,0.094,0.906,0.625,0.219,0.219,2.417,0.047,0.781,0.750,38,0
3,1.500,3.558,actor_s2,1.000,-0.718,-6.024,-6.327,0.375,0.375,4.254,0.109,0.891,0.625,0.250,0.234,2.192,0.078,0.625,0.766,121,0
3,1.500,3.558,argmax_s0,0.333,-0.467,-5.905,-5.656,0.781,0.766,7.184,0.844,0.156,0.234,0.297,0.281,2.092,0.391,0.391,0.688,65,0
3,1.500,3.558,argmax_s2,0.500,-0.300,-5.928,-5.573,0.234,0.234,2.404,0.141,0.859,0.766,0.250,0.250,2.830,0.141,0.656,0.750,116,0
4,1.500,3.385,down,0.000,-1.000,-6.304,-5.949,0.953,0.953,10.030,1.000,0.000,0.031,0.828,0.828,7.570,1.000,0.000,0.094,1376,1293
4,1.500,3.385,right,1.000,0.000,-6.105,-6.155,0.250,0.250,2.930,0.047,0.953,0.750,0.266,0.266,3.104,0.031,0.938,0.734,3127,1293
4,1.500,3.385,actor_s0,0.996,-0.990,-6.338,-6.652,0.953,0.953,9.935,1.000,0.000,0.047,0.359,0.359,3.758,0.156,0.625,0.641,25,0
4,1.500,3.385,actor_s2,1.000,-0.736,-6.109,-6.383,0.297,0.297,3.469,0.109,0.891,0.703,0.266,0.266,2.964,0.141,0.656,0.734,91,0
4,1.500,3.385,argmax_s0,0.333,-0.267,-5.951,-5.767,0.531,0.531,4.907,0.531,0.469,0.469,0.297,0.281,2.287,0.328,0.375,0.703,60,0
4,1.500,3.385,argmax_s2,0.500,-0.267,-5.963,-5.606,0.344,0.344,3.536,0.234,0.766,0.656,0.234,0.234,2.381,0.203,0.641,0.766,113,0
5,1.500,3.567,down,0.000,-1.000,-6.255,-6.018,0.953,0.953,9.958,1.000,0.000,0.047,0.797,0.781,7.852,1.000,0.000,0.156,1474,1380
5,1.500,3.567,right,1.000,0.000,-6.134,-6.198,0.328,0.312,3.770,0.047,0.953,0.688,0.297,0.281,3.516,0.031,0.875,0.719,3334,1380
5,1.500,3.567,actor_s0,0.998,-0.979,-6.291,-6.610,0.344,0.328,3.771,0.094,0.906,0.672,0.281,0.281,2.790,0.125,0.703,0.719,38,0
5,1.500,3.567,actor_s2,1.000,-0.717,-6.027,-6.325,0.328,0.312,3.660,0.109,0.891,0.688,0.219,0.219,2.160,0.078,0.656,0.781,124,0
5,1.500,3.567,argmax_s0,0.333,-0.467,-5.905,-5.658,0.688,0.672,6.618,0.766,0.234,0.328,0.359,0.344,3.013,0.406,0.438,0.578,65,0
5,1.500,3.567,argmax_s2,0.500,-0.300,-5.933,-5.572,0.250,0.250,2.539,0.172,0.828,0.750,0.156,0.141,1.293,0.125,0.734,0.859,116,0
6,1.491,3.284,down,0.000,-1.000,-6.351,-5.945,0.953,0.938,9.966,1.000,0.000,0.031,0.812,0.797,6.673,1.000,0.000,0.141,1233,1143
6,1.491,3.284,right,1.000,0.000,-6.187,-6.142,0.281,0.281,3.280,0.062,0.938,0.719,0.203,0.203,2.520,0.031,0.906,0.797,2584,1143
6,1.491,3.284,actor_s0,0.995,-0.994,-6.386,-6.668,0.953,0.938,9.982,1.000,0.000,0.047,0.172,0.172,1.647,0.156,0.609,0.828,21,0
6,1.491,3.284,actor_s2,1.000,-0.754,-6.203,-6.414,0.953,0.938,10.312,1.000,0.000,0.047,0.250,0.234,2.442,0.172,0.594,0.750,68,0
6,1.491,3.284,argmax_s0,0.700,0.100,-6.037,-5.977,0.266,0.266,2.977,0.062,0.938,0.734,0.219,0.188,2.363,0.016,0.891,0.812,517,0
6,1.491,3.284,argmax_s2,0.467,-0.300,-6.054,-5.633,0.672,0.672,5.995,0.969,0.031,0.312,0.297,0.297,2.673,0.812,0.156,0.688,88,0
7,1.500,3.810,down,0.000,-1.000,-6.432,-6.207,0.969,0.969,9.864,1.000,0.000,0.016,0.797,0.797,7.246,1.000,0.000,0.156,796,723
7,1.500,3.810,right,1.000,0.000,-6.512,-6.496,0.234,0.219,2.400,0.062,0.938,0.781,0.250,0.250,3.175,0.016,0.891,0.750,1691,723
7,1.500,3.810,actor_s0,0.999,-0.940,-6.388,-6.627,0.266,0.250,2.686,0.109,0.891,0.750,0.203,0.203,2.218,0.172,0.625,0.781,65,0
7,1.500,3.810,actor_s2,1.000,-0.692,-6.167,-6.366,0.266,0.250,2.697,0.094,0.906,0.750,0.281,0.281,3.522,0.078,0.797,0.703,153,0
7,1.500,3.810,argmax_s0,0.833,-0.467,-6.039,-6.007,0.250,0.234,2.578,0.062,0.938,0.766,0.344,0.344,4.169,0.031,0.922,0.656,435,0
7,1.500,3.810,argmax_s2,0.500,-0.367,-6.113,-5.764,0.266,0.266,2.841,0.125,0.875,0.734,0.312,0.297,3.758,0.094,0.750,0.703,112,0
8,1.481,3.507,down,0.000,-1.000,-6.282,-6.020,0.969,0.953,9.977,1.000,0.000,0.031,0.844,0.828,7.428,1.000,0.000,0.094,1515,1425
8,1.481,3.507,right,1.000,0.000,-6.103,-6.161,0.312,0.297,3.584,0.047,0.953,0.703,0.250,0.250,3.255,0.047,0.906,0.750,3411,1425
8,1.481,3.507,actor_s0,0.998,-0.983,-6.310,-6.618,0.312,0.297,3.385,0.109,0.891,0.703,0.250,0.250,2.656,0.109,0.656,0.750,30,0
8,1.481,3.507,actor_s2,1.000,-0.715,-6.021,-6.322,0.312,0.297,3.385,0.109,0.891,0.703,0.250,0.250,2.731,0.109,0.703,0.750,106,0
8,1.481,3.507,argmax_s0,0.333,-0.367,-5.913,-5.688,0.672,0.672,6.541,0.703,0.297,0.312,0.312,0.312,2.376,0.344,0.406,0.656,72,0
8,1.481,3.507,argmax_s2,0.500,-0.300,-5.931,-5.575,0.344,0.328,3.561,0.203,0.797,0.656,0.219,0.219,2.422,0.125,0.688,0.766,123,0
9,1.482,3.439,down,0.000,-1.000,-6.302,-5.983,0.922,0.906,9.765,1.000,0.000,0.062,0.859,0.859,7.809,1.000,0.000,0.109,1466,1380
9,1.482,3.439,right,1.000,0.000,-6.098,-6.149,0.297,0.297,3.508,0.047,0.953,0.703,0.234,0.234,3.052,0.062,0.844,0.766,3340,1380
9,1.482,3.439,actor_s0,0.997,-0.988,-6.328,-6.634,0.938,0.922,9.820,1.000,0.000,0.062,0.172,0.172,1.570,0.125,0.719,0.828,27,0
9,1.482,3.439,actor_s2,1.000,-0.718,-6.056,-6.338,0.344,0.344,4.219,0.109,0.891,0.656,0.188,0.172,1.673,0.125,0.719,0.812,111,0
9,1.482,3.439,argmax_s0,0.333,-0.267,-5.916,-5.771,0.422,0.422,4.197,0.391,0.609,0.578,0.312,0.312,2.846,0.266,0.547,0.672,66,0
9,1.482,3.439,argmax_s2,0.500,-0.267,-5.931,-5.589,0.375,0.359,3.969,0.234,0.766,0.625,0.203,0.203,2.186,0.172,0.641,0.766,124,0
10,1.480,3.638,down,0.000,-1.000,-6.292,-6.079,0.953,0.938,9.995,1.000,0.000,0.047,0.859,0.828,7.600,1.000,0.000,0.141,1397,1308
10,1.480,3.638,right,1.000,0.000,-6.227,-6.233,0.234,0.234,2.688,0.047,0.953,0.766,0.391,0.391,4.849,0.031,0.859,0.609,3121,1308
10,1.480,3.638,actor_s0,0.998,-0.970,-6.325,-6.581,0.250,0.250,2.729,0.094,0.906,0.750,0.234,0.234,2.363,0.109,0.656,0.750,47,0
10,1.480,3.638,actor_s2,1.000,-0.709,-6.062,-6.315,0.281,0.281,3.138,0.109,0.891,0.719,0.172,0.172,1.694,0.109,0.719,0.828,146,0
10,1.480,3.638,argmax_s0,0.433,-0.500,-5.924,-5.649,0.484,0.484,4.774,0.422,0.578,0.516,0.375,0.344,3.077,0.312,0.484,0.609,77,0
10,1.480,3.638,argmax_s2,0.500,-0.333,-5.973,-5.597,0.312,0.297,3.256,0.125,0.875,0.688,0.281,0.266,3.255,0.094,0.750,0.734,108,0
11,1.500,3.838,down,0.000,-1.000,-6.472,-6.237,0.938,0.938,9.754,1.000,0.000,0.062,0.797,0.781,6.824,1.000,0.000,0.203,666,600
11,1.500,3.838,right,1.000,0.000,-6.561,-6.540,0.203,0.203,2.387,0.062,0.938,0.797,0.266,0.266,3.296,0.047,0.859,0.734,1402,600
11,1.500,3.838,actor_s0,0.999,-0.933,-6.410,-6.638,0.219,0.219,2.480,0.141,0.859,0.781,0.203,0.203,2.170,0.109,0.562,0.797,60,0
11,1.500,3.838,actor_s2,1.000,-0.688,-6.196,-6.379,0.219,0.219,2.627,0.094,0.906,0.781,0.281,0.266,3.276,0.047,0.844,0.734,148,0
11,1.500,3.838,argmax_s0,0.833,-0.467,-6.079,-6.038,0.234,0.234,2.685,0.062,0.938,0.766,0.406,0.375,4.699,0.031,0.922,0.625,406,0
11,1.500,3.838,argmax_s2,0.500,-0.400,-6.135,-5.792,0.312,0.312,3.451,0.125,0.875,0.688,0.266,0.266,3.206,0.109,0.766,0.734,105,0
12,1.500,3.707,down,0.000,-1.000,-6.318,-6.103,0.953,0.953,9.927,1.000,0.000,0.047,0.844,0.828,7.731,1.000,0.000,0.125,1316,1233
12,1.500,3.707,right,1.000,0.000,-6.327,-6.333,0.297,0.297,3.475,0.047,0.953,0.703,0.281,0.266,3.439,0.016,0.906,0.734,2762,1233
12,1.500,3.707,actor_s0,0.999,-0.961,-6.344,-6.592,0.297,0.297,3.537,0.109,0.891,0.703,0.266,0.250,2.554,0.141,0.641,0.750,56,0
12,1.500,3.707,actor_s2,1.000,-0.704,-6.086,-6.336,0.297,0.297,3.548,0.109,0.891,0.703,0.312,0.312,3.967,0.094,0.781,0.688,155,0
12,1.500,3.707,argmax_s0,0.633,-0.500,-5.927,-5.780,0.281,0.281,2.994,0.141,0.859,0.719,0.250,0.250,2.661,0.172,0.750,0.750,143,0
12,1.500,3.707,argmax_s2,0.500,-0.367,-5.995,-5.654,0.281,0.281,3.025,0.109,0.891,0.703,0.266,0.266,3.123,0.125,0.797,0.703,114,0
13,1.500,3.847,down,0.000,-1.000,-6.485,-6.246,0.938,0.938,9.768,1.000,0.000,0.062,0.797,0.781,7.221,1.000,0.000,0.141,626,564
13,1.500,3.847,right,1.000,0.000,-6.577,-6.555,0.328,0.328,3.749,0.062,0.938,0.672,0.297,0.281,3.327,0.047,0.891,0.719,1316,564
13,1.500,3.847,actor_s0,0.999,-0.931,-6.418,-6.641,0.312,0.312,3.622,0.125,0.875,0.688,0.188,0.172,1.685,0.109,0.578,0.828,60,0
13,1.500,3.847,actor_s2,1.000,-0.687,-6.205,-6.383,0.312,0.312,3.754,0.094,0.906,0.688,0.281,0.281,3.496,0.047,0.797,0.719,148,0
13,1.500,3.847,argmax_s0,0.833,-0.467,-6.093,-6.049,0.375,0.375,4.350,0.062,0.938,0.625,0.281,0.281,3.376,0.047,0.891,0.703,402,0
13,1.500,3.847,argmax_s2,0.500,-0.400,-6.150,-5.802,0.359,0.359,4.061,0.125,0.875,0.641,0.250,0.250,2.768,0.109,0.781,0.734,105,0
14,1.465,3.052,down,0.000,-1.000,-6.477,-5.948,0.938,0.922,9.806,1.000,0.000,0.047,0.812,0.797,6.310,1.000,0.000,0.156,483,258
14,1.465,3.052,right,1.000,0.000,-6.368,-6.192,0.312,0.312,3.569,0.109,0.891,0.688,0.188,0.188,1.966,0.141,0.703,0.812,525,258
14,1.465,3.052,actor_s0,0.988,-0.997,-6.542,-6.609,0.922,0.906,9.839,1.000,0.000,0.047,0.344,0.344,2.884,0.391,0.438,0.641,22,0
14,1.465,3.052,actor_s2,1.000,-0.787,-6.433,-6.452,0.922,0.906,9.969,1.000,0.000,0.047,0.250,0.234,2.012,0.391,0.453,0.703,51,0
14,1.465,3.052,argmax_s0,0.700,-0.133,-6.261,-5.890,0.531,0.531,4.967,1.000,0.000,0.469,0.297,0.281,2.229,0.453,0.391,0.688,96,0
14,1.465,3.052,argmax_s2,0.433,-0.333,-6.283,-5.727,0.828,0.828,8.786,1.000,0.000,0.141,0.672,0.609,5.533,0.984,0.016,0.266,64,0
15,1.497,3.529,down,0.000,-1.000,-6.264,-6.008,0.938,0.938,9.945,1.000,0.000,0.062,0.828,0.812,7.763,1.000,0.000,0.125,1492,1401
15,1.497,3.529,right,1.000,0.000,-6.102,-6.182,0.406,0.406,4.924,0.047,0.953,0.594,0.297,0.297,3.635,0.031,0.844,0.703,3393,1401
15,1.497,3.529,actor_s0,0.998,-0.982,-6.299,-6.620,0.406,0.406,4.762,0.109,0.891,0.594,0.125,0.125,0.991,0.094,0.672,0.859,34,0
15,1.497,3.529,actor_s2,1.000,-0.720,-6.015,-6.332,0.406,0.391,4.579,0.109,0.891,0.609,0.328,0.328,3.511,0.094,0.781,0.656,117,0
15,1.497,3.529,argmax_s0,0.333,-0.400,-5.906,-5.677,0.656,0.656,6.403,0.641,0.359,0.328,0.359,0.344,3.178,0.375,0.406,0.625,77,0
15,1.497,3.529,argmax_s2,0.500,-0.300,-5.924,-5.576,0.391,0.375,3.863,0.172,0.828,0.625,0.219,0.219,2.286,0.156,0.719,0.766,128,0
